-- phpMyAdmin SQL Dump
-- version 4.8.2
-- https://www.phpmyadmin.net/
--
-- Servidor: localhost:3307
-- Tiempo de generación: 28-03-2019 a las 04:50:17
-- Versión del servidor: 5.7.23
-- Versión de PHP: 7.1.21

SET SQL_MODE = "NO_AUTO_VALUE_ON_ZERO";
SET AUTOCOMMIT = 0;
START TRANSACTION;
SET time_zone = "+00:00";


/*!40101 SET @OLD_CHARACTER_SET_CLIENT=@@CHARACTER_SET_CLIENT */;
/*!40101 SET @OLD_CHARACTER_SET_RESULTS=@@CHARACTER_SET_RESULTS */;
/*!40101 SET @OLD_COLLATION_CONNECTION=@@COLLATION_CONNECTION */;
/*!40101 SET NAMES utf8mb4 */;

--
-- Base de datos: `ntrk_asegarce`
--

-- --------------------------------------------------------

--
-- Estructura de tabla para la tabla `campeonatos`
--

CREATE TABLE `campeonatos` (
  `id` int(10) UNSIGNED NOT NULL,
  `created_at` timestamp NULL DEFAULT NULL,
  `updated_at` timestamp NULL DEFAULT NULL,
  `name` tinytext COLLATE utf8_unicode_ci,
  `desc` tinytext COLLATE utf8_unicode_ci,
  `tipo_partido_id` int(11) NOT NULL
) ENGINE=InnoDB DEFAULT CHARSET=utf8 COLLATE=utf8_unicode_ci;

--
-- Volcado de datos para la tabla `campeonatos`
--

INSERT INTO `campeonatos` (`id`, `created_at`, `updated_at`, `name`, `desc`, `tipo_partido_id`) VALUES
(1, '2018-07-02 05:02:56', '2019-01-02 08:11:21', 'Campeonato 4 1/2 de 1ª', 'Campeonato 4 1/2 de 1ª', 3),
(2, '2018-07-02 05:03:34', '2019-01-02 08:10:26', 'Campeonato Manomanista de 1ª', 'Campeonato Manomanista de 1ª', 2),
(3, '2018-07-02 05:04:06', '2019-01-02 08:09:56', 'Campeonato Oficial de Parejas 1ª', 'Campeonato Oficial de Parejas 1ª', 1),
(4, '2018-07-02 05:04:27', '2018-07-11 10:37:46', 'Torneo Parejas LEP', 'Torneo Parejas LEP', 1),
(5, '2019-01-02 08:45:11', '2019-01-11 11:45:22', 'PROMO. Parejas', 'Parejas PROMOCION', 1),
(6, '2019-01-02 08:45:38', '2019-01-11 11:45:43', 'PROMO. 4 1/2', '4 1/2 PROMOCION', 3),
(7, '2019-01-02 08:45:58', '2019-01-11 11:45:05', 'PROMO. Manomanista', 'Manomanista PROMOCION', 2),
(8, '2019-01-02 08:47:10', '2019-01-02 08:47:10', '4 1/2  San Fermin', '4 1/2 San Fermin', 3),
(13, '2019-03-05 09:49:20', '2019-03-05 09:49:20', 'Festival Carnaval', 'Festival Carnaval', 4);

-- --------------------------------------------------------

--
-- Estructura de tabla para la tabla `categories`
--

CREATE TABLE `categories` (
  `id` int(10) UNSIGNED NOT NULL,
  `parent_id` int(10) UNSIGNED DEFAULT NULL,
  `order` int(11) NOT NULL DEFAULT '1',
  `name` varchar(255) COLLATE utf8mb4_unicode_ci NOT NULL,
  `slug` varchar(255) COLLATE utf8mb4_unicode_ci NOT NULL,
  `created_at` timestamp NULL DEFAULT NULL,
  `updated_at` timestamp NULL DEFAULT NULL
) ENGINE=InnoDB DEFAULT CHARSET=utf8mb4 COLLATE=utf8mb4_unicode_ci;

--
-- Volcado de datos para la tabla `categories`
--

INSERT INTO `categories` (`id`, `parent_id`, `order`, `name`, `slug`, `created_at`, `updated_at`) VALUES
(1, NULL, 1, 'Category 1', 'category-1', '2018-06-13 07:45:38', '2018-06-13 07:45:38'),
(2, NULL, 1, 'Category 2', 'category-2', '2018-06-13 07:45:38', '2018-06-13 07:45:38');

-- --------------------------------------------------------

--
-- Estructura de tabla para la tabla `clientes`
--

CREATE TABLE `clientes` (
  `id` int(10) UNSIGNED NOT NULL,
  `created_at` timestamp NULL DEFAULT NULL,
  `updated_at` timestamp NULL DEFAULT NULL,
  `deleted_at` timestamp NULL DEFAULT NULL,
  `name` tinytext COLLATE utf8_unicode_ci,
  `desc` mediumtext COLLATE utf8_unicode_ci
) ENGINE=InnoDB DEFAULT CHARSET=utf8 COLLATE=utf8_unicode_ci;

--
-- Volcado de datos para la tabla `clientes`
--

INSERT INTO `clientes` (`id`, `created_at`, `updated_at`, `deleted_at`, `name`, `desc`) VALUES
(1, '2018-08-01 09:46:37', '2018-08-01 09:46:37', NULL, 'Ayuntamiento', 'Ayuntamiento de un municipio'),
(2, '2018-08-01 09:46:48', '2018-08-01 09:46:48', NULL, 'Diputación', 'Diputación'),
(3, '2018-08-01 09:47:05', '2018-08-01 09:47:05', NULL, 'Gobierno autonómico', 'Gobierno autonómico'),
(4, '2018-08-01 09:47:17', '2018-08-01 09:47:17', NULL, 'Junta Administrativa', 'Junta Administrativa'),
(5, '2018-08-01 09:47:25', '2018-08-01 09:47:25', NULL, 'Concejo', 'Concejo'),
(6, '2018-08-01 09:47:43', '2018-08-01 09:47:43', NULL, 'Entidad local', 'Entidad local de caracter inframunicipal'),
(7, '2018-08-01 09:47:54', '2018-08-01 09:47:54', NULL, 'Mancomunidad', 'Mancomunidad');

-- --------------------------------------------------------

--
-- Estructura de tabla para la tabla `contratos`
--

CREATE TABLE `contratos` (
  `id` int(10) UNSIGNED NOT NULL,
  `header_id` int(10) UNSIGNED DEFAULT NULL,
  `created_at` timestamp NULL DEFAULT NULL,
  `updated_at` timestamp NULL DEFAULT NULL,
  `deleted_at` timestamp NULL DEFAULT NULL,
  `pelotari_id` int(11) DEFAULT NULL,
  `fecha_ini` date DEFAULT NULL,
  `fecha_fin` date DEFAULT NULL,
  `dieta_mes` float DEFAULT NULL,
  `dieta_partido` float DEFAULT NULL,
  `prima_partido` float DEFAULT NULL,
  `prima_partido_no_gar` double(8,2) DEFAULT '0.00',
  `prima_estelar` float DEFAULT NULL,
  `prima_manomanista` float DEFAULT NULL,
  `prima_manomanista_promo` double(8,2) DEFAULT '0.00',
  `garantia` int(11) DEFAULT NULL,
  `formacion` tinyint(4) DEFAULT '0',
  `d_imagen` float DEFAULT NULL
) ENGINE=InnoDB DEFAULT CHARSET=utf8 COLLATE=utf8_unicode_ci;

--
-- Volcado de datos para la tabla `contratos`
--

INSERT INTO `contratos` (`id`, `header_id`, `created_at`, `updated_at`, `deleted_at`, `pelotari_id`, `fecha_ini`, `fecha_fin`, `dieta_mes`, `dieta_partido`, `prima_partido`, `prima_partido_no_gar`, `prima_estelar`, `prima_manomanista`, `prima_manomanista_promo`, `garantia`, `formacion`, `d_imagen`) VALUES
(32, 18, '2018-12-03 08:11:38', '2018-12-03 08:11:38', NULL, 56, '2017-07-01', '2018-06-30', 1370.42, 61, 1100, 0.00, 0, 0, 0.00, 50, 0, 4583.33),
(33, 18, '2018-12-03 08:12:24', '2018-12-03 08:12:24', NULL, 56, '2018-07-01', '2019-06-30', 1370.42, 61, 1100, 0.00, 0, 0, 0.00, 50, 0, 4583.33),
(34, 19, '2018-12-03 08:25:38', '2018-12-03 08:25:38', NULL, 68, '2012-10-01', '2012-12-31', 1895, 61, 1274.1, 1567.05, 0, 0, 0.00, 56, 0, 0),
(35, 19, '2018-12-03 08:26:52', '2018-12-03 08:26:52', NULL, 68, '2013-01-01', '2013-12-31', 1945, 61, 1320.6, 1613.55, 0, 0, 0.00, 56, 0, 0),
(36, 19, '2018-12-03 08:27:57', '2018-12-03 08:27:57', NULL, 68, '2014-01-01', '2014-12-31', 1995, 61, 1367.1, 1660.05, 0, 0, 0.00, 56, 0, 0),
(37, 19, '2018-12-03 08:30:09', '2018-12-03 08:30:09', NULL, 68, '2015-01-01', '2015-12-31', 2045, 61, 1520, 1835.00, 0, 0, 0.00, 60, 0, 0),
(38, 19, '2018-12-03 08:32:37', '2018-12-03 08:32:37', NULL, 68, '2016-01-01', '2016-12-31', 2095, 61, 1570, 1885.00, 0, 0, 0.00, 60, 0, 0),
(39, 19, '2018-12-03 08:34:51', '2018-12-03 08:34:51', NULL, 68, '2017-01-01', '2017-12-31', 1795, 61, 1590.09, 3770.00, 0, 0, 0.00, 55, 0, 0),
(40, 19, '2018-12-03 08:36:23', '2018-12-03 08:36:23', NULL, 68, '2018-01-01', '2018-12-31', 1495, 61, 1590.2, 3770.00, 0, 0, 0.00, 50, 0, 0),
(41, 23, '2018-12-03 09:02:49', '2018-12-03 09:02:49', NULL, 52, '2013-06-11', '2014-06-10', 976, 61, 389.84, 0.00, 0, 0, 0.00, 45, 0, 916.67),
(42, 23, '2018-12-03 09:04:14', '2018-12-03 09:04:14', NULL, 52, '2014-06-11', '2015-06-10', 976, 61, 389.84, 0.00, 540, 0, 0.00, 45, 0, 916.67),
(43, 23, '2018-12-03 09:05:25', '2018-12-03 09:05:25', NULL, 52, '2015-06-11', '2016-06-10', 976, 61, 389.84, 0.00, 0, 0, 0.00, 0, 0, 916.67),
(44, 23, '2018-12-03 09:06:10', '2018-12-03 09:06:32', '2018-12-03 09:06:32', 52, '2016-06-11', '2017-06-10', 800, 61, 230, 0.00, 0, 0, 0.00, 45, 0, 350),
(45, 24, '2018-12-03 09:07:29', '2018-12-03 09:07:29', NULL, 52, '2016-06-11', '2017-06-10', 800, 61, 230, 0.00, 0, 0, 0.00, 45, 0, 350),
(46, 24, '2018-12-03 09:09:19', '2018-12-03 09:09:19', NULL, 52, '2017-06-11', '2018-06-10', 800, 61, 230, 0.00, 540, 0, 0.00, 0, 0, 350),
(47, 25, '2018-12-03 09:10:35', '2018-12-03 09:10:35', NULL, 52, '2018-06-11', '2019-06-10', 800, 61, 230, 0.00, 0, 0, 0.00, 0, 0, 350),
(48, 27, '2018-12-03 09:38:46', '2018-12-03 09:39:18', '2018-12-03 09:39:18', 51, '2012-10-01', '2013-06-30', 610, 61, 372, 0.00, 0, 0, 0.00, 0, 0, 0),
(49, 28, '2018-12-03 09:39:36', '2018-12-03 09:40:07', NULL, 51, '2012-10-01', '2013-06-30', 610, 61, 372, NULL, NULL, NULL, NULL, 0, 0, NULL),
(50, 28, '2018-12-03 09:40:54', '2018-12-03 09:40:54', NULL, 51, '2013-07-01', '2014-06-30', 610, 61, 372, 0.00, 0, 0, 0.00, 0, 0, 0),
(51, 28, '2018-12-03 09:41:37', '2018-12-03 09:41:37', NULL, 51, '2014-07-01', '2015-06-30', 610, 61, 372, 0.00, 0, 0, 0.00, 0, 0, 0),
(52, 29, '2018-12-03 09:43:15', '2018-12-03 09:43:15', NULL, 51, '2015-04-01', '2015-12-31', 732, 61, 480.39, 0.00, 0, 0, 0.00, 40, 0, 1593.47),
(53, 29, '2018-12-03 09:44:22', '2018-12-03 09:44:22', NULL, 51, '2016-01-01', '2016-12-31', 732, 61, 480.39, 0.00, 540, 0, 0.00, 0, 0, 1593.47),
(54, 29, '2018-12-03 09:45:46', '2018-12-03 09:45:46', NULL, 51, '2017-01-01', '2017-12-31', 732, 61, 480.39, 0.00, 0, 0, 0.00, 0, 0, 1593.47),
(55, 30, '2018-12-03 09:46:29', '2018-12-03 09:46:29', NULL, 51, '2018-01-01', '2018-12-31', 732, 61, 1100, 0.00, 0, 0, 0.00, 50, 0, 3900),
(56, 30, '2018-12-03 09:48:35', '2018-12-03 09:48:35', NULL, 51, '2019-01-01', '2019-12-31', 732, 61, 1100, 0.00, 0, 0, 0.00, 50, 0, 3900),
(57, 30, '2018-12-03 09:50:13', '2018-12-03 09:50:13', NULL, 51, '2020-01-01', '2020-12-31', 732, 61, 1100, 0.00, 0, 0, 0.00, 0, 0, 3900),
(58, 30, '2018-12-03 09:50:45', '2018-12-03 09:50:45', NULL, 51, '2021-01-01', '2021-12-31', 732, 61, 1100, 0.00, 0, 0, 0.00, 0, 0, 3900),
(59, 30, '2018-12-03 09:51:19', '2018-12-03 09:51:19', NULL, 51, '2022-01-01', '2022-12-31', 732, 61, 1100, 0.00, 0, 0, 0.00, 0, 0, 3900),
(60, 34, '2018-12-03 10:12:36', '2018-12-03 10:12:36', NULL, 61, '2014-05-01', '2015-04-30', 488, 61, 271.45, 0.00, 0, 0, 0.00, 0, 0, 541.67),
(61, 34, '2018-12-03 10:15:11', '2018-12-03 10:15:11', NULL, 61, '2015-05-01', '2016-04-30', 488, 61, 271.45, 0.00, 0, 0, 0.00, 0, 0, 541.67),
(62, 35, '2018-12-03 10:16:05', '2018-12-03 10:16:05', NULL, 61, '2016-05-01', '2017-04-30', 488, 61, 271.45, 0.00, 0, 0, 0.00, 45, 0, 541.67),
(63, 37, '2018-12-03 10:18:36', '2018-12-03 10:18:36', NULL, 61, '2017-05-01', '2018-04-30', 488, 61, 271.45, 0.00, 540, 0, 0.00, 0, 0, 541.67),
(64, 36, '2018-12-03 10:19:57', '2018-12-03 10:19:57', NULL, 61, '2018-05-01', '2019-04-30', 488, 61, 271.45, 0.00, 0, 0, 0.00, 0, 0, 541.67),
(65, 38, '2018-12-03 10:36:27', '2018-12-03 10:36:27', NULL, 73, '2014-07-05', '2015-07-04', 976, 61, 450, 0.00, 0, 0, 0.00, 0, 0, 1232.75),
(66, 38, '2018-12-03 10:37:55', '2018-12-03 10:37:55', NULL, 73, '2015-07-05', '2016-07-04', 976, 61, 450, 0.00, 0, 0, 0.00, 0, 0, 1232.75),
(67, 38, '2018-12-03 10:39:07', '2018-12-03 10:39:07', NULL, 73, '2016-07-05', '2017-07-04', 976, 61, 450, 0.00, 0, 0, 0.00, 0, 0, 1232.75),
(68, 39, '2018-12-03 10:40:07', '2018-12-03 10:40:07', NULL, 73, '2016-09-01', '2017-08-31', 1100, 61, 2100, 0.00, 0, 0, 0.00, 50, 0, 1232),
(69, 39, '2018-12-03 10:40:41', '2018-12-03 10:40:41', NULL, 73, '2017-09-01', '2018-08-31', 1100, 61, 2100, 0.00, 0, 0, 0.00, 50, 0, 1232),
(70, 39, '2018-12-03 10:41:44', '2018-12-03 10:41:44', NULL, 73, '2018-09-01', '2019-08-31', 1100, 61, 2100, 0.00, 0, 0, 0.00, 50, 0, 1232),
(71, 39, '2018-12-03 10:42:44', '2018-12-03 10:42:44', NULL, 73, '2019-09-01', '2020-08-31', 1100, 61, 2100, 0.00, 0, 0, 0.00, 50, 0, 1232),
(72, 39, '2018-12-03 10:43:50', '2018-12-03 10:43:50', NULL, 73, '2020-09-01', '2021-08-31', 1100, 61, 2100, 0.00, 0, 0, 0.00, 50, 0, 1232),
(73, 39, '2018-12-03 10:44:37', '2018-12-03 10:44:37', NULL, 73, '2021-09-01', '2022-08-31', 1100, 61, 2100, 0.00, 0, 0, 0.00, 50, 0, 1232),
(74, 40, '2018-12-03 11:26:10', '2018-12-03 11:26:10', NULL, 74, '2013-06-15', '2014-06-14', 244, 61, 169.52, 0.00, 0, 0, 0.00, 0, 0, 0),
(75, 40, '2018-12-03 11:26:52', '2018-12-03 11:26:52', NULL, 74, '2014-06-15', '2015-06-14', 244, 61, 169.52, 0.00, 0, 0, 0.00, 0, 0, 83.33),
(76, 41, '2018-12-03 11:32:44', '2018-12-03 11:32:44', NULL, 74, '2015-06-15', '2016-06-14', 549, 61, 218.74, 0.00, 0, 0, 0.00, 45, 0, 343.75),
(77, 41, '2018-12-03 11:34:31', '2018-12-03 11:34:31', NULL, 74, '2016-06-15', '2017-06-14', 549, 61, 218.74, 0.00, 540, 0, 0.00, 0, 0, 0),
(78, 42, '2018-12-03 11:40:52', '2018-12-03 11:40:52', NULL, 74, '2017-06-15', '2018-06-14', 549, 61, 475, 0.00, 0, 0, 0.00, 45, 0, 850),
(79, 42, '2018-12-03 11:41:58', '2018-12-03 11:41:58', NULL, 74, '2018-06-15', '2019-06-14', 549, 61, 475, 0.00, 540, 0, 0.00, 0, 0, 850),
(80, 45, '2018-12-03 12:45:20', '2018-12-03 12:45:20', NULL, 42, '2014-07-15', '2015-07-14', 488, 61, 271.45, 0.00, 0, 0, 0.00, 0, 0, 541.67),
(81, 45, '2018-12-03 12:49:04', '2018-12-03 12:49:04', NULL, 42, '2015-07-15', '2016-07-14', 488, 61, 271.45, 0.00, 0, 0, 0.00, 0, 0, 541.67),
(82, 46, '2018-12-03 12:51:26', '2018-12-03 12:51:26', NULL, 42, '2016-07-15', '2017-07-14', 488, 61, 271.45, 0.00, 0, 0, 0.00, 45, 0, 541.67),
(83, 46, '2018-12-03 12:53:19', '2018-12-03 12:53:19', NULL, 42, '2017-07-15', '2018-07-14', 488, 61, 271.45, 0.00, 540, 0, 0.00, 0, 0, 541.67),
(84, 47, '2018-12-03 12:54:38', '2018-12-03 12:54:38', NULL, 42, '2018-07-15', '2019-07-14', 450, 61, 720, 0.00, 540, 0, 0.00, 0, 0, 800),
(85, 47, '2018-12-03 12:57:58', '2018-12-03 12:57:58', NULL, 42, '2019-07-15', '2020-07-14', 450, 61, 720, 0.00, 0, 0, 0.00, 45, 0, 800),
(86, 47, '2018-12-03 12:58:41', '2018-12-03 12:58:41', NULL, 42, '2020-07-15', '2021-07-14', 450, 61, 720, 0.00, 0, 0, 0.00, 0, 0, 800),
(87, 47, '2018-12-03 13:00:11', '2018-12-03 13:00:11', NULL, 42, '2021-07-15', '2022-07-14', 450, 61, 720, 0.00, 0, 0, 0.00, 0, 0, 800),
(88, 48, '2018-12-03 13:29:49', '2018-12-03 13:29:49', NULL, 44, '2015-06-13', '2016-06-12', 244, 61, 169.52, 0.00, 0, 0, 0.00, 0, 0, 283.33),
(89, 48, '2018-12-03 13:30:58', '2018-12-03 13:30:58', NULL, 44, '2016-06-13', '2017-06-12', 244, 61, 169.52, 0.00, 0, 0, 0.00, 0, 0, 283.33),
(90, 49, '2018-12-03 13:35:18', '2018-12-03 13:35:18', NULL, 44, '2016-09-01', '2017-08-31', 275, 61, 200, 0.00, 0, 0, 0.00, 45, 0, 500),
(91, 49, '2018-12-03 13:38:16', '2018-12-03 13:38:16', NULL, 44, '2017-09-01', '2018-08-31', 275, 61, 200, 0.00, 540, 0, 0.00, 0, 0, 500),
(92, 50, '2018-12-03 13:41:18', '2018-12-03 13:41:18', NULL, 44, '2018-09-01', '2019-08-31', 350, 61, 380, 0.00, 540, 0, 0.00, 0, 0, 500),
(93, 51, '2018-12-27 09:02:12', '2018-12-27 09:02:12', NULL, 46, '2018-06-17', '2019-06-16', 300, 61, 230, 230.00, 540, 405, 150.00, 50, 0, 500),
(94, 51, '2018-12-27 09:03:47', '2018-12-27 09:03:47', NULL, 46, '2019-06-17', '2020-06-16', 300, 61, 230, 230.00, 540, 405, 150.00, 50, 0, 500),
(95, 52, '2018-12-27 10:27:30', '2018-12-27 10:27:30', NULL, 53, '2017-07-01', '2018-06-30', 426.25, 61, 420, 420.00, 540, 405, 150.00, 45, 0, 775),
(96, 52, '2018-12-27 10:28:15', '2018-12-27 10:28:15', NULL, 53, '2018-07-01', '2019-06-30', 426.25, 61, 420, 420.00, 540, 150, 405.00, 45, 0, 775),
(97, 52, '2018-12-27 10:28:47', '2018-12-27 10:28:47', NULL, 53, '2019-07-01', '2020-06-30', 426.25, 61, 420, 420.00, 540, 405, 150.00, 45, 0, 775),
(98, 53, '2018-12-27 10:34:10', '2018-12-27 10:34:10', NULL, 54, '2017-06-23', '2018-06-22', 549, 61, 475, 475.00, 540, 405, 150.00, 45, 0, 850),
(99, 53, '2018-12-27 10:34:36', '2019-01-11 11:56:29', NULL, 54, '2018-06-23', '2019-06-22', 549, 61, 475, 475.00, 540, 405, 150.00, 45, 0, 850),
(100, 54, '2018-12-27 10:38:15', '2018-12-27 10:38:15', NULL, 55, '2017-01-02', '2017-12-31', 244, 61, 200, 200.00, 540, 405, 150.00, 45, 0, 475),
(101, 54, '2018-12-27 10:38:42', '2018-12-27 10:38:42', NULL, 55, '2018-01-01', '2018-12-31', 244, 61, 200, 200.00, 540, 405, 150.00, 45, 0, 475),
(102, 56, '2018-12-27 10:56:41', '2018-12-27 10:56:41', NULL, 71, '2017-07-01', '2018-06-30', 549, 61, 610, 610.00, 540, 405, 150.00, 40, 0, 1482),
(103, 56, '2018-12-27 10:57:05', '2018-12-27 10:57:05', NULL, 71, '2018-07-01', '2019-06-30', 549, 61, 610, 610.00, 540, 405, 150.00, 40, 0, 1482),
(104, 56, '2018-12-27 10:57:40', '2018-12-27 10:57:40', NULL, 71, '2019-07-01', '2020-06-30', 549, 61, 610, 610.00, 540, 405, 150.00, 40, 0, 1482),
(105, 57, '2018-12-27 11:02:13', '2018-12-27 11:02:13', NULL, 65, '2018-09-01', '2019-08-31', 450, 61, 770, 770.00, 540, 405, 150.00, 45, 0, 1000),
(106, 57, '2018-12-27 11:02:44', '2018-12-27 11:02:44', NULL, 65, '2019-09-01', '2020-08-31', 450, 61, 770, 770.00, 540, 405, 150.00, 45, 0, 1000),
(107, 57, '2018-12-27 11:03:47', '2018-12-27 11:03:47', NULL, 65, '2020-09-01', '2021-08-31', 450, 61, 770, 770.00, 540, 405, 150.00, 50, 0, 1000),
(108, 57, '2018-12-27 11:04:19', '2018-12-27 11:04:19', NULL, 65, '2021-09-01', '2022-08-31', 450, 61, 700, 700.00, 540, 405, 150.00, 50, 0, 1000),
(109, 58, '2018-12-27 11:08:16', '2018-12-27 11:08:16', NULL, 66, '2017-06-18', '2018-06-17', 549.9, 61, 385, 385.00, 540, 405, 150.00, 48, 0, 712.5),
(110, 58, '2018-12-27 11:13:17', '2018-12-27 11:13:17', NULL, 66, '2018-06-18', '2019-06-17', 549.9, 61, 385, 385.00, 540, 405, 150.00, 48, 0, 712.5),
(111, 58, '2018-12-27 11:14:00', '2018-12-27 11:14:00', NULL, 66, '2019-06-18', '2020-06-17', 549.9, 61, 385, 385.00, 540, 405, 150.00, 48, 0, 712.5),
(112, 59, '2018-12-27 11:18:13', '2018-12-27 11:18:13', NULL, 63, '2018-03-11', '2019-03-10', 275, 61, 275, 275.00, 540, 405, 150.00, 45, 0, 500),
(113, 59, '2018-12-27 11:18:42', '2018-12-27 11:18:42', NULL, 63, '2019-03-11', '2020-03-10', 275, 61, 275, 275.00, 540, 405, 150.00, 45, 0, 500),
(114, 60, '2018-12-27 11:24:18', '2018-12-27 11:24:18', NULL, 62, '2017-07-01', '2018-06-30', 600, 61, 355, 355.00, 540, 405, 150.00, 45, 0, 775),
(115, 60, '2018-12-27 11:25:29', '2018-12-27 11:25:29', NULL, 62, '2018-07-01', '2019-06-30', 600, 61, 355, 355.00, 540, 405, 150.00, 45, 0, 775),
(116, 60, '2018-12-27 11:25:59', '2018-12-27 11:25:59', NULL, 62, '2019-07-01', '2020-06-30', 540, 61, 355, 355.00, 540, 405, 150.00, 45, 0, 775),
(117, 61, '2018-12-27 11:34:22', '2018-12-27 11:34:22', NULL, 69, '2018-10-08', '2019-10-07', 350, 61, 375, 500.00, 540, 405, 150.00, 45, 0, 500),
(118, 61, '2018-12-27 11:36:17', '2018-12-27 11:36:17', NULL, 69, '2019-10-08', '2020-10-07', 350, 61, 375, 500.00, 540, 450, 150.00, 45, 0, 500),
(119, 61, '2018-12-27 11:37:00', '2018-12-27 11:37:00', NULL, 69, '2020-10-08', '2021-10-07', 350, 61, 375, 500.00, 540, 405, 150.00, 45, 0, 500),
(120, 62, '2018-12-27 11:43:06', '2018-12-27 11:43:06', NULL, 70, '2016-09-21', '2017-09-20', 244, 61, 200, 200.00, 540, 405, 150.00, 45, 0, 475),
(121, 62, '2018-12-27 11:43:47', '2018-12-27 11:43:47', NULL, 70, '2017-09-21', '2018-09-20', 244, 61, 200, 200.00, 540, 405, 150.00, 45, 0, 475),
(122, 62, '2018-12-27 11:44:17', '2018-12-27 11:44:17', NULL, 70, '2018-09-21', '2019-09-20', 244, 61, 200, 200.00, 540, 405, 150.00, 45, 0, 475),
(123, 63, '2018-12-27 12:35:28', '2018-12-27 12:35:28', NULL, 72, '2017-02-26', '2018-02-25', 244, 61, 200, 200.00, 540, 405, 150.00, 45, 0, 475),
(124, 63, '2018-12-27 12:35:54', '2018-12-27 12:35:54', NULL, 72, '2018-02-26', '2019-02-25', 244, 61, 200, 200.00, 540, 405, 150.00, 45, 0, 475),
(125, 64, '2018-12-27 12:39:23', '2018-12-27 12:39:23', NULL, 59, '2017-05-27', '2018-05-26', 405, 61, 200, 200.00, 540, 405, 150.00, 45, 0, 510),
(126, 64, '2018-12-27 12:39:47', '2018-12-27 12:39:47', NULL, 59, '2018-05-27', '2019-05-26', 405, 61, 200, 200.00, 540, 405, 150.00, 45, 0, 510),
(127, 65, '2018-12-27 12:45:46', '2018-12-27 12:45:46', NULL, 67, '2018-06-24', '2019-06-23', 300, 61, 230, 230.00, 540, 405, 150.00, 50, 0, 500),
(128, 65, '2018-12-27 12:46:16', '2018-12-27 12:46:16', NULL, 67, '2019-06-24', '2020-06-23', 300, 61, 230, 230.00, 540, 405, 150.00, 50, 0, 500),
(129, 66, '2018-12-27 12:51:59', '2018-12-27 12:51:59', NULL, 58, '2018-05-25', '2019-05-24', 300, 61, 230, 230.00, 540, 405, 150.00, 50, 0, 500),
(130, 66, '2018-12-27 12:52:31', '2018-12-27 12:52:31', NULL, 58, '2019-05-25', '2020-05-24', 300, 61, 230, 230.00, 540, 405, 150.00, 50, 0, 500),
(131, 67, '2018-12-27 13:02:29', '2018-12-27 13:02:29', NULL, 77, '2018-09-28', '2019-09-27', 300, 61, 230, 230.00, 540, 405, 150.00, 50, 0, 500),
(132, 67, '2018-12-27 13:02:58', '2018-12-27 13:02:58', NULL, 77, '2019-09-28', '2020-09-27', 300, 61, 230, 230.00, 540, 405, 150.00, 50, 0, 500),
(133, 68, '2018-12-28 07:30:01', '2018-12-28 07:30:01', NULL, 68, '2019-01-01', '2019-12-31', 1975, 61, 1400, 1400.00, 540, 405, 150.00, 50, 0, 5000),
(134, 68, '2018-12-28 07:30:56', '2018-12-28 07:30:56', NULL, 68, '2020-01-01', '2020-12-31', 1975, 61, 1400, 1400.00, 540, 405, 150.00, 50, 0, 4166.67),
(135, 69, '2019-01-02 15:15:15', '2019-01-02 15:15:15', NULL, 55, '2019-01-01', '2019-12-31', 300, 61, 325, 500.00, 540, 405, 150.00, 45, 0, 500),
(136, 69, '2019-01-02 15:16:13', '2019-01-02 15:16:13', NULL, 55, '2020-01-01', '2020-12-31', 300, 61, 325, 500.00, 540, 405, 150.00, 45, 0, 500),
(137, 69, '2019-01-02 15:16:45', '2019-01-11 12:00:51', NULL, 55, '2021-01-01', '2021-12-31', 300, 61, 325, 500.00, 540, 450, 105.00, 45, 0, 500),
(138, 50, '2019-01-11 11:51:42', '2019-01-11 11:51:42', NULL, 44, '2019-09-01', '2020-08-31', 350, 61, 380, 380.00, 540, 405, 150.00, 45, 0, 500),
(139, 55, '2019-01-15 06:55:30', '2019-01-15 06:55:30', NULL, 57, '2018-10-14', '2019-10-13', 300, 61, 270, 500.00, 540, 405, 150.00, 45, 0, 500),
(140, 55, '2019-01-15 06:56:00', '2019-01-15 06:56:00', NULL, 57, '2019-10-14', '2020-10-13', 300, 61, 270, 500.00, 540, 405, 150.00, 45, 0, 500),
(141, 55, '2019-01-15 06:56:23', '2019-01-15 06:56:23', NULL, 57, '2020-10-14', '2021-10-13', 300, 61, 270, 500.00, 540, 405, 150.00, 45, 0, 500),
(142, 70, '2019-01-29 12:32:23', '2019-01-29 12:32:23', NULL, 72, '2019-02-26', '2020-02-25', 244, 61, 200, 200.00, 540, 405, 150.00, 45, 0, 475),
(143, 70, '2019-01-29 12:33:19', '2019-01-29 12:33:19', NULL, 72, '2020-02-26', '2021-02-25', 244, 61, 200, 200.00, 540, 405, 150.00, 45, 0, 475),
(144, 71, '2019-03-05 09:47:45', '2019-03-05 09:47:58', NULL, 78, '2019-02-23', '2019-02-23', NULL, NULL, 250, NULL, NULL, NULL, NULL, 0, 0, NULL);

-- --------------------------------------------------------

--
-- Estructura de tabla para la tabla `contratos_comercial`
--

CREATE TABLE `contratos_comercial` (
  `id` int(10) UNSIGNED NOT NULL,
  `created_at` timestamp NULL DEFAULT NULL,
  `updated_at` timestamp NULL DEFAULT NULL,
  `header_id` int(10) UNSIGNED DEFAULT NULL,
  `pelotari_id` int(10) UNSIGNED DEFAULT NULL,
  `fecha_ini` date NOT NULL,
  `fecha_fin` date NOT NULL,
  `coste` double(8,2) NOT NULL
) ENGINE=InnoDB DEFAULT CHARSET=utf8mb4 COLLATE=utf8mb4_unicode_ci;

--
-- Volcado de datos para la tabla `contratos_comercial`
--

INSERT INTO `contratos_comercial` (`id`, `created_at`, `updated_at`, `header_id`, `pelotari_id`, `fecha_ini`, `fecha_fin`, `coste`) VALUES
(1, '2019-01-07 10:42:20', '2019-01-07 10:42:20', 18, 56, '2019-01-01', '2019-12-31', 111.00),
(2, '2019-01-07 10:42:45', '2019-01-07 10:42:45', 68, 68, '2019-01-01', '2019-12-31', 222.00),
(3, '2019-01-07 10:43:10', '2019-01-07 10:43:10', 25, 52, '2019-01-01', '2019-12-31', 333.00),
(4, '2019-01-07 10:43:42', '2019-01-07 10:43:42', 30, 51, '2019-01-01', '2019-12-31', 444.00),
(5, '2019-01-07 10:44:09', '2019-01-07 10:44:09', 36, 61, '2019-01-01', '2019-12-31', 555.00),
(6, '2019-01-07 10:44:30', '2019-01-07 10:44:30', 39, 73, '2019-01-01', '2019-12-31', 666.00),
(7, '2019-01-07 10:44:54', '2019-01-07 10:44:54', 42, 74, '2019-01-01', '2019-12-31', 777.00),
(8, '2019-01-07 10:45:20', '2019-01-07 10:45:20', 47, 42, '2019-01-01', '2019-12-31', 888.00),
(9, '2019-01-07 10:45:47', '2019-01-11 11:50:34', 50, 44, '2019-01-01', '2019-12-31', 1000.00),
(10, '2019-01-07 10:46:13', '2019-01-07 10:46:13', 56, 71, '2019-01-01', '2019-12-31', 1000.00),
(11, '2019-01-07 10:46:34', '2019-01-07 10:46:34', 57, 65, '2019-01-01', '2019-12-31', 11.00),
(15, '2019-01-07 10:48:33', '2019-01-07 10:48:33', 59, 63, '2019-01-01', '2019-12-31', 55.00),
(16, '2019-01-07 10:48:58', '2019-01-07 10:48:58', 52, 53, '2019-01-01', '2019-12-31', 66.00),
(17, '2019-01-07 10:49:22', '2019-01-07 10:49:22', 51, 46, '2019-01-01', '2019-12-31', 77.00),
(18, '2019-01-07 10:52:45', '2019-01-07 10:52:45', 60, 62, '2019-01-01', '2019-12-31', 88.00),
(19, '2019-01-07 10:53:06', '2019-01-07 10:53:06', 61, 69, '2019-01-01', '2019-12-31', 99.00),
(20, '2019-01-07 10:53:28', '2019-01-11 11:19:47', 55, 57, '2019-01-01', '2019-12-31', 1100.00),
(21, '2019-01-07 10:53:50', '2019-01-07 10:53:50', 62, 70, '2019-01-01', '2019-12-31', 1000.00),
(22, '2019-01-07 10:54:08', '2019-01-07 10:54:08', 63, 72, '2019-01-01', '2019-12-31', 2000.00),
(23, '2019-01-07 10:54:28', '2019-01-07 10:54:28', 64, 59, '2019-01-01', '2019-12-31', 3000.00),
(24, '2019-01-07 10:54:48', '2019-01-07 10:54:48', 67, 77, '2019-01-01', '2019-12-31', 4000.00),
(25, '2019-01-07 10:55:16', '2019-01-07 10:55:16', 66, 58, '2019-01-01', '2019-12-31', 5000.00),
(26, '2019-01-07 10:55:39', '2019-01-07 10:55:39', 65, 67, '2019-01-01', '2019-12-31', 6000.00),
(27, '2019-01-11 11:56:48', '2019-01-11 11:56:48', 53, 54, '2019-01-01', '2019-12-31', 1000.00),
(28, '2019-01-11 12:01:03', '2019-01-11 12:01:03', 69, 55, '2019-01-01', '2019-12-31', 1000.00),
(29, '2019-01-15 07:27:21', '2019-01-15 07:27:21', 58, 66, '2019-01-01', '2019-12-31', 2000.00),
(30, '2019-01-29 12:33:47', '2019-01-29 12:34:22', 70, 72, '2019-01-01', '2019-12-31', 1000.00),
(31, '2019-02-27 11:00:48', '2019-02-27 11:04:12', 71, 78, '2019-01-01', '2019-12-31', 1000.00);

-- --------------------------------------------------------

--
-- Estructura de tabla para la tabla `contratos_header`
--

CREATE TABLE `contratos_header` (
  `id` int(10) UNSIGNED NOT NULL,
  `name` char(100) COLLATE utf8mb4_unicode_ci NOT NULL,
  `pelotari_id` int(10) UNSIGNED DEFAULT NULL,
  `fecha_ini` date NOT NULL,
  `fecha_fin` date NOT NULL,
  `file` text COLLATE utf8mb4_unicode_ci,
  `file_derechos` text COLLATE utf8mb4_unicode_ci,
  `created_at` timestamp NULL DEFAULT NULL,
  `updated_at` timestamp NULL DEFAULT NULL,
  `deleted_at` timestamp NULL DEFAULT NULL
) ENGINE=InnoDB DEFAULT CHARSET=utf8mb4 COLLATE=utf8mb4_unicode_ci;

--
-- Volcado de datos para la tabla `contratos_header`
--

INSERT INTO `contratos_header` (`id`, `name`, `pelotari_id`, `fecha_ini`, `fecha_fin`, `file`, `file_derechos`, `created_at`, `updated_at`, `deleted_at`) VALUES
(18, '2017-2019', 56, '2017-07-01', '2019-06-30', '/storage/contratos/Oinatz Bengoetxea Berasategi DEPORTIVO 01-07-17 _ 30-06-19.pdf', '/storage/contratos/Oinatz Bengoetxea Berasategi IMAGEN 01-07-17 _ 30-06-19.pdf', '2018-12-03 08:09:13', '2018-12-03 08:09:13', NULL),
(19, '2008-2018', 68, '2008-01-01', '2018-12-31', '/storage/contratos/Aimar Olaizola Apecechea - Deportivo 08-18 (cond. para 19).pdf', '/storage/contratos/Aimar Olaizola Apecechea - Imagen 08-18 (cond. para 19).pdf', '2018-12-03 08:23:18', '2018-12-03 08:23:18', NULL),
(20, '2006-2009', 52, '2006-01-01', '2009-06-10', '/storage/contratos/Iker Arretxe Nagore - Deportivo 06-09.pdf', '/storage/contratos/Iker Arretxe Nagore - Imagen 06-09.pdf', '2018-12-03 08:43:31', '2018-12-03 08:43:31', NULL),
(21, '2009-2011', 52, '2009-06-11', '2011-06-10', '/storage/contratos/Iker Arretxe Nagore - Deportivo 09-11.pdf', '/storage/contratos/Iker Arretxe Nagore - Imagen 09-11.pdf', '2018-12-03 08:46:45', '2018-12-03 08:46:45', NULL),
(22, '2011-2013', 52, '2011-06-11', '2013-06-10', '/storage/contratos/Iker Arretxe Nagore - Deportivo 11-13.pdf', '/storage/contratos/Iker Arretxe Nagore - Imagen 11-13.pdf', '2018-12-03 08:49:16', '2018-12-03 08:49:16', NULL),
(23, '2013-2016', 52, '2013-06-11', '2016-06-10', '/storage/contratos/Iker Arretxe Nagore - Deportivo 13-16.pdf', '/storage/contratos/Iker Arretxe Nagore - Imagen 13-16.pdf', '2018-12-03 08:52:48', '2018-12-03 08:52:48', NULL),
(24, '2016-2018', 52, '2016-06-11', '2018-06-10', '/storage/contratos/Iker Arretxe Nagore - Deportivo 16-18 SIG.CTO.OJO LIGUILLA SEMIFINAL 2250.pdf', '/storage/contratos/Iker Arretxe Nagore - Imagen 16-18.pdf', '2018-12-03 08:56:52', '2018-12-03 08:56:52', NULL),
(25, '2018-2019', 52, '2018-06-11', '2019-06-10', '/storage/contratos/Iker Arretxe Nagore Deportivo 18-19.pdf', '/storage/contratos/Iker Arretxe Nagore Imagen 18-19.pdf', '2018-12-03 08:58:25', '2018-12-03 08:58:25', NULL),
(26, '2010-2012', 51, '2010-07-01', '2012-06-30', '/storage/contratos/Jon Ander Albisu Albisu -Deportivo 10-12.pdf', '/storage/contratos/Jon Ander Albisu Albisu - Imagen 10-12.pdf', '2018-12-03 09:17:35', '2018-12-03 09:17:35', NULL),
(27, '2011-2014', 51, '2011-07-01', '2014-06-30', '/storage/contratos/Jon Ander Albisu Albisu - Deportivo 11-14.pdf', '/storage/contratos/Jon Ander Albisu Albisu - Imagen 11-14.pdf', '2018-12-03 09:22:43', '2018-12-03 09:22:43', NULL),
(28, '2012-2015', 51, '2012-07-01', '2015-06-30', '/storage/contratos/Jon ander Albisu Albisu - Deportivo 12-15.pdf', '/storage/contratos/Jon Ander Albisu Albisu - Imagen 12-15.pdf', '2018-12-03 09:24:40', '2018-12-03 09:24:40', NULL),
(29, '2015-2017', 51, '2015-01-01', '2017-12-31', '/storage/contratos/Jon Ander Albisu Albisu - Deportivo 15 al 17.pdf', '/storage/contratos/Jon Ander Albisu Albisu - Imagen 15 al 17.pdf', '2018-12-03 09:28:54', '2018-12-03 09:28:54', NULL),
(30, '2018-2022', 51, '2018-01-01', '2022-12-31', '/storage/contratos/Jon Ander Albisu Albisu - Deportivo 18 al 22.pdf', '/storage/contratos/Jon Ander Albisu Albisu - Imagen 18 al 22.pdf', '2018-12-03 09:30:24', '2018-12-03 09:30:24', NULL),
(31, '2008-2011', 61, '2008-05-01', '2011-04-30', '/storage/contratos/Ibai Zabala Gandarias Deportivo 08-11.pdf', '/storage/contratos/Ibai Zabala Gadarias Imagen 08-11.pdf', '2018-12-03 09:56:11', '2018-12-03 09:56:11', NULL),
(32, '2010-2012', 61, '2010-05-01', '2012-04-30', '/storage/contratos/Ibai Zabala Gandarias Deportivo 10-12.pdf', '/storage/contratos/Ibai Zabala Gandarias Imagen 10-12.pdf', '2018-12-03 09:58:17', '2018-12-03 09:58:17', NULL),
(33, '2012-2014', 61, '2012-05-01', '2014-04-30', '/storage/contratos/Ibai Zabala Gandarias Deportivo 12-14.pdf', '/storage/contratos/Ibai Zabala Gandarias Imagen 12-14.pdf', '2018-12-03 10:01:45', '2018-12-03 10:01:45', NULL),
(34, '2014-2016', 61, '2014-05-01', '2016-04-30', '/storage/contratos/Ibai Zabala Gandarias Deportivo 14-16.pdf', '/storage/contratos/Ibai Zabala Gandarias Imagen 14-16.pdf', '2018-12-03 10:03:23', '2018-12-03 10:03:23', NULL),
(35, '2016-2017', 61, '2016-05-01', '2017-04-30', '/storage/contratos/Ibai Zabala Gandarias Deportivo 16-17 SIG.CTO.OJO LIGUILLA SEMIFINAL 2250.pdf', '/storage/contratos/Ibai Zabala Gandarias Imagen 16-17.pdf', '2018-12-03 10:06:49', '2018-12-03 10:06:49', NULL),
(36, '2018-2019', 61, '2018-05-01', '2019-04-30', '/storage/contratos/Ibai Zabala Gandarias_DEPORTIVO_01-05-18 - 30-04-19.pdf', '/storage/contratos/Ibai Zabala Gandarias_IMAGEN_01-05-18 - 30-04-19.pdf', '2018-12-03 10:10:11', '2018-12-03 10:10:11', NULL),
(37, '2017-2018', 61, '2017-05-01', '2018-04-30', NULL, NULL, '2018-12-03 10:18:01', '2018-12-03 10:18:01', NULL),
(38, '2014-2017', 73, '2014-07-05', '2017-07-04', '/storage/contratos/Mikel Urrutikoetxea Azkueta DEPORTIVO 14-17.pdf', '/storage/contratos/Mikel Urrutikoetxea Azkueta IMAGEN 14-17.pdf', '2018-12-03 10:25:43', '2018-12-03 10:25:43', NULL),
(39, '2016-2022', 73, '2016-09-01', '2022-08-31', '/storage/contratos/Mikel Urrutikoetxea Azkueta - DEPORTIVO 01-09-16 a 31-08-22.pdf', '/storage/contratos/Mikel Urrutikoetxea Azkueta - IMAGEN 01-09-16 a 31-08-22.pdf', '2018-12-03 10:27:43', '2018-12-03 10:27:43', NULL),
(40, '2013-2015', 74, '2013-06-15', '2015-06-14', '/storage/contratos/Victor Esteban Tercilla DEPORTIVO 13-15 (sin firma).pdf', '/storage/contratos/Victor Esteban Tercilla IMAGEN 13-15 (sin firma).pdf', '2018-12-03 11:04:00', '2018-12-03 11:04:00', NULL),
(41, '2015-2017', 74, '2015-06-15', '2017-06-14', '/storage/contratos/Victor Esteban Tercilla DEPORTIVO 15-17.pdf', '/storage/contratos/Victor Esteban Tercilla IMAGEN 15-17.pdf', '2018-12-03 11:06:24', '2018-12-03 11:06:24', NULL),
(42, '2017-2019', 74, '2017-06-15', '2019-06-14', '/storage/contratos/Victor Esteban Tercilla DEPORTIVO 15-06-2017 _ 14-06-2019.pdf', '/storage/contratos/Victor Esteban Tercilla IMAGEN 15-06-2017 _ 14-06-2019.pdf', '2018-12-03 11:38:13', '2018-12-03 11:38:13', NULL),
(43, '2011-2013', 42, '2011-07-11', '2013-07-14', '/storage/contratos/Andoni Aretxabaleta Aramendi - Deportivo 11-13.pdf', '/storage/contratos/Andoni Aretxabaleta Aramendi - Imagen 11-13.pdf', '2018-12-03 11:45:57', '2018-12-03 11:45:57', NULL),
(44, '2013-2014', 42, '2013-07-15', '2014-07-14', '/storage/contratos/Andoni Aretxabaleta Aramendi - Deportivo 13-14.pdf', '/storage/contratos/Andoni Aretxabaleta Aramendi - Imagen 13-14.pdf', '2018-12-03 11:50:21', '2018-12-03 11:50:21', NULL),
(45, '2014-2016', 42, '2014-07-15', '2016-07-14', '/storage/contratos/Andoni Aretxabaleta Aramendi Deportivo 14-16.pdf', '/storage/contratos/Andoni Aretxabaleta Aramendi Imagen 14-16.pdf', '2018-12-03 11:54:04', '2018-12-03 11:54:04', NULL),
(46, '2016-2018', 42, '2016-07-15', '2018-07-14', '/storage/contratos/Andoni Aretxabaleta Aramendi - Deportivo 16-18 SIG.CTO.OJO LIGUILLA SEMIFINAL 2250.pdf', '/storage/contratos/Andoni Aretxabaleta Aramendi - Imagen 16-18.pdf', '2018-12-03 11:58:05', '2018-12-03 11:58:05', NULL),
(47, '2018-2022', 42, '2018-07-15', '2022-07-14', '/storage/contratos/Andoni Aretxabaleta Aramendi_DEPORTIVO_2018_2022.pdf', '/storage/contratos/Andoni Aretxabaleta Aramendi_IMAGEN_2018_2022.pdf', '2018-12-03 12:39:09', '2018-12-03 12:39:09', NULL),
(48, '2015-2017', 44, '2015-06-13', '2017-06-12', '/storage/contratos/Asier Agirre Irisarri - Deportivo 15 al 17.pdf', '/storage/contratos/Asier Agirre Irisarri - Imagen 15 al 17.pdf', '2018-12-03 13:08:13', '2018-12-03 13:08:13', NULL),
(49, '2016-2018', 44, '2016-09-01', '2018-08-31', '/storage/contratos/Asier Agirre Irisarri DEPORTIVO (01-09-16 - 31-08-18).pdf', '/storage/contratos/Asier Agirre Irisarri  IMAGEN  (01-09-16 - 31-08-18).pdf', '2018-12-03 13:19:38', '2018-12-03 13:19:38', NULL),
(50, '2018-2020', 44, '2018-09-01', '2020-08-31', '/storage/contratos/Asier Aguirre Irisarri_DEPORTIVO_01-09-18 A 31-08-20.pdf', '/storage/contratos/Asier Aguirre Irisarri_IMAGEN_01-09-18 a 31-08-20.pdf', '2018-12-03 13:28:14', '2018-12-03 13:28:14', NULL),
(51, '2018 _ 2020', 46, '2018-06-17', '2020-06-16', '/storage/contratos/Aitor Aranguren Errasti DEPORTIVO 17-06-18 _ 16-06-20.pdf', '/storage/contratos/Aitor Aranguren Errasti IMAGEN 17-06-18 _ 16-06-20.pdf', '2018-12-27 08:55:08', '2018-12-27 08:55:08', NULL),
(52, '2017 _ 2020', 53, '2017-07-10', '2020-06-30', '/storage/contratos/Axier Arteaga Garayalde DEPORTIVO 01-07-17 _ 30-06-20.pdf', '/storage/contratos/Axier Arteaga Garayalde IMAGEN 01-07-17 _ 30-06-20.pdf', '2018-12-27 10:26:49', '2018-12-27 10:26:49', NULL),
(53, '2017 _ 2019', 54, '2017-06-23', '2019-06-22', '/storage/contratos/Iñaki Artola Izaguirre DEPORTIVO 23-06-17 _ 22-06-19.pdf', '/storage/contratos/Iñaki Artola Izaguirre IMAGEN 23-06-17 _ 22-06-19.pdf', '2018-12-27 10:33:06', '2018-12-27 10:33:06', NULL),
(54, '2017 _ 2018', 55, '2017-01-02', '2018-12-31', '/storage/contratos/Contrato DEPORTIVO Joanes Bakaikoa Satrustegui 02-01-17 - 31-12-18.pdf', '/storage/contratos/Contrato IMAGEN Joanes Bakaikoa Satrustegui 02-01-17 - 31-12-18.pdf', '2018-12-27 10:37:41', '2018-12-27 10:37:41', NULL),
(55, '2018 _ 2021', 57, '2018-10-14', '2021-10-13', '/storage/contratos/Jon Erasun Gorostidi DEPORTIVO 14-10-18 a 13-10-21.pdf', '/storage/contratos/OJO SIN FIRMARJon Erasun Gorostidi IMAGEN 14-10-18 a 13-10-21.pdf', '2018-12-27 10:50:19', '2018-12-27 10:50:19', NULL),
(56, '2017 _ 2020', 71, '2017-07-01', '2019-01-04', '/storage/contratos/Alvaro Untoria Hervias DEPORTIVO 01-07-17 _ 30-06-2020.pdf', '/storage/contratos/Alvaro Untoria Hervias IMAGEN 01-07-17 _ 30-06-2020.pdf', '2018-12-27 10:55:18', '2019-01-04 11:09:23', NULL),
(57, '2018 _ 2022', 65, '2018-09-01', '2022-08-31', '/storage/contratos/Mikel Larumbe García del Castillo_DEPORTIVO_01-09-18 a 31-08-22.pdf', '/storage/contratos/Mikel Larumbe Garcia del Castillo_IMAGEN_01-09-2018_2022.pdf', '2018-12-27 11:01:40', '2018-12-27 11:01:40', NULL),
(58, '2017 _ 2020', 66, '2017-06-18', '2020-06-17', '/storage/contratos/Unai Laso Lizaso DEPORTIVO 18-06-17 _ 17-06-20.pdf', '/storage/contratos/Unai Laso Lizaso IMAGEN 18-06-17 _ 17-06-20.pdf', '2018-12-27 11:07:09', '2018-12-27 11:07:09', NULL),
(59, '2018 _ 2020', 63, '2018-03-11', '2020-03-10', '/storage/contratos/Diego Iturriaga Urbiola Contrato DEPORTIVO 11-03-18 _ 10-03-20.pdf', '/storage/contratos/D‪iego Iturriaga Urbiola Contrato IMAGEN 11-03-18 _ 10-03-20.pdf', '2018-12-27 11:17:19', '2018-12-27 11:17:19', NULL),
(60, '2017 _ 2020', 62, '2017-07-01', '2020-06-30', '/storage/contratos/Ander Imaz Retegi  DEPORTIVO 01-07-17 _ 30-06-20.pdf', '/storage/contratos/Ander Imaz Retegi  IMAGEN   01-07-17 _ 30-06-20.pdf', '2018-12-27 11:23:22', '2018-12-27 11:23:22', NULL),
(61, '2018 _ 2021', 69, '2018-10-08', '2021-10-07', '/storage/contratos/Jon Ander Peña Olazabal DEPORTIVO 08-10-18 a 07-10-21.pdf', '/storage/contratos/Jon Ander Peña Olazabal IMAGEN 08-10-18 a 07-10-21.pdf', '2018-12-27 11:29:14', '2018-12-27 11:29:14', NULL),
(62, '2016 _ 2019', 70, '2016-09-21', '2019-09-20', '/storage/contratos/Ruben Salaverri Mora DEPORTIVO 21-09-16 a 20-09-19.pdf', '/storage/contratos/Ruben Salaverri Mora IMAGEN 21-09-16 a 20-09-19.pdf', '2018-12-27 11:42:31', '2018-12-27 11:42:31', NULL),
(63, '2017 _ 2019', 72, '2017-02-26', '2019-02-25', '/storage/contratos/Beñat Urretabizkaia Eizmendi DEPORTIVO 26-02-17 a 25-02-19.pdf', '/storage/contratos/Beñat Urretabizkaia Eizmendi IMAGEN 26-02-17 a 25-02-19.pdf', '2018-12-27 12:34:58', '2018-12-27 12:34:58', NULL),
(64, '2017 _ 2019', 59, '2017-05-27', '2019-05-26', '/storage/contratos/Iñaki Etchegoin DEPORTIVO 27-05-17 _ 26-05-19.pdf', '/storage/contratos/Iñaki Etchegoin IMAGEN 27-05-17 _ 26-05-19.pdf', '2018-12-27 12:38:48', '2018-12-27 12:38:48', NULL),
(65, '2018 _ 2020', 67, '2018-06-24', '2020-06-23', '/storage/contratos/Jon Mariezkurrena Zelaia DEPORTIVO 24-06-18 _ 23-06-20.pdf', '/storage/contratos/Jon Mariezkurrena Zelaia IMAGEN 24-06-18 _ 23-06-20.pdf', '2018-12-27 12:44:55', '2018-12-27 12:44:55', NULL),
(66, '2018 _ 2020', 58, '2018-05-25', '2020-05-24', '/storage/contratos/Iosu Esquiroz Redin_DEPORTIVO 25-05-18 - 24-05-20.pdf', '/storage/contratos/Iosu Esquiroz Redin_IMAGEN_25-05-18 - 24-05-20.pdf', '2018-12-27 12:51:19', '2018-12-27 12:51:19', NULL),
(67, '2018 _ 2020', 77, '2018-09-28', '2019-09-27', '/storage/contratos/Jon Alberdi Gorostidi DEPORTIVO 28-09-18_27-09-20.pdf', '/storage/contratos/Jon Alberdi Gorostidi IMAGEN 28-09-18_27-09-20.pdf', '2018-12-27 13:01:46', '2018-12-27 13:01:46', NULL),
(68, '2019 _ 2020', 68, '2019-01-01', '2020-12-31', '/storage/contratos/Aimar Olaizola DEPORTIVO 2019_2020.pdf', '/storage/contratos/Aimar Olaizola IMAGEN 2019_2020.pdf', '2018-12-28 07:24:53', '2018-12-28 07:24:53', NULL),
(69, '2019 - 2021', 55, '2019-01-01', '2021-12-31', '/storage/contratos/Joanes Bakaikoa DEPORTIVO 01-01-19 - 31-12-21.pdf', '/storage/contratos/Joanes Bakaikoa IMAGEN 01-01-19 - 31-12-21.pdf', '2019-01-02 15:13:16', '2019-01-02 15:13:16', NULL),
(70, '2019_2021', 72, '2019-02-26', '2021-02-25', '/storage/contratos/Beñat Urretabizkaia Eizmendi DEPORTIVO 26-02-19 A 25-02-21.pdf', '/storage/contratos/Beñat Urretabizkaia Eizmendi IMAGEN 26-02-19 a 25-02-21.pdf', '2019-01-29 12:30:00', '2019-02-25 06:13:26', NULL),
(71, 'Ataun', 78, '2019-02-23', '2019-02-23', NULL, NULL, '2019-02-25 08:17:46', '2019-02-25 08:18:06', NULL);

-- --------------------------------------------------------

--
-- Estructura de tabla para la tabla `contrato_campeonatos`
--

CREATE TABLE `contrato_campeonatos` (
  `id` int(10) UNSIGNED NOT NULL,
  `created_at` timestamp NULL DEFAULT NULL,
  `updated_at` timestamp NULL DEFAULT NULL,
  `deleted_at` timestamp NULL DEFAULT NULL,
  `pelotari_id` int(11) DEFAULT NULL,
  `header_id` int(11) DEFAULT NULL,
  `campeonato_id` int(11) DEFAULT NULL,
  `campeon` float DEFAULT NULL,
  `subcampeon` float DEFAULT NULL,
  `liga_semifinal` float DEFAULT NULL,
  `liga_cuartos` float DEFAULT NULL,
  `semifinal` float DEFAULT NULL,
  `cuartos` float DEFAULT NULL,
  `octavos` float DEFAULT NULL,
  `dieciseisavos` float DEFAULT NULL,
  `treintaidosavos` float DEFAULT NULL
) ENGINE=InnoDB DEFAULT CHARSET=utf8 COLLATE=utf8_unicode_ci;

--
-- Volcado de datos para la tabla `contrato_campeonatos`
--

INSERT INTO `contrato_campeonatos` (`id`, `created_at`, `updated_at`, `deleted_at`, `pelotari_id`, `header_id`, `campeonato_id`, `campeon`, `subcampeon`, `liga_semifinal`, `liga_cuartos`, `semifinal`, `cuartos`, `octavos`, `dieciseisavos`, `treintaidosavos`) VALUES
(1, '2018-12-27 09:04:49', '2018-12-27 09:34:17', NULL, 46, 51, 1, 3000, 1000, 0, 0, 0, 0, 0, NULL, NULL),
(2, '2018-12-27 09:05:17', '2018-12-27 09:34:31', NULL, 46, 51, 2, 3000, 1000, NULL, NULL, 0, 0, 0, NULL, NULL),
(3, '2018-12-27 09:05:37', '2018-12-27 10:22:58', NULL, 46, 51, 3, 1500, 500, NULL, NULL, 0, 0, NULL, NULL, NULL),
(4, '2018-12-27 09:06:24', '2018-12-27 10:24:09', '2018-12-27 10:24:09', 46, 51, 4, NULL, 0, 0, 0, 0, 0, NULL, NULL, NULL),
(5, '2018-12-27 10:29:30', '2018-12-27 10:29:30', NULL, 53, 52, 1, 25920, 12960, 2250, 1000, 4500, 1350, NULL, NULL, NULL),
(6, '2018-12-27 10:29:54', '2018-12-27 10:29:54', NULL, 53, 52, 2, 36000, 18900, NULL, NULL, 8100, 2700, 1350, NULL, NULL),
(7, '2018-12-27 10:30:26', '2018-12-27 10:30:26', NULL, 53, 52, 3, 12960, 6480, 360, NULL, 432, NULL, NULL, NULL, NULL),
(8, '2018-12-27 10:30:45', '2018-12-27 10:30:45', NULL, 53, 52, 4, 1800, 900, 360, NULL, 432, NULL, NULL, NULL, NULL),
(9, '2018-12-27 10:35:23', '2019-01-11 11:57:46', NULL, 54, 53, 1, 25920, 12960, 2250, 1000, 4500, 1350, 540, NULL, NULL),
(10, '2018-12-27 10:35:45', '2019-01-11 11:58:08', NULL, 54, 53, 2, 36000, 18900, NULL, NULL, 8100, 2700, 1350, NULL, NULL),
(11, '2018-12-27 10:36:04', '2019-01-11 11:58:38', NULL, 54, 53, 3, 12960, 6480, 432, 360, NULL, NULL, NULL, NULL, NULL),
(12, '2018-12-27 10:36:18', '2019-01-11 11:59:01', NULL, 54, 53, 4, 1800, 900, 360, NULL, 432, NULL, NULL, NULL, NULL),
(13, '2018-12-27 10:52:59', '2019-01-11 11:43:40', NULL, 57, 55, 1, 25920, 12960, 2250, 1000, 4500, 1350, 540, NULL, NULL),
(14, '2018-12-27 10:53:11', '2019-01-11 11:44:04', NULL, 57, 55, 2, 36000, 18900, NULL, NULL, 8100, 2700, 1350, NULL, NULL),
(15, '2018-12-27 10:53:21', '2019-01-11 11:44:28', NULL, 57, 55, 3, 12960, 6480, 432, 360, NULL, NULL, NULL, NULL, NULL),
(16, '2018-12-27 10:58:30', '2018-12-27 10:58:30', NULL, 71, 56, 1, 25920, 12960, 2250, 1000, 4500, 1350, 540, NULL, NULL),
(17, '2018-12-27 10:58:54', '2018-12-27 10:58:54', NULL, 71, 56, 2, 36000, 18900, NULL, NULL, 8100, 2700, 1350, NULL, NULL),
(18, '2018-12-27 10:59:29', '2018-12-27 10:59:29', NULL, 71, 56, 3, 12960, 6480, 360, NULL, 432, NULL, NULL, NULL, NULL),
(19, '2018-12-27 10:59:54', '2018-12-27 10:59:54', NULL, 71, 56, 4, 1800, 900, 360, NULL, 432, NULL, NULL, NULL, NULL),
(20, '2018-12-27 11:04:57', '2018-12-27 11:04:57', NULL, 65, 57, 1, 25920, 12960, 2250, 1000, 4500, 1350, 540, NULL, NULL),
(21, '2018-12-27 11:05:25', '2019-02-11 09:44:34', '2019-02-11 09:44:34', 65, 57, 2, 36000, 18900, NULL, NULL, 8100, 2700, 1350, NULL, NULL),
(22, '2018-12-27 11:05:45', '2018-12-27 11:05:45', NULL, 65, 57, 3, 12960, 6480, 360, NULL, 432, NULL, NULL, NULL, NULL),
(23, '2018-12-27 11:06:04', '2018-12-27 11:06:04', NULL, 65, 57, 4, 1800, 900, 360, NULL, 432, NULL, NULL, NULL, NULL),
(24, '2018-12-27 11:14:38', '2018-12-27 11:14:38', NULL, 66, 58, 1, 25920, 12960, 2250, 1000, 4500, 1350, 540, NULL, NULL),
(25, '2018-12-27 11:15:02', '2018-12-27 11:15:02', NULL, 66, 58, 2, 36000, 18900, NULL, NULL, 8100, 2700, 1350, NULL, NULL),
(26, '2018-12-27 11:15:19', '2018-12-27 11:15:19', NULL, 66, 58, 3, 12960, 6480, 360, NULL, 432, NULL, NULL, NULL, NULL),
(27, '2018-12-27 11:15:33', '2018-12-27 11:15:33', NULL, 66, 58, 4, 1800, 900, 360, NULL, 432, NULL, NULL, NULL, NULL),
(28, '2018-12-27 11:19:53', '2018-12-27 11:19:53', NULL, 63, 59, 1, 25920, 12960, 2250, NULL, NULL, NULL, NULL, NULL, NULL),
(29, '2018-12-27 11:20:08', '2018-12-27 11:20:08', NULL, 63, 59, 2, 36000, 18900, NULL, NULL, 8100, 2700, NULL, NULL, NULL),
(30, '2018-12-27 11:20:31', '2018-12-27 11:20:31', NULL, 63, 59, 3, 12960, 6480, 270, NULL, 432, NULL, NULL, NULL, NULL),
(31, '2018-12-27 11:20:47', '2018-12-27 11:20:47', NULL, 63, 59, 4, 1800, 900, 270, NULL, 432, NULL, NULL, NULL, NULL),
(32, '2018-12-27 11:26:31', '2018-12-27 11:26:31', NULL, 62, 60, 1, 25920, 12960, 2250, NULL, 4500, 1350, NULL, NULL, NULL),
(33, '2018-12-27 11:26:53', '2018-12-27 11:26:53', NULL, 62, 60, 2, 36000, 18900, NULL, NULL, 8100, 2700, 1350, NULL, NULL),
(34, '2018-12-27 11:27:12', '2018-12-27 11:27:12', NULL, 62, 60, 3, 12960, 6480, 360, NULL, 432, NULL, NULL, NULL, NULL),
(35, '2018-12-27 11:28:00', '2018-12-27 11:28:00', NULL, 62, 60, 4, 1800, 900, 360, NULL, 432, NULL, NULL, NULL, NULL),
(36, '2018-12-27 11:38:06', '2018-12-27 11:38:06', NULL, 69, 61, 1, 3000, 1000, NULL, NULL, NULL, NULL, NULL, NULL, NULL),
(37, '2018-12-27 11:38:20', '2018-12-27 11:38:20', NULL, 69, 61, 2, 3000, 1000, NULL, NULL, NULL, NULL, NULL, NULL, NULL),
(38, '2018-12-27 11:38:32', '2018-12-27 11:38:32', NULL, 69, 61, 3, 1500, 500, NULL, NULL, NULL, NULL, NULL, NULL, NULL),
(39, '2018-12-27 12:30:02', '2018-12-27 12:30:02', NULL, 70, 62, 1, 3000, 1000, NULL, NULL, NULL, NULL, NULL, NULL, NULL),
(40, '2018-12-27 12:30:17', '2018-12-27 12:30:17', NULL, 70, 62, 2, 3000, 1000, NULL, NULL, NULL, NULL, NULL, NULL, NULL),
(41, '2018-12-27 12:30:28', '2018-12-27 12:30:28', NULL, 70, 62, 3, 1500, 500, NULL, NULL, NULL, NULL, NULL, NULL, NULL),
(42, '2018-12-27 12:36:38', '2018-12-27 12:36:38', NULL, 72, 63, 1, 25920, 12960, 2250, 1000, 4500, 1350, 540, NULL, NULL),
(43, '2018-12-27 12:37:01', '2018-12-27 12:37:01', NULL, 72, 63, 2, 36000, 18900, NULL, NULL, 8100, 2700, 1350, NULL, NULL),
(44, '2018-12-27 12:37:21', '2019-02-25 06:16:56', NULL, 72, 63, 3, 12960, 6480, 432, 360, NULL, NULL, NULL, NULL, NULL),
(45, '2018-12-27 12:37:36', '2018-12-27 12:37:36', NULL, 72, 63, 4, 1800, 900, 360, NULL, 432, NULL, NULL, NULL, NULL),
(46, '2018-12-27 12:40:44', '2018-12-27 12:40:44', NULL, 59, 64, 1, 25920, 12960, 2250, 1000, 4500, 1350, 540, NULL, NULL),
(47, '2018-12-27 12:41:08', '2018-12-27 12:41:08', NULL, 59, 64, 2, 36000, 18900, NULL, NULL, 8100, 2700, 1350, NULL, NULL),
(48, '2018-12-27 12:41:27', '2018-12-27 12:41:27', NULL, 59, 64, 3, 12960, 6480, 360, NULL, 432, NULL, NULL, NULL, NULL),
(49, '2018-12-27 12:41:46', '2018-12-27 12:41:46', NULL, 59, 64, 4, 1800, 900, 360, NULL, 432, NULL, NULL, NULL, NULL),
(50, '2018-12-27 12:46:50', '2018-12-27 12:46:50', NULL, 67, 65, 1, 25920, 12960, 2250, 1000, 4500, 1350, 540, NULL, NULL),
(51, '2018-12-27 12:47:14', '2018-12-27 12:47:14', NULL, 67, 65, 2, 36000, 18900, NULL, NULL, 8100, 2700, 1350, NULL, NULL),
(52, '2018-12-27 12:47:32', '2018-12-27 12:47:32', NULL, 67, 65, 3, 12960, 6480, NULL, NULL, 432, 360, NULL, NULL, NULL),
(53, '2018-12-27 12:47:53', '2018-12-27 12:47:53', NULL, 67, 65, 4, 1800, 900, NULL, NULL, 432, 360, NULL, NULL, NULL),
(54, '2018-12-27 12:52:45', '2018-12-27 12:52:45', NULL, 58, 66, 1, 3000, 1000, NULL, NULL, NULL, NULL, NULL, NULL, NULL),
(55, '2018-12-27 12:53:04', '2018-12-27 12:53:04', NULL, 58, 66, 2, 3000, 1000, NULL, NULL, NULL, NULL, NULL, NULL, NULL),
(56, '2018-12-27 12:53:16', '2018-12-27 12:53:16', NULL, 58, 66, 3, 1500, 500, NULL, NULL, NULL, NULL, NULL, NULL, NULL),
(57, '2018-12-27 13:03:15', '2018-12-27 13:03:15', NULL, 77, 67, 1, 3000, 1000, NULL, NULL, NULL, NULL, NULL, NULL, NULL),
(58, '2018-12-27 13:03:25', '2018-12-27 13:03:25', NULL, 77, 67, 2, 3000, 1000, NULL, NULL, NULL, NULL, NULL, NULL, NULL),
(59, '2018-12-27 13:03:35', '2018-12-27 13:03:35', NULL, 77, 67, 3, 1500, 500, NULL, NULL, NULL, NULL, NULL, NULL, NULL),
(60, '2019-01-02 15:17:36', '2019-01-02 15:17:36', NULL, 55, 69, 6, 3000, 1000, NULL, NULL, NULL, NULL, NULL, NULL, NULL),
(61, '2019-01-02 15:18:14', '2019-01-11 12:02:08', NULL, 55, 69, 1, 25920, 12960, 2250, 1000, 4500, 1350, 540, NULL, NULL),
(62, '2019-01-02 15:18:37', '2019-01-02 15:18:37', NULL, 55, 69, 3, 12960, 6480, 432, 360, NULL, NULL, NULL, NULL, NULL),
(63, '2019-01-02 15:19:12', '2019-01-11 12:01:34', NULL, 55, 69, 2, 36000, 18900, NULL, NULL, 8100, 2700, 1350, NULL, NULL),
(64, '2019-01-02 15:19:29', '2019-01-02 15:19:29', NULL, 55, 69, 7, 3000, 1000, NULL, NULL, NULL, NULL, NULL, NULL, NULL),
(65, '2019-01-02 15:19:43', '2019-01-02 15:19:43', NULL, 55, 69, 5, 1500, 500, NULL, NULL, NULL, NULL, NULL, NULL, NULL),
(66, '2019-01-11 11:34:36', '2019-01-11 11:34:36', NULL, 57, 55, 6, 3000, 1000, NULL, NULL, NULL, NULL, NULL, NULL, NULL),
(67, '2019-01-11 11:35:01', '2019-01-11 11:42:20', '2019-01-11 11:42:20', 57, 55, 7, 3000, 1000, NULL, NULL, NULL, NULL, NULL, NULL, NULL),
(68, '2019-01-11 11:41:42', '2019-01-11 11:41:42', NULL, 57, 55, 7, 3000, 1000, NULL, NULL, NULL, NULL, NULL, NULL, NULL),
(69, '2019-01-11 11:42:41', '2019-01-11 11:42:41', NULL, 57, 55, 5, 3000, 1000, NULL, NULL, NULL, NULL, NULL, NULL, NULL),
(70, '2019-01-11 11:54:00', '2019-01-11 11:54:00', NULL, 44, 50, 8, 25920, 12960, 2250, 1000, 4500, 1350, 540, NULL, NULL),
(71, '2019-01-11 11:54:22', '2019-01-11 11:54:22', NULL, 44, 50, 2, 36000, 18900, NULL, NULL, 8100, 2700, 1350, NULL, NULL),
(72, '2019-01-11 11:54:41', '2019-01-11 11:54:41', NULL, 44, 50, 3, 12960, 6480, NULL, NULL, 432, 360, NULL, NULL, NULL),
(73, '2019-01-11 11:55:08', '2019-01-11 11:55:08', NULL, 44, 50, 4, 1800, 900, 360, NULL, 432, NULL, NULL, NULL, NULL),
(74, '2019-01-11 12:04:46', '2019-01-11 12:04:46', NULL, 55, 69, 4, 1800, 900, 360, NULL, 432, NULL, NULL, NULL, NULL),
(75, '2019-01-29 12:35:07', '2019-02-25 06:14:43', '2019-02-25 06:14:43', 72, 70, 8, NULL, NULL, NULL, NULL, NULL, NULL, NULL, NULL, NULL),
(76, '2019-01-29 12:36:08', '2019-02-25 06:15:11', NULL, 72, 70, 1, 25920, 12960, 2250, 1000, 4500, 1350, 540, NULL, NULL),
(77, '2019-01-29 12:36:41', '2019-02-25 06:15:22', NULL, 72, 70, 2, 36000, 18900, NULL, NULL, 8100, 2700, 1350, NULL, NULL),
(78, '2019-01-29 12:37:10', '2019-02-25 06:16:40', NULL, 72, 70, 3, 12960, 6480, 432, 360, NULL, NULL, NULL, NULL, NULL),
(79, '2019-01-29 12:37:28', '2019-01-29 12:37:28', NULL, 72, 70, 6, 3000, 1000, NULL, NULL, NULL, NULL, NULL, NULL, NULL),
(80, '2019-01-29 12:37:42', '2019-01-29 12:37:42', NULL, 72, 70, 7, 3000, 1000, NULL, NULL, NULL, NULL, NULL, NULL, NULL),
(81, '2019-01-29 12:37:54', '2019-01-29 12:37:54', NULL, 72, 70, 5, 1500, 500, NULL, NULL, NULL, NULL, NULL, NULL, NULL),
(82, '2019-02-11 07:38:19', '2019-02-11 07:38:19', NULL, 56, 18, 4, 1800, 900, NULL, NULL, NULL, NULL, NULL, NULL, NULL),
(83, '2019-02-11 07:39:42', '2019-02-11 07:39:42', NULL, 68, 68, 4, 1800, 900, NULL, NULL, NULL, NULL, NULL, NULL, NULL),
(84, '2019-02-11 09:03:58', '2019-02-11 09:03:58', NULL, 56, 18, 1, 25920, 12960, 2250, 1500, 4500, 1500, NULL, NULL, NULL),
(85, '2019-02-11 09:04:20', '2019-02-11 09:04:20', NULL, 56, 18, 2, 36000, 18900, NULL, NULL, 8100, 2700, NULL, NULL, NULL),
(86, '2019-02-11 09:04:36', '2019-02-11 09:04:36', NULL, 56, 18, 3, 12960, 6480, NULL, NULL, NULL, NULL, NULL, NULL, NULL),
(87, '2019-02-11 09:06:00', '2019-02-11 09:06:21', NULL, 68, 68, 1, 25920, 12960, 2250, 1500, 4500, 1500, NULL, NULL, NULL),
(88, '2019-02-11 09:06:45', '2019-02-11 09:06:45', NULL, 68, 68, 2, 36000, 18900, NULL, NULL, 8100, 2700, NULL, NULL, NULL),
(89, '2019-02-11 09:07:21', '2019-02-11 09:07:21', NULL, 68, 68, 3, 12960, 6480, NULL, NULL, NULL, NULL, NULL, NULL, NULL),
(90, '2019-02-11 09:13:43', '2019-02-11 09:13:43', NULL, 52, 25, 1, 25920, 12960, 2250, 1000, 4500, 1350, 540, NULL, NULL),
(91, '2019-02-11 09:14:13', '2019-02-11 09:14:13', NULL, 52, 25, 3, 12960, 6480, 432, 360, NULL, NULL, NULL, NULL, NULL),
(92, '2019-02-11 09:15:32', '2019-02-11 09:15:32', NULL, 52, 25, 4, 1800, 900, 360, NULL, 432, NULL, NULL, NULL, NULL),
(93, '2019-02-11 09:16:58', '2019-02-11 09:16:58', NULL, 51, 30, 1, 25920, 12960, 2250, 1000, 4500, 1350, 540, NULL, NULL),
(94, '2019-02-11 09:17:22', '2019-02-11 09:17:22', NULL, 51, 30, 2, 36000, 18900, NULL, NULL, 8100, 2700, 1350, NULL, NULL),
(95, '2019-02-11 09:17:40', '2019-02-11 09:17:40', NULL, 51, 30, 3, 12960, 6480, 432, 360, NULL, NULL, NULL, NULL, NULL),
(96, '2019-02-11 09:18:01', '2019-02-11 09:18:01', NULL, 51, 30, 4, 1800, 900, 360, NULL, 432, NULL, NULL, NULL, NULL),
(97, '2019-02-11 09:19:37', '2019-02-11 09:19:37', NULL, 61, 36, 1, 25920, 12960, 2250, 1000, 4500, 1350, 540, NULL, NULL),
(98, '2019-02-11 09:19:57', '2019-02-11 09:19:57', NULL, 61, 36, 2, 36000, 18900, NULL, NULL, 8100, 2700, 1350, NULL, NULL),
(99, '2019-02-11 09:20:16', '2019-02-11 09:20:16', NULL, 61, 36, 3, 12960, 6480, 432, 360, NULL, NULL, NULL, NULL, NULL),
(100, '2019-02-11 09:20:40', '2019-02-11 09:20:40', NULL, 61, 36, 4, 1800, 900, 160, NULL, 432, NULL, NULL, NULL, NULL),
(101, '2019-02-11 09:22:05', '2019-02-11 09:22:05', NULL, 73, 39, 1, 25920, 12960, 2250, NULL, 4500, 1350, NULL, NULL, NULL),
(102, '2019-02-11 09:22:24', '2019-02-11 09:22:24', NULL, 73, 39, 2, 36000, 18900, NULL, NULL, 8100, 2700, NULL, NULL, NULL),
(103, '2019-02-11 09:22:46', '2019-02-11 09:22:46', NULL, 73, 39, 3, 12960, 6480, 432, 360, NULL, NULL, NULL, NULL, NULL),
(104, '2019-02-11 09:23:14', '2019-02-11 09:23:14', NULL, 73, 39, 4, 1800, 900, 360, NULL, 432, NULL, NULL, NULL, NULL),
(105, '2019-02-11 09:36:40', '2019-02-11 09:36:40', NULL, 74, 42, 8, 25920, 12960, 2250, 1000, 4500, 1350, 538, NULL, NULL),
(106, '2019-02-11 09:37:13', '2019-02-11 09:37:13', NULL, 74, 42, 2, 36000, 18900, NULL, NULL, 8100, 2700, 1350, NULL, NULL),
(107, '2019-02-11 09:37:45', '2019-02-11 09:37:45', NULL, 74, 42, 3, 12960, 6480, 432, 360, NULL, NULL, NULL, NULL, NULL),
(108, '2019-02-11 09:38:31', '2019-02-11 09:38:31', NULL, 74, 42, 4, 1800, 900, 360, NULL, 432, NULL, NULL, NULL, NULL),
(109, '2019-02-11 09:39:53', '2019-02-11 09:39:53', NULL, 42, 47, 1, 25920, 12960, 2250, 1000, 4500, 1350, 540, NULL, NULL),
(110, '2019-02-11 09:40:11', '2019-02-11 09:40:11', NULL, 42, 47, 2, 36000, 18900, NULL, NULL, 8100, 2700, 1350, NULL, NULL),
(111, '2019-02-11 09:40:28', '2019-02-11 09:40:28', NULL, 42, 47, 3, 12960, 6480, 432, 360, NULL, NULL, NULL, NULL, NULL),
(112, '2019-02-11 09:40:47', '2019-02-11 09:40:47', NULL, 42, 47, 4, 1800, 900, 360, NULL, 432, NULL, NULL, NULL, NULL),
(113, '2019-02-11 09:42:02', '2019-02-11 09:42:02', NULL, 44, 50, 1, 25920, 12960, 2250, 1000, 4500, 1350, 540, NULL, NULL),
(114, '2019-02-11 09:42:19', '2019-02-19 06:55:03', '2019-02-19 06:55:03', 44, 50, 2, 36000, 18900, NULL, NULL, 8100, 2700, 1350, NULL, NULL),
(115, '2019-02-11 09:44:02', '2019-02-11 09:44:02', NULL, 65, 57, 1, 25920, 12960, 2250, 1000, 4500, 1350, 540, NULL, NULL),
(116, '2019-02-11 09:44:26', '2019-02-11 09:44:26', NULL, 65, 57, 2, 36000, 18900, NULL, NULL, 8100, 2700, 1350, NULL, NULL),
(117, '2019-02-11 09:47:39', '2019-02-11 09:47:39', NULL, 46, 51, 4, 1800, 900, 360, NULL, 432, NULL, NULL, NULL, NULL),
(118, '2019-02-11 09:48:34', '2019-02-11 09:48:34', NULL, 69, 61, 4, 1800, 900, 360, NULL, 432, NULL, NULL, NULL, NULL),
(119, '2019-02-11 09:49:05', '2019-02-11 09:49:05', NULL, 57, 55, 4, 1800, 900, 360, NULL, 432, NULL, NULL, NULL, NULL),
(120, '2019-02-11 09:49:35', '2019-02-11 09:49:35', NULL, 70, 62, 4, 1800, 900, 160, NULL, 432, NULL, NULL, NULL, NULL),
(121, '2019-02-11 09:50:38', '2019-02-11 09:50:38', NULL, 62, 60, 6, 3000, 1000, -1, NULL, NULL, NULL, NULL, NULL, NULL),
(122, '2019-02-11 09:50:53', '2019-02-11 09:50:53', NULL, 62, 60, 5, 1500, 500, NULL, NULL, NULL, NULL, NULL, NULL, NULL),
(123, '2019-02-11 09:51:09', '2019-02-11 09:51:09', NULL, 62, 60, 7, 3000, 1000, NULL, NULL, NULL, NULL, NULL, NULL, NULL),
(124, '2019-02-11 09:52:24', '2019-02-11 09:52:24', NULL, 69, 61, 5, 1500, 500, NULL, NULL, NULL, NULL, NULL, NULL, NULL),
(125, '2019-02-11 09:54:10', '2019-02-11 09:54:10', NULL, 69, 61, 6, 3000, 1000, NULL, NULL, NULL, NULL, NULL, NULL, NULL),
(126, '2019-02-11 09:54:27', '2019-02-11 09:54:27', NULL, 69, 61, 7, 3000, 1000, NULL, NULL, NULL, NULL, NULL, NULL, NULL),
(127, '2019-02-11 10:00:01', '2019-02-11 10:00:01', NULL, 70, 62, 6, 3000, 1000, NULL, NULL, NULL, NULL, NULL, NULL, NULL),
(128, '2019-02-11 10:00:13', '2019-02-11 10:00:13', NULL, 70, 62, 5, 1500, 500, NULL, NULL, NULL, NULL, NULL, NULL, NULL),
(129, '2019-02-11 10:00:34', '2019-02-11 10:00:34', NULL, 70, 62, 7, 3000, 1000, NULL, NULL, NULL, NULL, NULL, NULL, NULL),
(130, '2019-02-11 10:02:14', '2019-02-11 10:02:14', NULL, 72, 70, 4, 1800, 900, 360, NULL, 432, NULL, NULL, NULL, NULL),
(131, '2019-02-11 10:04:52', '2019-02-11 10:04:52', NULL, 59, 64, 6, 3000, 1000, NULL, NULL, NULL, NULL, NULL, NULL, NULL),
(132, '2019-02-11 10:05:28', '2019-02-11 10:05:28', NULL, 59, 64, 7, 3000, 1000, NULL, NULL, NULL, NULL, NULL, NULL, NULL),
(133, '2019-02-11 10:06:01', '2019-02-11 10:06:01', NULL, 59, 64, 5, 1500, 500, NULL, NULL, NULL, NULL, NULL, NULL, NULL),
(134, '2019-02-11 10:07:45', '2019-02-11 10:07:45', NULL, 77, 67, 4, 1800, 900, 360, NULL, 432, NULL, NULL, NULL, NULL),
(135, '2019-02-11 10:08:03', '2019-02-11 10:08:03', NULL, 77, 67, 6, 3000, 1000, NULL, NULL, NULL, NULL, NULL, NULL, NULL),
(136, '2019-02-11 10:12:18', '2019-02-11 10:12:18', NULL, 77, 67, 7, 3000, 1000, NULL, NULL, NULL, NULL, NULL, NULL, NULL),
(137, '2019-02-11 10:12:37', '2019-02-11 10:12:37', NULL, 77, 67, 5, 1500, 500, NULL, NULL, NULL, NULL, NULL, NULL, NULL),
(138, '2019-02-11 10:14:08', '2019-02-11 10:14:08', NULL, 58, 66, 4, 1800, 900, 360, NULL, 432, NULL, NULL, NULL, NULL),
(139, '2019-02-11 10:14:26', '2019-02-11 10:14:26', NULL, 58, 66, 6, 3000, 1000, NULL, NULL, NULL, NULL, NULL, NULL, NULL),
(140, '2019-02-11 10:14:42', '2019-02-11 10:14:42', NULL, 58, 66, 7, 3000, 1000, NULL, NULL, NULL, NULL, NULL, NULL, NULL),
(141, '2019-02-11 10:15:02', '2019-02-11 10:15:02', NULL, 58, 66, 5, 1500, 500, NULL, NULL, NULL, NULL, NULL, NULL, NULL),
(142, '2019-02-19 06:57:01', '2019-02-19 06:57:01', NULL, 44, 50, 6, 3000, 1000, NULL, NULL, NULL, NULL, NULL, NULL, NULL),
(143, '2019-02-19 06:57:20', '2019-02-19 06:57:20', NULL, 44, 50, 7, 3000, 1000, NULL, NULL, NULL, NULL, NULL, NULL, NULL),
(144, '2019-02-19 06:57:32', '2019-02-19 06:57:32', NULL, 44, 50, 5, 1500, 500, NULL, NULL, NULL, NULL, NULL, NULL, NULL),
(145, '2019-02-25 06:14:31', '2019-02-25 06:15:01', '2019-02-25 06:15:01', 72, 70, 8, NULL, NULL, NULL, NULL, NULL, NULL, NULL, NULL, NULL);

-- --------------------------------------------------------

--
-- Estructura de tabla para la tabla `data_rows`
--

CREATE TABLE `data_rows` (
  `id` int(10) UNSIGNED NOT NULL,
  `data_type_id` int(10) UNSIGNED NOT NULL,
  `field` varchar(255) COLLATE utf8mb4_unicode_ci NOT NULL,
  `type` varchar(255) COLLATE utf8mb4_unicode_ci NOT NULL,
  `display_name` varchar(255) COLLATE utf8mb4_unicode_ci NOT NULL,
  `required` tinyint(1) NOT NULL DEFAULT '0',
  `browse` tinyint(1) NOT NULL DEFAULT '1',
  `read` tinyint(1) NOT NULL DEFAULT '1',
  `edit` tinyint(1) NOT NULL DEFAULT '1',
  `add` tinyint(1) NOT NULL DEFAULT '1',
  `delete` tinyint(1) NOT NULL DEFAULT '1',
  `details` text COLLATE utf8mb4_unicode_ci,
  `order` int(11) NOT NULL DEFAULT '1'
) ENGINE=InnoDB DEFAULT CHARSET=utf8mb4 COLLATE=utf8mb4_unicode_ci;

--
-- Volcado de datos para la tabla `data_rows`
--

INSERT INTO `data_rows` (`id`, `data_type_id`, `field`, `type`, `display_name`, `required`, `browse`, `read`, `edit`, `add`, `delete`, `details`, `order`) VALUES
(1, 1, 'id', 'number', 'ID', 1, 0, 0, 0, 0, 0, '', 1),
(2, 1, 'name', 'text', 'Name', 1, 1, 1, 1, 1, 1, '', 2),
(3, 1, 'email', 'text', 'Email', 1, 1, 1, 1, 1, 1, '', 3),
(4, 1, 'password', 'password', 'Password', 1, 0, 0, 1, 1, 0, '', 4),
(5, 1, 'remember_token', 'text', 'Remember Token', 0, 0, 0, 0, 0, 0, '', 5),
(6, 1, 'created_at', 'timestamp', 'Created At', 0, 1, 1, 0, 0, 0, '', 6),
(7, 1, 'updated_at', 'timestamp', 'Updated At', 0, 0, 0, 0, 0, 0, '', 7),
(8, 1, 'avatar', 'image', 'Avatar', 0, 1, 1, 1, 1, 1, '', 8),
(9, 1, 'user_belongsto_role_relationship', 'relationship', 'Role', 0, 1, 1, 1, 1, 0, '{\"model\":\"TCG\\\\Voyager\\\\Models\\\\Role\",\"table\":\"roles\",\"type\":\"belongsTo\",\"column\":\"role_id\",\"key\":\"id\",\"label\":\"display_name\",\"pivot_table\":\"roles\",\"pivot\":\"0\"}', 10),
(10, 1, 'user_belongstomany_role_relationship', 'relationship', 'Roles', 0, 1, 1, 1, 1, 0, '{\"model\":\"TCG\\\\Voyager\\\\Models\\\\Role\",\"table\":\"roles\",\"type\":\"belongsToMany\",\"column\":\"id\",\"key\":\"id\",\"label\":\"display_name\",\"pivot_table\":\"user_roles\",\"pivot\":\"1\",\"taggable\":\"0\"}', 11),
(11, 1, 'locale', 'text', 'Locale', 0, 1, 1, 1, 1, 0, '', 12),
(12, 1, 'settings', 'hidden', 'Settings', 0, 0, 0, 0, 0, 0, '', 12),
(17, 3, 'id', 'number', 'ID', 1, 0, 0, 0, 0, 0, '', 1),
(18, 3, 'name', 'text', 'Name', 1, 1, 1, 1, 1, 1, '', 2),
(19, 3, 'created_at', 'timestamp', 'Created At', 0, 0, 0, 0, 0, 0, '', 3),
(20, 3, 'updated_at', 'timestamp', 'Updated At', 0, 0, 0, 0, 0, 0, '', 4),
(21, 3, 'display_name', 'text', 'Display Name', 1, 1, 1, 1, 1, 1, '', 5),
(22, 1, 'role_id', 'text', 'Role', 1, 1, 1, 1, 1, 1, '', 9),
(68, 9, 'id', 'text', 'Id', 1, 0, 0, 0, 0, 0, NULL, 1),
(69, 9, 'name', 'text', 'Name', 0, 1, 1, 1, 1, 1, NULL, 2),
(70, 9, 'created_at', 'timestamp', 'Created At', 0, 0, 0, 0, 0, 0, NULL, 3),
(71, 9, 'updated_at', 'timestamp', 'Updated At', 0, 0, 0, 0, 0, 0, NULL, 4),
(72, 10, 'id', 'text', 'Id', 1, 0, 0, 0, 0, 0, NULL, 1),
(73, 10, 'name', 'text', 'Name', 0, 1, 1, 1, 1, 1, NULL, 2),
(74, 10, 'created_at', 'timestamp', 'Created At', 0, 0, 0, 0, 0, 0, NULL, 3),
(75, 10, 'updated_at', 'timestamp', 'Updated At', 0, 0, 0, 0, 0, 0, NULL, 4),
(76, 10, 'municipio_belongsto_provincia_relationship', 'relationship', 'provincias', 0, 1, 1, 1, 1, 1, '{\"model\":\"App\\\\Provincia\",\"table\":\"provincias\",\"type\":\"belongsTo\",\"column\":\"provincia_id\",\"key\":\"id\",\"label\":\"name\",\"pivot_table\":\"categories\",\"pivot\":\"0\",\"taggable\":\"0\"}', 5),
(77, 10, 'provincia_id', 'text', 'Provincia Id', 0, 1, 1, 1, 1, 1, NULL, 5),
(94, 12, 'id', 'text', 'Id', 1, 0, 0, 0, 0, 0, NULL, 1),
(95, 12, 'DNI', 'text', 'DNI', 0, 0, 0, 0, 0, 0, NULL, 2),
(96, 12, 'nombre', 'text', 'Nombre', 0, 0, 0, 0, 0, 0, NULL, 3),
(97, 12, 'apellidos', 'text', 'Apellidos', 0, 0, 0, 0, 0, 0, NULL, 4),
(98, 12, 'alias', 'text', 'Alias', 0, 1, 1, 1, 1, 1, NULL, 5),
(99, 12, 'posicion', 'text', 'Posicion', 0, 1, 1, 1, 1, 1, NULL, 6),
(100, 12, 'direccion', 'text', 'Direccion', 0, 0, 0, 0, 0, 0, NULL, 7),
(101, 12, 'cod_postal', 'text', 'Cod Postal', 0, 0, 0, 0, 0, 0, NULL, 8),
(102, 12, 'municipio_id', 'text', 'Municipio Id', 0, 0, 0, 0, 0, 0, NULL, 9),
(103, 12, 'provincia_id', 'text', 'Provincia Id', 0, 0, 0, 0, 0, 0, NULL, 10),
(104, 12, 'email', 'text', 'Email', 0, 0, 0, 0, 0, 0, NULL, 11),
(105, 12, 'telefono', 'text', 'Telefono', 0, 0, 0, 0, 0, 0, NULL, 12),
(106, 12, 'created_at', 'timestamp', 'Created At', 0, 0, 0, 0, 0, 0, NULL, 13),
(107, 12, 'updated_at', 'timestamp', 'Updated At', 0, 0, 0, 0, 0, 0, NULL, 14),
(108, 12, 'deleted_at', 'timestamp', 'Deleted At', 0, 0, 0, 0, 0, 0, NULL, 15),
(109, 14, 'id', 'text', 'Id', 1, 0, 0, 0, 0, 0, NULL, 1),
(110, 14, 'created_at', 'timestamp', 'Created At', 0, 0, 0, 0, 0, 0, NULL, 2),
(111, 14, 'updated_at', 'timestamp', 'Updated At', 0, 0, 0, 0, 0, 0, NULL, 3),
(112, 14, 'name', 'text', 'Nombre del Campeonato', 0, 1, 1, 1, 1, 1, NULL, 4),
(113, 14, 'desc', 'text', 'Descripción', 0, 1, 1, 1, 1, 1, NULL, 5),
(114, 16, 'id', 'text', 'Id', 1, 0, 0, 0, 0, 0, NULL, 1),
(115, 16, 'created_at', 'timestamp', 'Created At', 0, 0, 0, 0, 0, 0, NULL, 2),
(116, 16, 'updated_at', 'timestamp', 'Updated At', 0, 0, 0, 0, 0, 0, NULL, 3),
(117, 16, 'deleted_at', 'timestamp', 'Deleted At', 0, 0, 0, 0, 0, 0, NULL, 4),
(118, 16, 'name', 'text', 'Nombre', 0, 1, 1, 1, 1, 1, NULL, 5),
(119, 16, 'direccion', 'text', 'Dirección', 0, 1, 1, 1, 1, 1, NULL, 6),
(120, 16, 'cod_postal', 'text', 'Cód.Postal', 0, 1, 1, 1, 1, 1, NULL, 7),
(121, 16, 'municipio_id', 'text', 'Municipio', 0, 1, 1, 1, 1, 1, NULL, 9),
(122, 16, 'provincia_id', 'text', 'Provincia', 0, 1, 1, 1, 1, 1, NULL, 11),
(123, 16, 'email', 'text', 'Correo electrónico', 0, 1, 1, 1, 1, 1, NULL, 12),
(124, 16, 'telefono', 'text', 'Teléfono', 0, 1, 1, 1, 1, 1, NULL, 13),
(125, 16, 'frontone_belongsto_municipio_relationship', 'relationship', 'Municipio', 0, 1, 1, 1, 1, 1, '{\"model\":\"App\\\\Municipio\",\"table\":\"municipios\",\"type\":\"belongsTo\",\"column\":\"municipio_id\",\"key\":\"id\",\"label\":\"name\",\"pivot_table\":\"campeonatos\",\"pivot\":\"0\",\"taggable\":\"0\"}', 8),
(126, 16, 'frontone_belongsto_provincia_relationship', 'relationship', 'Provincia', 0, 1, 1, 1, 1, 1, '{\"model\":\"App\\\\Provincia\",\"table\":\"provincias\",\"type\":\"belongsTo\",\"column\":\"provincia_id\",\"key\":\"id\",\"label\":\"name\",\"pivot_table\":\"campeonatos\",\"pivot\":\"0\",\"taggable\":\"0\"}', 10),
(127, 17, 'id', 'text', 'Id', 1, 0, 0, 0, 0, 0, NULL, 1),
(128, 17, 'created_at', 'timestamp', 'Created At', 0, 0, 0, 0, 0, 0, NULL, 2),
(129, 17, 'updated_at', 'timestamp', 'Updated At', 0, 0, 0, 0, 0, 0, NULL, 3),
(130, 17, 'deleted_at', 'timestamp', 'Deleted At', 0, 0, 0, 0, 0, 0, NULL, 4),
(131, 17, 'name', 'text', 'Nombre', 0, 1, 1, 1, 1, 1, NULL, 5),
(132, 17, 'desc', 'text', 'Descripción', 0, 1, 1, 1, 1, 1, NULL, 6),
(133, 18, 'id', 'text', 'Id', 1, 0, 0, 0, 0, 0, NULL, 1),
(134, 18, 'created_at', 'timestamp', 'Created At', 0, 0, 0, 0, 0, 0, NULL, 2),
(135, 18, 'updated_at', 'timestamp', 'Updated At', 0, 0, 0, 0, 0, 0, NULL, 3),
(136, 18, 'deleted_at', 'timestamp', 'Deleted At', 0, 0, 0, 0, 0, 0, NULL, 4),
(137, 18, 'name', 'text', 'Nombre', 0, 1, 1, 1, 1, 1, NULL, 5),
(138, 18, 'desc', 'text', 'Descripción', 0, 1, 1, 1, 1, 1, NULL, 6),
(139, 18, 'parejas', 'checkbox', '¿Parejas?', 0, 1, 1, 1, 1, 1, NULL, 7),
(140, 14, 'campeonato_belongsto_tipo_partido_relationship', 'relationship', 'Tipo', 0, 1, 1, 1, 1, 1, '{\"model\":\"App\\\\TipoPartido\",\"table\":\"tipo_partidos\",\"type\":\"belongsTo\",\"column\":\"tipo_partido_id\",\"key\":\"id\",\"label\":\"name\",\"pivot_table\":\"campeonatos\",\"pivot\":\"0\",\"taggable\":\"0\"}', 6),
(141, 14, 'tipo_partido_id', 'text', 'Tipo Partido Id', 1, 1, 1, 1, 1, 1, NULL, 6),
(142, 19, 'id', 'text', 'Id', 1, 0, 0, 0, 0, 0, NULL, 1),
(143, 19, 'created_at', 'timestamp', 'Created At', 0, 0, 0, 0, 0, 0, NULL, 2),
(144, 19, 'updated_at', 'timestamp', 'Updated At', 0, 0, 0, 0, 0, 0, NULL, 3),
(145, 19, 'deleted_at', 'timestamp', 'Deleted At', 0, 0, 0, 0, 0, 0, NULL, 4),
(146, 19, 'name', 'text', 'Nombre', 0, 1, 1, 1, 1, 1, NULL, 5),
(147, 19, 'desc', 'text', 'Descripción', 0, 1, 1, 1, 1, 1, NULL, 6),
(153, 22, 'id', 'text', 'Id', 1, 0, 0, 0, 0, 0, NULL, 1),
(154, 22, 'created_at', 'timestamp', 'Created At', 0, 0, 0, 0, 0, 0, NULL, 2),
(155, 22, 'updated_at', 'timestamp', 'Updated At', 0, 0, 0, 0, 0, 0, NULL, 3),
(156, 22, 'name', 'text', 'Nombre', 0, 1, 1, 1, 1, 1, NULL, 4),
(157, 22, 'desc', 'text', 'Descripción', 0, 1, 1, 1, 1, 1, NULL, 5),
(158, 23, 'id', 'text', 'Id', 1, 0, 0, 0, 0, 0, NULL, 1),
(159, 23, 'created_at', 'timestamp', 'Created At', 0, 0, 0, 0, 0, 0, NULL, 2),
(160, 23, 'updated_at', 'timestamp', 'Updated At', 0, 0, 0, 0, 0, 0, NULL, 3),
(161, 23, 'name', 'text', 'Nombre', 0, 1, 1, 1, 1, 1, NULL, 4),
(162, 23, 'desc', 'text', 'Descripción', 0, 1, 1, 1, 1, 1, NULL, 5),
(170, 12, 'foto', 'text', 'Foto', 0, 1, 1, 1, 1, 1, NULL, 16),
(171, 12, 'num_ss', 'text', 'Num Ss', 0, 0, 0, 0, 0, 0, NULL, 17),
(172, 12, 'fecha_nac', 'text', 'Fecha Nac', 0, 0, 0, 0, 0, 0, NULL, 18),
(173, 12, 'telefono_2', 'text', 'Telefono 2', 0, 0, 0, 0, 0, 0, NULL, 19),
(174, 12, 'telefono_3', 'text', 'Telefono 3', 0, 0, 0, 0, 0, 0, NULL, 20),
(175, 12, 'iban', 'text', 'Iban', 0, 0, 0, 0, 0, 0, NULL, 21),
(176, 12, 'num_hijos', 'text', 'Num Hijos', 0, 0, 0, 0, 0, 0, NULL, 22),
(178, 26, 'id', 'text', 'Id', 1, 0, 0, 0, 0, 0, NULL, 1),
(179, 26, 'created_at', 'timestamp', 'Created At', 0, 0, 0, 0, 0, 0, NULL, 2),
(180, 26, 'updated_at', 'timestamp', 'Updated At', 0, 0, 0, 0, 0, 0, NULL, 3),
(181, 26, 'deleted_at', 'timestamp', 'Deleted At', 0, 0, 0, 0, 0, 0, NULL, 4),
(182, 26, 'alias', 'text', 'Alias', 0, 1, 1, 1, 1, 1, NULL, 5),
(183, 26, 'posicion', 'radio_btn', 'Posición', 0, 1, 1, 1, 1, 1, '{\"options\":{\"D\":\"Delantero\",\"Z\":\"Zaguero\"}}', 6),
(184, 26, 'foto', 'image', 'Foto', 0, 1, 1, 1, 1, 1, NULL, 7),
(185, 26, 'fecha_ini', 'date', 'F.Inicio', 0, 1, 1, 1, 1, 1, NULL, 8),
(186, 26, 'fecha_fin', 'date', 'F.Fin', 0, 1, 1, 1, 1, 1, NULL, 9),
(187, 27, 'id', 'text', 'Id', 1, 0, 0, 0, 0, 0, NULL, 1),
(188, 27, 'name', 'text', 'Name', 1, 1, 1, 1, 1, 1, NULL, 2),
(189, 27, 'description', 'text', 'Description', 1, 1, 1, 1, 1, 1, NULL, 3),
(190, 27, 'created_at', 'timestamp', 'Created At', 0, 0, 0, 0, 0, 0, NULL, 4),
(191, 27, 'updated_at', 'timestamp', 'Updated At', 0, 0, 0, 0, 0, 0, NULL, 5),
(192, 28, 'id', 'text', 'Id', 1, 0, 0, 0, 0, 0, NULL, 1),
(193, 28, 'name', 'text', 'Name', 1, 1, 1, 1, 1, 1, NULL, 2),
(194, 28, 'description', 'text', 'Description', 1, 1, 1, 1, 1, 1, NULL, 3),
(195, 28, 'created_at', 'timestamp', 'Created At', 0, 0, 0, 0, 0, 0, NULL, 4),
(196, 28, 'updated_at', 'timestamp', 'Updated At', 0, 0, 0, 0, 0, 0, NULL, 5),
(197, 29, 'id', 'text', 'Id', 1, 0, 0, 0, 0, 0, NULL, 1),
(198, 29, 'name', 'text', 'Name', 1, 1, 1, 1, 1, 1, NULL, 2),
(199, 29, 'description', 'text', 'Description', 1, 1, 1, 1, 1, 1, NULL, 3),
(200, 29, 'created_at', 'timestamp', 'Created At', 0, 0, 0, 0, 0, 0, NULL, 4),
(201, 29, 'updated_at', 'timestamp', 'Updated At', 0, 0, 0, 0, 0, 0, NULL, 5),
(202, 30, 'id', 'text', 'Id', 1, 0, 0, 0, 0, 0, NULL, 1),
(203, 30, 'name', 'text', 'Name', 1, 1, 1, 1, 1, 1, NULL, 2),
(204, 30, 'description', 'text', 'Description', 1, 1, 1, 1, 1, 1, NULL, 3),
(205, 30, 'created_at', 'timestamp', 'Created At', 0, 0, 0, 0, 0, 0, NULL, 4),
(206, 30, 'updated_at', 'timestamp', 'Updated At', 0, 0, 0, 0, 0, 0, NULL, 5),
(207, 32, 'id', 'text', 'Id', 1, 0, 0, 0, 0, 0, NULL, 1),
(208, 32, 'name', 'text', 'Name', 1, 1, 1, 1, 1, 1, NULL, 2),
(209, 32, 'description', 'text', 'Description', 1, 1, 1, 1, 1, 1, NULL, 3),
(210, 32, 'created_at', 'timestamp', 'Created At', 0, 0, 0, 0, 0, 0, NULL, 4),
(211, 32, 'updated_at', 'timestamp', 'Updated At', 0, 0, 0, 0, 0, 0, NULL, 5),
(212, 33, 'id', 'text', 'Id', 1, 0, 0, 0, 0, 0, NULL, 1),
(213, 33, 'created_at', 'timestamp', 'Created At', 0, 0, 0, 0, 0, 0, NULL, 2),
(214, 33, 'updated_at', 'timestamp', 'Updated At', 0, 0, 0, 0, 0, 0, NULL, 3),
(215, 33, 'name', 'text', 'Name', 1, 1, 1, 1, 1, 1, NULL, 4),
(216, 33, 'description', 'text', 'Description', 0, 1, 1, 1, 1, 1, NULL, 5);

-- --------------------------------------------------------

--
-- Estructura de tabla para la tabla `data_types`
--

CREATE TABLE `data_types` (
  `id` int(10) UNSIGNED NOT NULL,
  `name` varchar(255) COLLATE utf8mb4_unicode_ci NOT NULL,
  `slug` varchar(255) COLLATE utf8mb4_unicode_ci NOT NULL,
  `display_name_singular` varchar(255) COLLATE utf8mb4_unicode_ci NOT NULL,
  `display_name_plural` varchar(255) COLLATE utf8mb4_unicode_ci NOT NULL,
  `icon` varchar(255) COLLATE utf8mb4_unicode_ci DEFAULT NULL,
  `model_name` varchar(255) COLLATE utf8mb4_unicode_ci DEFAULT NULL,
  `policy_name` varchar(255) COLLATE utf8mb4_unicode_ci DEFAULT NULL,
  `controller` varchar(255) COLLATE utf8mb4_unicode_ci DEFAULT NULL,
  `description` varchar(255) COLLATE utf8mb4_unicode_ci DEFAULT NULL,
  `generate_permissions` tinyint(1) NOT NULL DEFAULT '0',
  `server_side` tinyint(4) NOT NULL DEFAULT '0',
  `details` text COLLATE utf8mb4_unicode_ci,
  `created_at` timestamp NULL DEFAULT NULL,
  `updated_at` timestamp NULL DEFAULT NULL
) ENGINE=InnoDB DEFAULT CHARSET=utf8mb4 COLLATE=utf8mb4_unicode_ci;

--
-- Volcado de datos para la tabla `data_types`
--

INSERT INTO `data_types` (`id`, `name`, `slug`, `display_name_singular`, `display_name_plural`, `icon`, `model_name`, `policy_name`, `controller`, `description`, `generate_permissions`, `server_side`, `details`, `created_at`, `updated_at`) VALUES
(1, 'users', 'users', 'User', 'Users', 'voyager-person', 'TCG\\Voyager\\Models\\User', 'TCG\\Voyager\\Policies\\UserPolicy', '', '', 1, 0, NULL, '2018-06-13 07:41:17', '2018-06-13 07:41:17'),
(2, 'menus', 'menus', 'Menu', 'Menus', 'voyager-list', 'TCG\\Voyager\\Models\\Menu', NULL, NULL, NULL, 1, 0, NULL, NULL, NULL),
(3, 'roles', 'roles', 'Role', 'Roles', 'voyager-lock', 'TCG\\Voyager\\Models\\Role', NULL, '', '', 1, 0, NULL, '2018-06-13 07:41:17', '2018-06-13 07:41:17'),
(4, 'categories', 'categories', 'Category', 'Categories', 'voyager-categories', 'TCG\\Voyager\\Models\\Category', NULL, NULL, NULL, 1, 0, NULL, NULL, NULL),
(5, 'posts', 'posts', 'Post', 'Posts', 'voyager-categories', 'TCGVoyagerModelsPost', 'TCGVoyagerPoliciesPostPolicy', NULL, NULL, 1, 0, NULL, NULL, NULL),
(6, 'pages', 'pages', 'Page', 'Pages', 'voyager-file-text', NULL, NULL, NULL, NULL, 1, 0, NULL, NULL, NULL),
(9, 'provincias', 'provincias', 'Provincia', 'Provincias', NULL, 'App\\Provincia', NULL, NULL, NULL, 1, 0, '{\"order_column\":null,\"order_display_column\":null}', '2018-06-14 07:41:04', '2018-06-19 05:39:00'),
(10, 'municipios', 'municipios', 'Municipio', 'Municipios', NULL, 'App\\Municipio', NULL, NULL, NULL, 1, 0, '{\"order_column\":null,\"order_display_column\":null}', '2018-06-14 07:41:45', '2018-06-14 07:41:45'),
(12, 'pelotaris', 'pelotaris', 'Pelotari', 'Pelotaris', NULL, 'App\\Pelotari', NULL, NULL, NULL, 1, 0, '{\"order_column\":\"alias\",\"order_display_column\":\"alias\"}', '2018-06-20 13:50:56', '2018-08-07 07:17:39'),
(14, 'campeonatos', 'campeonatos', 'Campeonato', 'Campeonatos', NULL, 'App\\Campeonato', NULL, NULL, NULL, 1, 0, '{\"order_column\":\"name\",\"order_display_column\":\"name\"}', '2018-07-02 05:02:03', '2018-07-02 05:05:16'),
(16, 'frontones', 'frontones', 'Frontón', 'Frontones', NULL, 'App\\Fronton', NULL, NULL, NULL, 1, 0, '{\"order_column\":\"name\",\"order_display_column\":\"name\"}', '2018-07-09 08:09:49', '2018-07-09 08:09:49'),
(17, 'estado_festivals', 'estado-festivals', 'Estado Festival', 'Estado Festivals', NULL, 'App\\EstadoFestival', NULL, NULL, NULL, 1, 0, '{\"order_column\":\"name\",\"order_display_column\":\"name\"}', '2018-07-09 08:37:56', '2018-07-09 08:37:56'),
(18, 'tipo_partidos', 'tipo-partidos', 'Tipo Partido', 'Tipo Partidos', NULL, 'App\\TipoPartido', NULL, NULL, NULL, 1, 0, '{\"order_column\":\"name\",\"order_display_column\":\"name\"}', '2018-07-09 09:01:15', '2018-07-09 09:01:15'),
(19, 'clientes', 'clientes', 'Cliente', 'Clientes', NULL, 'App\\Cliente', NULL, NULL, NULL, 1, 0, '{\"order_column\":null,\"order_display_column\":null}', '2018-08-01 09:46:16', '2018-08-01 09:46:16'),
(22, 'formas_pagos', 'formas-pagos', 'Formas Pago', 'Formas Pagos', NULL, 'App\\FormasPago', NULL, NULL, NULL, 1, 0, '{\"order_column\":\"name\",\"order_display_column\":\"name\"}', '2018-08-06 10:30:06', '2018-08-06 10:30:06'),
(23, 'factura_envios', 'factura-envios', 'Factura Envio', 'Factura Envios', NULL, 'App\\FacturaEnvio', NULL, NULL, NULL, 1, 0, '{\"order_column\":\"name\",\"order_display_column\":\"name\"}', '2018-08-06 10:37:40', '2018-08-06 10:37:40'),
(26, 'pelotaris_aspe', 'pelotaris-aspe', 'Pelotari ASPE', 'Pelotaris ASPE', NULL, 'App\\PelotarisAspe', NULL, NULL, NULL, 1, 0, '{\"order_column\":\"alias\",\"order_display_column\":\"alias\"}', '2018-08-07 07:23:01', '2018-08-07 07:23:01'),
(27, 'entr_actitud', 'entr-actitud', 'Entrenamiento: Actitud', 'Entrenamiento: Actitudes', NULL, 'App\\EntrActitud', NULL, NULL, NULL, 1, 0, '{\"order_column\":null,\"order_display_column\":null}', '2018-12-18 08:01:15', '2018-12-18 08:01:15'),
(28, 'entr_aprovechamiento', 'entr-aprovechamiento', 'Entrenamiento: Aprovechamiento', 'Entrenamiento: Aprovechamientos', NULL, 'App\\EntrAprovechamiento', NULL, NULL, NULL, 1, 0, '{\"order_column\":null,\"order_display_column\":null}', '2018-12-18 08:01:54', '2018-12-18 08:01:54'),
(29, 'entr_contenido', 'entr-contenido', 'Entrenamiento: Contenido', 'Entrenamiento: Contenidos', NULL, 'App\\EntrContenido', NULL, NULL, NULL, 1, 0, '{\"order_column\":null,\"order_display_column\":null}', '2018-12-18 08:02:29', '2018-12-18 08:02:29'),
(30, 'entr_evolucion', 'entr-evolucion', 'Entrenamiento: Evolución', 'Entrenamiento: Evoluciones', NULL, 'App\\EntrEvolucion', NULL, NULL, NULL, 1, 0, '{\"order_column\":null,\"order_display_column\":null}', '2018-12-18 08:03:30', '2018-12-18 08:03:30'),
(32, 'entr_frontones', 'entr-frontones', 'Entrenamiento: Frontón', 'Entrenamiento: Frontones', NULL, 'App\\EntrFronton', NULL, NULL, NULL, 1, 0, '{\"order_column\":null,\"order_display_column\":null}', '2018-12-18 08:04:40', '2018-12-18 08:04:40'),
(33, 'prensa_motivos', 'prensa-motivos', 'Motivo Eventos de Prensa', 'Motivos Eventos de Prensa', NULL, 'App\\PrensaMotivo', NULL, NULL, NULL, 1, 0, '{\"order_column\":null,\"order_display_column\":null}', '2018-12-18 08:11:33', '2018-12-18 08:11:33');

-- --------------------------------------------------------

--
-- Estructura de tabla para la tabla `entrenamientos`
--

CREATE TABLE `entrenamientos` (
  `id` int(10) UNSIGNED NOT NULL,
  `fecha` date NOT NULL,
  `hora` char(5) COLLATE utf8mb4_unicode_ci NOT NULL,
  `pelotari_id` int(10) UNSIGNED DEFAULT NULL,
  `provincia_id` int(10) UNSIGNED DEFAULT NULL,
  `municipio_id` int(10) UNSIGNED DEFAULT NULL,
  `contenido_id` int(10) UNSIGNED DEFAULT NULL,
  `asistencia` tinyint(1) DEFAULT NULL,
  `duracion` char(3) COLLATE utf8mb4_unicode_ci DEFAULT NULL,
  `motivo` text COLLATE utf8mb4_unicode_ci,
  `pre_entreno` text COLLATE utf8mb4_unicode_ci,
  `contenido` text COLLATE utf8mb4_unicode_ci,
  `fronton_id` int(10) UNSIGNED DEFAULT NULL,
  `post_entreno` text COLLATE utf8mb4_unicode_ci,
  `actitud_id` int(10) UNSIGNED DEFAULT NULL,
  `aprovechamiento_id` int(10) UNSIGNED DEFAULT NULL,
  `evolucion_id` int(10) UNSIGNED DEFAULT NULL,
  `comentarios` text COLLATE utf8mb4_unicode_ci,
  `created_at` timestamp NULL DEFAULT NULL,
  `updated_at` timestamp NULL DEFAULT NULL
) ENGINE=InnoDB DEFAULT CHARSET=utf8mb4 COLLATE=utf8mb4_unicode_ci;

-- --------------------------------------------------------

--
-- Estructura de tabla para la tabla `entr_actitud`
--

CREATE TABLE `entr_actitud` (
  `id` int(10) UNSIGNED NOT NULL,
  `name` char(100) COLLATE utf8mb4_unicode_ci NOT NULL,
  `description` text COLLATE utf8mb4_unicode_ci NOT NULL,
  `created_at` timestamp NULL DEFAULT NULL,
  `updated_at` timestamp NULL DEFAULT NULL
) ENGINE=InnoDB DEFAULT CHARSET=utf8mb4 COLLATE=utf8mb4_unicode_ci;

--
-- Volcado de datos para la tabla `entr_actitud`
--

INSERT INTO `entr_actitud` (`id`, `name`, `description`, `created_at`, `updated_at`) VALUES
(1, 'Compromiso', 'Muestra una actitudo de compromiso', '2018-12-18 08:06:43', '2018-12-18 08:06:43'),
(2, 'Neutra', 'Muestra una actitud neutra', '2018-12-18 08:06:55', '2018-12-18 08:06:55'),
(3, 'Dejadez', 'Muestra una actitud de dejadez', '2018-12-18 08:07:07', '2018-12-18 08:07:07');

-- --------------------------------------------------------

--
-- Estructura de tabla para la tabla `entr_aprovechamiento`
--

CREATE TABLE `entr_aprovechamiento` (
  `id` int(10) UNSIGNED NOT NULL,
  `name` char(100) COLLATE utf8mb4_unicode_ci NOT NULL,
  `description` text COLLATE utf8mb4_unicode_ci NOT NULL,
  `created_at` timestamp NULL DEFAULT NULL,
  `updated_at` timestamp NULL DEFAULT NULL
) ENGINE=InnoDB DEFAULT CHARSET=utf8mb4 COLLATE=utf8mb4_unicode_ci;

--
-- Volcado de datos para la tabla `entr_aprovechamiento`
--

INSERT INTO `entr_aprovechamiento` (`id`, `name`, `description`, `created_at`, `updated_at`) VALUES
(1, 'Mínimo', 'Aprovechamiento mínimo del entrenamiento', '2018-12-18 08:07:26', '2018-12-18 08:07:26'),
(2, 'Regular', 'Aprovechamiento regular del entrenamiento', '2018-12-18 08:07:39', '2018-12-18 08:07:39'),
(3, 'Óptimo', 'Aprovechamiénto óptimo del entrenamiento', '2018-12-18 08:07:54', '2018-12-18 08:07:54');

-- --------------------------------------------------------

--
-- Estructura de tabla para la tabla `entr_contenido`
--

CREATE TABLE `entr_contenido` (
  `id` int(10) UNSIGNED NOT NULL,
  `name` char(100) COLLATE utf8mb4_unicode_ci NOT NULL,
  `description` text COLLATE utf8mb4_unicode_ci NOT NULL,
  `created_at` timestamp NULL DEFAULT NULL,
  `updated_at` timestamp NULL DEFAULT NULL
) ENGINE=InnoDB DEFAULT CHARSET=utf8mb4 COLLATE=utf8mb4_unicode_ci;

--
-- Volcado de datos para la tabla `entr_contenido`
--

INSERT INTO `entr_contenido` (`id`, `name`, `description`, `created_at`, `updated_at`) VALUES
(1, 'Recuperación', 'Entrenamiento de recuperación', '2018-12-18 08:08:11', '2018-12-18 08:08:11'),
(2, 'Técnica', 'Entrenamiento técnico', '2018-12-18 08:08:22', '2018-12-18 08:08:22'),
(3, 'Agilidad', 'Entrenamiento de agilidad', '2018-12-18 08:08:33', '2018-12-18 08:08:33'),
(4, 'Velocidad', 'Entrenamiento de velocidad', '2018-12-18 08:08:43', '2018-12-18 08:08:43'),
(5, 'Fuerza', 'Entrenamiento de fuerza', '2018-12-18 08:08:52', '2018-12-18 08:08:52');

-- --------------------------------------------------------

--
-- Estructura de tabla para la tabla `entr_evolucion`
--

CREATE TABLE `entr_evolucion` (
  `id` int(10) UNSIGNED NOT NULL,
  `name` char(100) COLLATE utf8mb4_unicode_ci NOT NULL,
  `description` text COLLATE utf8mb4_unicode_ci NOT NULL,
  `created_at` timestamp NULL DEFAULT NULL,
  `updated_at` timestamp NULL DEFAULT NULL
) ENGINE=InnoDB DEFAULT CHARSET=utf8mb4 COLLATE=utf8mb4_unicode_ci;

--
-- Volcado de datos para la tabla `entr_evolucion`
--

INSERT INTO `entr_evolucion` (`id`, `name`, `description`, `created_at`, `updated_at`) VALUES
(1, 'Negativa', 'Evolución negativa', '2018-12-18 08:09:06', '2018-12-18 08:09:06'),
(2, 'Mantenida', 'Evolución mantenida', '2018-12-18 08:09:23', '2018-12-18 08:09:23'),
(3, 'Favorable', 'Evolución favorable', '2018-12-18 08:09:33', '2018-12-18 08:09:33');

-- --------------------------------------------------------

--
-- Estructura de tabla para la tabla `entr_frontones`
--

CREATE TABLE `entr_frontones` (
  `id` int(10) UNSIGNED NOT NULL,
  `name` char(100) COLLATE utf8mb4_unicode_ci NOT NULL,
  `description` text COLLATE utf8mb4_unicode_ci NOT NULL,
  `created_at` timestamp NULL DEFAULT NULL,
  `updated_at` timestamp NULL DEFAULT NULL
) ENGINE=InnoDB DEFAULT CHARSET=utf8mb4 COLLATE=utf8mb4_unicode_ci;

--
-- Volcado de datos para la tabla `entr_frontones`
--

INSERT INTO `entr_frontones` (`id`, `name`, `description`, `created_at`, `updated_at`) VALUES
(1, 'Técnica individual', 'Técnica individual', '2018-12-18 08:09:53', '2018-12-18 08:09:53'),
(2, '4 1/2', '4 1/2', '2018-12-18 08:10:04', '2018-12-18 08:10:04'),
(3, 'Parejas', 'Parejas', '2018-12-18 08:10:12', '2018-12-18 08:10:12'),
(4, 'Mano a mano', 'Mano a mano', '2018-12-18 08:10:21', '2018-12-18 08:10:21');

-- --------------------------------------------------------

--
-- Estructura de tabla para la tabla `estado_festivals`
--

CREATE TABLE `estado_festivals` (
  `id` int(10) UNSIGNED NOT NULL,
  `created_at` timestamp NULL DEFAULT NULL,
  `updated_at` timestamp NULL DEFAULT NULL,
  `deleted_at` timestamp NULL DEFAULT NULL,
  `name` tinytext COLLATE utf8_unicode_ci,
  `desc` tinytext COLLATE utf8_unicode_ci
) ENGINE=InnoDB DEFAULT CHARSET=utf8 COLLATE=utf8_unicode_ci;

--
-- Volcado de datos para la tabla `estado_festivals`
--

INSERT INTO `estado_festivals` (`id`, `created_at`, `updated_at`, `deleted_at`, `name`, `desc`) VALUES
(1, '2018-07-09 08:39:17', '2018-07-09 08:39:17', NULL, 'Estimación', 'El Festival está en fase de negociación con el cliente'),
(2, '2018-07-09 08:39:43', '2018-07-09 08:39:43', NULL, 'Confirmado', 'El festival cuenta con un presupuesto aceptado y fecha de celebración'),
(3, '2018-07-09 08:39:57', '2018-07-09 08:39:57', NULL, 'Celebrado', 'El festival ya se ha celebrado');

-- --------------------------------------------------------

--
-- Estructura de tabla para la tabla `factura_envios`
--

CREATE TABLE `factura_envios` (
  `id` int(10) UNSIGNED NOT NULL,
  `created_at` timestamp NULL DEFAULT NULL,
  `updated_at` timestamp NULL DEFAULT NULL,
  `name` tinytext COLLATE utf8_unicode_ci,
  `desc` text COLLATE utf8_unicode_ci
) ENGINE=InnoDB DEFAULT CHARSET=utf8 COLLATE=utf8_unicode_ci;

--
-- Volcado de datos para la tabla `factura_envios`
--

INSERT INTO `factura_envios` (`id`, `created_at`, `updated_at`, `name`, `desc`) VALUES
(1, '2018-08-06 10:38:01', '2018-10-29 08:25:31', '1', 'Enviar a la dirección del cliente'),
(2, '2018-08-06 10:38:12', '2018-10-29 08:25:31', '2', 'Enviar a otra dirección');

-- --------------------------------------------------------

--
-- Estructura de tabla para la tabla `festivales`
--

CREATE TABLE `festivales` (
  `id` int(10) UNSIGNED NOT NULL,
  `created_at` timestamp NULL DEFAULT NULL,
  `updated_at` timestamp NULL DEFAULT NULL,
  `deleted_at` timestamp NULL DEFAULT NULL,
  `fecha` date DEFAULT NULL,
  `hora` char(5) COLLATE utf8_unicode_ci DEFAULT NULL,
  `organizador` varchar(30) COLLATE utf8_unicode_ci DEFAULT NULL,
  `fronton_id` int(11) DEFAULT NULL,
  `television` tinyint(4) DEFAULT NULL,
  `television_txt` mediumtext COLLATE utf8_unicode_ci,
  `estado_id` int(11) DEFAULT NULL,
  `fecha_presu` date DEFAULT NULL
) ENGINE=InnoDB DEFAULT CHARSET=utf8 COLLATE=utf8_unicode_ci;

--
-- Volcado de datos para la tabla `festivales`
--

INSERT INTO `festivales` (`id`, `created_at`, `updated_at`, `deleted_at`, `fecha`, `hora`, `organizador`, `fronton_id`, `television`, `television_txt`, `estado_id`, `fecha_presu`) VALUES
(49, '2018-11-27 14:47:34', '2019-01-08 07:07:03', '2019-01-08 07:07:03', '2018-12-08', '18:00', NULL, 2, 0, NULL, 1, '2018-11-27'),
(50, '2018-11-28 07:49:31', '2019-01-08 07:07:10', '2019-01-08 07:07:10', '2018-11-28', '16:00', NULL, 2, 1, NULL, 1, '2018-11-28'),
(51, '2018-12-27 13:19:15', '2018-12-27 13:56:07', '2018-12-27 13:56:07', '2019-01-04', '22:00', NULL, 4, 1, NULL, 2, '2018-12-27'),
(52, '2018-12-27 13:28:03', '2018-12-27 13:56:10', '2018-12-27 13:56:10', '2019-01-04', '22:00', NULL, 4, 0, 'Etb1', 2, '2018-12-27'),
(53, '2018-12-27 13:57:46', '2019-01-07 19:58:51', '2019-01-07 19:58:51', '2019-01-04', '22:00', NULL, 4, 1, NULL, 2, '2018-12-27'),
(54, '2019-01-07 20:00:51', '2019-01-08 07:07:00', '2019-01-08 07:07:00', '2019-01-11', '22:00', NULL, 1, 0, 'Etb1', 1, '2019-01-07'),
(55, '2019-01-08 07:10:51', '2019-01-14 07:46:51', NULL, '2019-01-01', '17:00', 'beste', 21, 1, 'Etb1', 3, '2019-01-08'),
(56, '2019-01-08 09:50:44', '2019-01-15 07:14:32', NULL, '2019-01-04', '22:00', 'gugeu', 106, 1, 'Etb1', 3, '2019-01-08'),
(57, '2019-01-08 09:53:17', '2019-02-20 09:21:23', NULL, '2019-01-05', '17:45', 'gugeu', 3, 1, 'Etb1', 3, '2019-01-08'),
(58, '2019-01-08 09:54:22', '2019-01-16 10:52:09', NULL, '2019-01-05', '16:30', 'beste', 39, 0, NULL, 3, '2019-01-08'),
(59, '2019-01-08 09:55:11', '2019-01-16 10:59:03', NULL, '2019-01-06', '17:00', 'beste', 21, 1, 'Etb1', 3, '2019-01-08'),
(60, '2019-01-08 09:56:06', '2019-01-16 11:09:37', NULL, '2019-01-11', '20:30', 'gugeu', 44, 1, 'Etb1', 3, '2019-01-08'),
(61, '2019-01-08 10:07:14', '2019-01-08 10:50:14', '2019-01-08 10:50:14', '2019-01-11', '22:00', NULL, 106, 0, NULL, 2, '2019-01-08'),
(62, '2019-01-08 10:43:37', '2019-01-16 11:16:34', '2019-01-16 11:16:34', '2019-01-11', '22:00', 'beste', 107, 0, NULL, 3, '2019-01-08'),
(63, '2019-01-17 06:47:01', '2019-01-17 10:35:47', NULL, '2019-01-11', '22:00', 'beste', 107, 0, NULL, 3, '2019-01-17'),
(64, '2019-01-17 06:57:02', '2019-02-20 09:20:51', NULL, '2019-01-12', '17:00', 'gugeu', 3, 1, 'Etb1', 3, '2019-01-17'),
(65, '2019-01-17 07:24:25', '2019-01-18 09:06:06', NULL, '2019-01-13', '17:00', 'beste', 7, 1, 'Etb1', 3, '2019-01-17'),
(66, '2019-01-21 14:29:03', '2019-01-22 08:15:09', NULL, '2019-01-18', '17:00', 'beste', 108, 1, 'Etb1', 3, '2019-01-21'),
(67, '2019-01-22 08:24:58', '2019-02-20 09:19:52', NULL, '2019-01-19', '17:45', 'gugeu', 3, 0, NULL, 3, '2019-01-22'),
(68, '2019-01-22 08:33:18', '2019-01-22 08:49:19', NULL, '2019-01-19', '17:45', 'gugeu', 44, 1, 'Etb1', 3, '2019-01-22'),
(69, '2019-01-22 08:45:56', '2019-01-22 08:49:30', NULL, '2019-01-20', '17:00', 'beste', 21, 1, 'Etb1', 3, '2019-01-22'),
(70, '2019-01-23 08:42:21', '2019-02-20 09:38:51', NULL, '2019-01-25', '22:00', 'beste', 52, 1, 'Etb1', 3, '2019-01-23'),
(71, '2019-01-23 08:45:05', '2019-01-28 09:13:13', NULL, '2019-01-26', '18:30', 'gugeu', 99, 0, NULL, 3, '2019-01-23'),
(72, '2019-01-23 08:48:05', '2019-02-20 09:19:13', NULL, '2019-01-26', '17:45', 'gugeu', 3, 1, 'Etb1', 3, '2019-01-23'),
(73, '2019-01-23 08:49:42', '2019-01-29 06:56:36', NULL, '2019-01-27', '17:00', 'beste', 39, 1, 'Etb1', 3, '2019-01-23'),
(74, '2019-01-23 11:40:33', '2019-01-28 08:54:07', NULL, '2019-01-26', '18:00', 'gugeu', 111, 0, NULL, 3, '2019-01-23'),
(75, '2019-01-29 08:26:10', '2019-02-04 08:46:47', NULL, '2019-02-01', '22:00', 'beste', 113, 1, 'Etb1', 3, '2019-01-29'),
(76, '2019-01-29 08:31:03', '2019-02-04 08:54:54', NULL, '2019-02-02', '17:45', 'gugeu', 80, 0, NULL, 3, '2019-01-29'),
(77, '2019-01-29 08:34:23', '2019-02-20 09:18:24', NULL, '2019-02-02', '17:45', 'gugeu', 3, 1, 'Etb1', 3, '2019-01-29'),
(78, '2019-01-29 08:36:15', '2019-02-04 09:11:32', NULL, '2019-02-03', '17:00', 'beste', 44, 1, 'Etb1', 3, '2019-01-29'),
(79, '2019-01-29 08:40:05', '2019-02-04 09:07:42', NULL, '2019-02-03', '11:30', 'gugeu', 110, 0, NULL, 3, '2019-01-29'),
(80, '2019-01-30 08:21:19', '2019-02-18 07:08:02', NULL, '2019-02-16', '17:30', 'gugeu', 109, 0, NULL, 3, '2019-01-30'),
(81, '2019-02-04 20:42:14', '2019-02-11 19:25:27', NULL, '2019-02-08', '20:30', 'beste', 65, 0, NULL, 3, '2019-02-04'),
(82, '2019-02-04 20:46:26', '2019-02-20 09:17:49', NULL, '2019-02-09', '17:45', 'gugeu', 3, 1, 'Etb1', 3, '2019-02-04'),
(83, '2019-02-04 20:48:36', '2019-02-11 19:34:06', NULL, '2019-02-10', '17:00', 'beste', 1, 1, 'Etb1', 3, '2019-02-04'),
(84, '2019-02-05 08:55:37', '2019-02-11 19:29:22', NULL, '2019-02-08', '22:00', 'gugeu', 115, 0, NULL, 3, '2019-02-05'),
(85, '2019-02-05 09:32:07', '2019-02-11 19:26:44', NULL, '2019-02-08', '22:00', 'gugeu', 116, 1, 'Etb1', 3, '2019-02-05'),
(86, '2019-02-12 20:23:45', '2019-02-19 11:53:54', NULL, '2019-02-16', '17:45', 'gugeu', 3, 1, 'Etb1', 3, '2019-02-12'),
(87, '2019-02-12 20:29:43', '2019-02-18 07:09:17', NULL, '2019-02-17', '17:00', 'beste', 39, 1, 'Etb1', 3, '2019-02-12'),
(88, '2019-02-13 09:15:53', '2019-02-18 06:40:06', NULL, '2019-02-15', '22:00', 'beste', 118, 1, 'Etb1', 3, '2019-02-13'),
(89, '2019-02-13 09:22:20', '2019-02-18 07:04:30', NULL, '2019-02-16', '17:45', 'gugeu', 117, 0, NULL, 3, '2019-02-13'),
(90, '2019-02-18 09:43:37', '2019-02-25 08:40:30', NULL, '2019-02-22', '22:00', 'beste', 119, 1, 'Etb1', 3, '2019-02-18'),
(91, '2019-02-18 09:53:17', '2019-02-25 08:42:04', NULL, '2019-02-23', '17:45', 'gugeu', 3, 1, 'Etb1', 3, '2019-02-18'),
(92, '2019-02-18 10:01:58', '2019-03-05 09:54:26', NULL, '2019-02-23', '17:45', 'gugeu', 120, 0, NULL, 3, '2019-02-18'),
(93, '2019-02-18 10:09:20', '2019-02-25 07:53:45', NULL, '2019-02-24', '17:00', 'beste', 22, 1, 'Etb1', 3, '2019-02-18'),
(94, '2019-02-28 08:49:58', '2019-03-05 10:03:13', NULL, '2019-03-02', '17:45', 'gugeu', 3, 1, 'Etb1', 3, '2019-02-28'),
(95, '2019-03-03 19:33:49', '2019-03-03 19:57:42', NULL, '2019-03-03', '17:00', 'beste', 12, 1, 'Etb1', 3, '2019-03-03'),
(96, '2019-03-03 19:37:47', '2019-03-05 09:59:48', NULL, '2019-03-04', '16:30', 'beste', 39, 0, NULL, 3, '2019-03-03'),
(97, '2019-03-03 19:41:38', '2019-03-10 19:44:00', NULL, '2019-03-05', '16:30', 'gugeu', 39, 0, NULL, 3, '2019-03-03'),
(98, '2019-03-03 19:48:00', '2019-03-14 10:50:00', NULL, '2019-03-09', '17:45', 'gugeu', 3, 1, 'Etb1', 3, '2019-03-03'),
(99, '2019-03-04 20:58:00', '2019-03-14 10:53:46', NULL, '2019-03-10', '17:00', 'beste', 21, 1, 'Etb1', 3, '2019-03-04'),
(100, '2019-03-05 10:27:51', '2019-03-24 20:00:04', NULL, '2019-03-22', '20:00', 'gugeu', 121, 1, 'Etb1', 3, '2019-03-05'),
(101, '2019-03-14 10:55:26', '2019-03-18 08:09:29', NULL, '2019-03-15', '22:00', 'beste', 115, 1, 'Etb1', 3, '2019-03-14'),
(102, '2019-03-14 11:01:50', '2019-03-18 08:12:25', NULL, '2019-03-16', '17:45', 'gugeu', 3, 1, 'Etb1', 3, '2019-03-14'),
(103, '2019-03-14 11:10:02', '2019-03-18 08:15:54', NULL, '2019-03-17', '17:00', 'gugeu', 44, 1, 'Etb1', 3, '2019-03-14'),
(104, '2019-03-18 08:33:08', '2019-03-18 21:38:29', '2019-03-18 21:38:29', '2019-03-23', '17:45', 'gugeu', 3, 1, 'Etb1', 1, '2019-03-18'),
(105, '2019-03-18 08:42:53', '2019-03-24 20:08:15', NULL, '2019-03-24', '17:00', 'beste', 22, 1, 'Etb1', 3, '2019-03-18'),
(106, '2019-03-18 14:39:00', '2019-03-18 14:44:16', NULL, '2019-03-29', '19:00', 'gugeu', 120, 1, 'Etb1', 1, '2019-03-18'),
(107, '2019-03-18 14:51:56', '2019-03-24 20:08:59', NULL, '2019-03-23', '17:45', 'gugeu', 3, 1, 'Etb1', 3, '2019-03-18'),
(108, '2019-03-21 11:24:26', '2019-03-26 09:16:52', NULL, '2019-03-30', '17:45', 'beste', 3, 1, 'Etb1', 1, '2019-03-21'),
(109, '2019-03-26 09:22:36', '2019-03-26 09:24:39', NULL, '2019-04-06', '18:00', 'gugeu', 84, 1, 'Etb1', 1, '2019-03-26'),
(110, '2019-03-28 08:41:59', '2019-03-28 08:41:59', NULL, '2019-04-06', '19:30', NULL, 122, 0, NULL, 1, '2019-03-28');

-- --------------------------------------------------------

--
-- Estructura de tabla para la tabla `festival_contactos`
--

CREATE TABLE `festival_contactos` (
  `id` int(10) UNSIGNED NOT NULL,
  `created_at` timestamp NULL DEFAULT NULL,
  `updated_at` timestamp NULL DEFAULT NULL,
  `festival_id` int(10) UNSIGNED DEFAULT NULL,
  `contact_01_name` varchar(100) COLLATE utf8mb4_unicode_ci DEFAULT NULL,
  `contact_01_desc` varchar(100) COLLATE utf8mb4_unicode_ci DEFAULT NULL,
  `contact_01_telephone_1` varchar(20) COLLATE utf8mb4_unicode_ci DEFAULT NULL,
  `contact_01_telephone_2` varchar(20) COLLATE utf8mb4_unicode_ci DEFAULT NULL,
  `contact_01_email_1` varchar(100) COLLATE utf8mb4_unicode_ci DEFAULT NULL,
  `contact_01_email_2` varchar(100) COLLATE utf8mb4_unicode_ci DEFAULT NULL,
  `contact_02_name` varchar(100) COLLATE utf8mb4_unicode_ci DEFAULT NULL,
  `contact_02_desc` varchar(100) COLLATE utf8mb4_unicode_ci DEFAULT NULL,
  `contact_02_telephone_1` varchar(20) COLLATE utf8mb4_unicode_ci DEFAULT NULL,
  `contact_02_telephone_2` varchar(20) COLLATE utf8mb4_unicode_ci DEFAULT NULL,
  `contact_02_email_1` varchar(100) COLLATE utf8mb4_unicode_ci DEFAULT NULL,
  `contact_02_email_2` varchar(100) COLLATE utf8mb4_unicode_ci DEFAULT NULL,
  `observaciones` text COLLATE utf8mb4_unicode_ci
) ENGINE=InnoDB DEFAULT CHARSET=utf8mb4 COLLATE=utf8mb4_unicode_ci;

--
-- Volcado de datos para la tabla `festival_contactos`
--

INSERT INTO `festival_contactos` (`id`, `created_at`, `updated_at`, `festival_id`, `contact_01_name`, `contact_01_desc`, `contact_01_telephone_1`, `contact_01_telephone_2`, `contact_01_email_1`, `contact_01_email_2`, `contact_02_name`, `contact_02_desc`, `contact_02_telephone_1`, `contact_02_telephone_2`, `contact_02_email_1`, `contact_02_email_2`, `observaciones`) VALUES
(1, '2019-01-21 15:14:45', '2019-01-21 15:14:45', NULL, NULL, NULL, NULL, NULL, NULL, NULL, NULL, NULL, NULL, NULL, NULL, NULL, NULL),
(2, '2019-01-21 16:19:09', '2019-01-21 16:19:09', NULL, NULL, NULL, NULL, NULL, NULL, NULL, NULL, NULL, NULL, NULL, NULL, NULL, NULL),
(3, '2019-01-22 08:14:51', '2019-01-22 08:14:51', NULL, NULL, NULL, NULL, NULL, NULL, NULL, NULL, NULL, NULL, NULL, NULL, NULL, NULL),
(4, '2019-01-22 08:15:09', '2019-01-22 08:15:09', NULL, NULL, NULL, NULL, NULL, NULL, NULL, NULL, NULL, NULL, NULL, NULL, NULL, NULL),
(5, '2019-01-22 08:21:48', '2019-01-22 08:21:48', NULL, NULL, NULL, NULL, NULL, NULL, NULL, NULL, NULL, NULL, NULL, NULL, NULL, NULL),
(6, '2019-01-22 08:31:56', '2019-01-22 08:31:56', NULL, NULL, NULL, NULL, NULL, NULL, NULL, NULL, NULL, NULL, NULL, NULL, NULL, NULL),
(7, '2019-01-22 08:32:35', '2019-01-22 08:32:35', NULL, NULL, NULL, NULL, NULL, NULL, NULL, NULL, NULL, NULL, NULL, NULL, NULL, NULL),
(8, '2019-01-22 08:45:11', '2019-01-22 08:45:11', NULL, NULL, NULL, NULL, NULL, NULL, NULL, NULL, NULL, NULL, NULL, NULL, NULL, NULL),
(9, '2019-01-22 08:48:56', '2019-01-22 08:48:56', NULL, NULL, NULL, NULL, NULL, NULL, NULL, NULL, NULL, NULL, NULL, NULL, NULL, NULL),
(10, '2019-01-22 08:49:19', '2019-01-22 08:49:19', NULL, NULL, NULL, NULL, NULL, NULL, NULL, NULL, NULL, NULL, NULL, NULL, NULL, NULL),
(11, '2019-01-22 08:49:30', '2019-01-22 08:49:30', NULL, NULL, NULL, NULL, NULL, NULL, NULL, NULL, NULL, NULL, NULL, NULL, NULL, NULL),
(12, '2019-01-23 06:22:38', '2019-01-23 06:22:38', NULL, NULL, NULL, NULL, NULL, NULL, NULL, NULL, NULL, NULL, NULL, NULL, NULL, NULL),
(13, '2019-01-23 06:24:08', '2019-01-23 06:24:08', NULL, NULL, NULL, NULL, NULL, NULL, NULL, NULL, NULL, NULL, NULL, NULL, NULL, NULL),
(14, '2019-01-23 06:25:43', '2019-01-23 06:25:43', NULL, NULL, NULL, NULL, NULL, NULL, NULL, NULL, NULL, NULL, NULL, NULL, NULL, NULL),
(15, '2019-01-23 06:33:30', '2019-01-23 06:33:30', NULL, NULL, NULL, NULL, NULL, NULL, NULL, NULL, NULL, NULL, NULL, NULL, NULL, NULL),
(16, '2019-01-23 06:34:09', '2019-01-23 06:34:09', NULL, NULL, NULL, NULL, NULL, NULL, NULL, NULL, NULL, NULL, NULL, NULL, NULL, NULL),
(17, '2019-01-23 06:35:28', '2019-01-23 06:35:28', NULL, NULL, NULL, NULL, NULL, NULL, NULL, NULL, NULL, NULL, NULL, NULL, NULL, NULL),
(18, '2019-01-23 06:36:53', '2019-01-23 06:36:53', NULL, NULL, NULL, NULL, NULL, NULL, NULL, NULL, NULL, NULL, NULL, NULL, NULL, NULL),
(19, '2019-01-23 06:37:32', '2019-01-23 06:37:32', NULL, NULL, NULL, NULL, NULL, NULL, NULL, NULL, NULL, NULL, NULL, NULL, NULL, NULL),
(20, '2019-01-23 06:39:00', '2019-01-23 06:39:00', NULL, NULL, NULL, NULL, NULL, NULL, NULL, NULL, NULL, NULL, NULL, NULL, NULL, NULL),
(21, '2019-01-23 06:40:39', '2019-01-23 06:40:39', NULL, NULL, NULL, NULL, NULL, NULL, NULL, NULL, NULL, NULL, NULL, NULL, NULL, NULL),
(22, '2019-01-23 06:42:30', '2019-01-23 06:42:30', NULL, NULL, NULL, NULL, NULL, NULL, NULL, NULL, NULL, NULL, NULL, NULL, NULL, NULL),
(23, '2019-01-23 06:43:40', '2019-01-23 06:43:40', NULL, NULL, NULL, NULL, NULL, NULL, NULL, NULL, NULL, NULL, NULL, NULL, NULL, NULL),
(24, '2019-01-23 06:44:37', '2019-01-23 06:44:37', NULL, NULL, NULL, NULL, NULL, NULL, NULL, NULL, NULL, NULL, NULL, NULL, NULL, NULL),
(25, '2019-01-23 06:45:49', '2019-01-23 06:45:49', NULL, NULL, NULL, NULL, NULL, NULL, NULL, NULL, NULL, NULL, NULL, NULL, NULL, NULL),
(26, '2019-01-23 06:46:04', '2019-01-23 06:46:04', NULL, NULL, NULL, NULL, NULL, NULL, NULL, NULL, NULL, NULL, NULL, NULL, NULL, NULL),
(27, '2019-01-23 06:46:17', '2019-01-23 06:46:17', NULL, NULL, NULL, NULL, NULL, NULL, NULL, NULL, NULL, NULL, NULL, NULL, NULL, NULL),
(28, '2019-01-23 06:47:51', '2019-01-23 06:47:51', NULL, NULL, NULL, NULL, NULL, NULL, NULL, NULL, NULL, NULL, NULL, NULL, NULL, NULL),
(29, '2019-01-23 06:49:13', '2019-01-23 06:49:13', NULL, NULL, NULL, NULL, NULL, NULL, NULL, NULL, NULL, NULL, NULL, NULL, NULL, NULL),
(30, '2019-01-23 08:32:09', '2019-01-23 08:32:09', NULL, NULL, NULL, NULL, NULL, NULL, NULL, NULL, NULL, NULL, NULL, NULL, NULL, NULL),
(31, '2019-01-23 08:44:18', '2019-01-23 08:44:18', NULL, NULL, NULL, NULL, NULL, NULL, NULL, NULL, NULL, NULL, NULL, NULL, NULL, NULL),
(32, '2019-01-23 08:47:06', '2019-01-23 08:47:06', NULL, NULL, NULL, NULL, NULL, NULL, NULL, NULL, NULL, NULL, NULL, NULL, NULL, NULL),
(33, '2019-01-23 08:48:53', '2019-01-23 08:48:53', NULL, NULL, NULL, NULL, NULL, NULL, NULL, NULL, NULL, NULL, NULL, NULL, NULL, NULL),
(34, '2019-01-23 08:52:52', '2019-01-23 08:52:52', NULL, NULL, NULL, NULL, NULL, NULL, NULL, NULL, NULL, NULL, NULL, NULL, NULL, NULL),
(35, '2019-01-23 08:55:14', '2019-01-23 08:55:14', NULL, NULL, NULL, NULL, NULL, NULL, NULL, NULL, NULL, NULL, NULL, NULL, NULL, NULL),
(36, '2019-01-23 08:56:31', '2019-01-23 08:56:31', NULL, NULL, NULL, NULL, NULL, NULL, NULL, NULL, NULL, NULL, NULL, NULL, NULL, NULL),
(37, '2019-01-23 08:58:07', '2019-01-23 08:58:07', NULL, NULL, NULL, NULL, NULL, NULL, NULL, NULL, NULL, NULL, NULL, NULL, NULL, NULL),
(38, '2019-01-23 10:26:48', '2019-01-23 10:26:48', NULL, NULL, NULL, NULL, NULL, NULL, NULL, NULL, NULL, NULL, NULL, NULL, NULL, NULL),
(39, '2019-01-23 10:29:48', '2019-01-23 10:29:48', NULL, NULL, NULL, NULL, NULL, NULL, NULL, NULL, NULL, NULL, NULL, NULL, NULL, NULL),
(40, '2019-01-23 10:52:45', '2019-01-23 10:52:45', NULL, NULL, NULL, NULL, NULL, NULL, NULL, NULL, NULL, NULL, NULL, NULL, NULL, NULL),
(41, '2019-01-23 11:41:40', '2019-01-23 11:41:40', NULL, NULL, NULL, NULL, NULL, NULL, NULL, NULL, NULL, NULL, NULL, NULL, NULL, NULL),
(42, '2019-01-28 08:54:07', '2019-01-28 08:54:07', NULL, NULL, NULL, NULL, NULL, NULL, NULL, NULL, NULL, NULL, NULL, NULL, NULL, NULL),
(43, '2019-01-28 09:12:01', '2019-01-28 09:12:01', NULL, NULL, NULL, NULL, NULL, NULL, NULL, NULL, NULL, NULL, NULL, NULL, NULL, NULL),
(44, '2019-01-28 09:12:31', '2019-01-28 09:12:31', NULL, NULL, NULL, NULL, NULL, NULL, NULL, NULL, NULL, NULL, NULL, NULL, NULL, NULL),
(45, '2019-01-28 09:13:00', '2019-01-28 09:13:00', NULL, NULL, NULL, NULL, NULL, NULL, NULL, NULL, NULL, NULL, NULL, NULL, NULL, NULL),
(46, '2019-01-28 09:13:13', '2019-01-28 09:13:13', NULL, NULL, NULL, NULL, NULL, NULL, NULL, NULL, NULL, NULL, NULL, NULL, NULL, NULL),
(47, '2019-01-28 09:13:33', '2019-01-28 09:13:33', NULL, NULL, NULL, NULL, NULL, NULL, NULL, NULL, NULL, NULL, NULL, NULL, NULL, NULL),
(48, '2019-01-28 09:14:04', '2019-01-28 09:14:04', NULL, NULL, NULL, NULL, NULL, NULL, NULL, NULL, NULL, NULL, NULL, NULL, NULL, NULL),
(49, '2019-01-28 09:14:30', '2019-01-28 09:14:30', NULL, NULL, NULL, NULL, NULL, NULL, NULL, NULL, NULL, NULL, NULL, NULL, NULL, NULL),
(50, '2019-01-28 09:18:40', '2019-01-28 09:18:40', NULL, NULL, NULL, NULL, NULL, NULL, NULL, NULL, NULL, NULL, NULL, NULL, NULL, NULL),
(51, '2019-01-28 09:19:31', '2019-01-28 09:19:31', NULL, NULL, NULL, NULL, NULL, NULL, NULL, NULL, NULL, NULL, NULL, NULL, NULL, NULL),
(52, '2019-01-28 09:20:35', '2019-01-28 09:20:35', NULL, NULL, NULL, NULL, NULL, NULL, NULL, NULL, NULL, NULL, NULL, NULL, NULL, NULL),
(53, '2019-01-28 09:21:47', '2019-01-28 09:21:47', NULL, NULL, NULL, NULL, NULL, NULL, NULL, NULL, NULL, NULL, NULL, NULL, NULL, NULL),
(54, '2019-01-29 06:52:31', '2019-01-29 06:52:31', NULL, NULL, NULL, NULL, NULL, NULL, NULL, NULL, NULL, NULL, NULL, NULL, NULL, NULL),
(55, '2019-01-29 06:52:48', '2019-01-29 06:52:48', NULL, NULL, NULL, NULL, NULL, NULL, NULL, NULL, NULL, NULL, NULL, NULL, NULL, NULL),
(56, '2019-01-29 06:54:13', '2019-01-29 06:54:13', NULL, NULL, NULL, NULL, NULL, NULL, NULL, NULL, NULL, NULL, NULL, NULL, NULL, NULL),
(57, '2019-01-29 06:54:54', '2019-01-29 06:54:54', NULL, NULL, NULL, NULL, NULL, NULL, NULL, NULL, NULL, NULL, NULL, NULL, NULL, NULL),
(58, '2019-01-29 06:55:32', '2019-01-29 06:55:32', NULL, NULL, NULL, NULL, NULL, NULL, NULL, NULL, NULL, NULL, NULL, NULL, NULL, NULL),
(59, '2019-01-29 06:56:18', '2019-01-29 06:56:18', NULL, NULL, NULL, NULL, NULL, NULL, NULL, NULL, NULL, NULL, NULL, NULL, NULL, NULL),
(60, '2019-01-29 06:56:36', '2019-01-29 06:56:36', NULL, NULL, NULL, NULL, NULL, NULL, NULL, NULL, NULL, NULL, NULL, NULL, NULL, NULL),
(61, '2019-01-29 06:57:53', '2019-01-29 06:57:53', NULL, NULL, NULL, NULL, NULL, NULL, NULL, NULL, NULL, NULL, NULL, NULL, NULL, NULL),
(62, '2019-01-29 06:58:00', '2019-01-29 06:58:00', NULL, NULL, NULL, NULL, NULL, NULL, NULL, NULL, NULL, NULL, NULL, NULL, NULL, NULL),
(63, '2019-01-29 07:39:16', '2019-01-29 07:39:16', NULL, NULL, NULL, NULL, NULL, NULL, NULL, NULL, NULL, NULL, NULL, NULL, NULL, NULL),
(64, '2019-01-29 07:40:56', '2019-01-29 07:40:56', NULL, NULL, NULL, NULL, NULL, NULL, NULL, NULL, NULL, NULL, NULL, NULL, NULL, NULL),
(65, '2019-01-29 08:30:10', '2019-01-29 08:30:10', NULL, NULL, NULL, NULL, NULL, NULL, NULL, NULL, NULL, NULL, NULL, NULL, NULL, NULL),
(66, '2019-01-29 08:33:08', '2019-01-29 08:33:08', NULL, NULL, NULL, NULL, NULL, NULL, NULL, NULL, NULL, NULL, NULL, NULL, NULL, NULL),
(67, '2019-01-29 08:35:27', '2019-01-29 08:35:27', NULL, NULL, NULL, NULL, NULL, NULL, NULL, NULL, NULL, NULL, NULL, NULL, NULL, NULL),
(68, '2019-01-29 08:39:20', '2019-01-29 08:39:20', NULL, NULL, NULL, NULL, NULL, NULL, NULL, NULL, NULL, NULL, NULL, NULL, NULL, NULL),
(69, '2019-01-29 08:41:12', '2019-01-29 08:41:12', NULL, NULL, NULL, NULL, NULL, NULL, NULL, NULL, NULL, NULL, NULL, NULL, NULL, NULL),
(70, '2019-01-29 09:01:13', '2019-01-29 09:01:13', NULL, NULL, NULL, NULL, NULL, NULL, NULL, NULL, NULL, NULL, NULL, NULL, NULL, NULL),
(71, '2019-01-29 10:10:28', '2019-01-29 10:10:28', NULL, NULL, NULL, NULL, NULL, NULL, NULL, NULL, NULL, NULL, NULL, NULL, NULL, NULL),
(72, '2019-01-29 10:10:52', '2019-01-29 10:10:52', NULL, NULL, NULL, NULL, NULL, NULL, NULL, NULL, NULL, NULL, NULL, NULL, NULL, NULL),
(73, '2019-01-29 14:17:02', '2019-01-30 07:20:04', 58, 'Arantza Estanga', 'Udaleko arduraduna', '688667890', NULL, NULL, NULL, NULL, NULL, NULL, NULL, NULL, NULL, NULL),
(74, '2019-01-30 07:03:11', '2019-01-30 07:12:51', 55, 'Inaxio Errandonea', 'ASPE enpresako gerentea', '690025576', NULL, NULL, NULL, NULL, NULL, NULL, NULL, NULL, NULL, NULL),
(75, '2019-01-30 07:15:05', '2019-02-21 08:38:35', 56, 'Iñaki Ugarteburu', 'Udaleko teknikaria', '629853460', NULL, NULL, NULL, 'Julen Aranburu', 'Bergara esku pilotako lehenakaria', '635206104', NULL, NULL, NULL, 'Jaialdia dena Takillara'),
(76, '2019-01-30 07:18:17', '2019-01-30 07:18:17', 57, 'Jon Oiartzun', 'Federazioko zuzendaria', '630099490', NULL, NULL, NULL, NULL, NULL, NULL, NULL, NULL, NULL, NULL),
(77, '2019-01-30 07:24:19', '2019-01-30 07:56:45', 70, 'Hendaya', 'Hendaiako esku pilota presidentea', '687537313', NULL, NULL, NULL, NULL, NULL, NULL, NULL, NULL, NULL, 'Aurten ASPEK egiten du 11.500eurotan. Frontoian ikusle asko'),
(78, '2019-01-30 07:29:10', '2019-01-30 07:36:48', 74, 'Juan Felix', 'Gautegiz Arteagako alkatea', '677916414', NULL, NULL, NULL, NULL, NULL, NULL, NULL, NULL, NULL, 'Guztira 2.420  (bez barne). Partidu bakarra eta sarrera dohain egiten da'),
(79, '2019-01-30 07:35:03', '2019-01-30 07:35:03', NULL, NULL, NULL, NULL, NULL, NULL, NULL, NULL, NULL, NULL, NULL, NULL, NULL, NULL),
(80, '2019-01-30 07:40:06', '2019-02-20 09:53:59', 71, 'Agustin Erkizia', 'Esku pilotako arduraduna', '688673564', NULL, NULL, NULL, NULL, NULL, NULL, NULL, NULL, NULL, 'Hasiera batean 14.000 eurotan izan zen baia azken orduko URRUTIN baja dela eta 13.500tan izan da. Pelota eskolari jokatzen duten 4 kamiseta eta 30 pilota (normalean 15)  ematen dizkiegu.\nSARRERA INTERNET-- (20 euroko  48 sarrera eta (25 euroko 25 sarrera)  Guztira 955 euro salduak\n13.500\n-955 (internet sarrera)\n-15 (BAIKO sarrera bat)\n-100 (Korredoreen sarrerak ASPEK ordaintzeko\nMARKINA PELOTA ESKOLARI= 12.430 euroko FAKTURA'),
(81, '2019-01-30 08:01:19', '2019-01-30 08:17:21', 79, 'Ainhoa', 'Zizurkilgo udaletxeko arduraduna', '629 92 22 11', NULL, NULL, NULL, NULL, NULL, NULL, NULL, NULL, NULL, 'Aurten 2.000+200 sarrera  (3 eurokoak) saltzeko konpromisoa (GUZTIRA 2.600 euro)\n300 sarrera bihaltzen dizkiegu ea zenbat saltzen dituzten'),
(82, '2019-01-30 08:09:23', '2019-02-20 10:05:40', 76, 'Asier Ariztimuño', 'Pelota eskolako arduraduna', '652746877', NULL, NULL, NULL, NULL, NULL, NULL, NULL, NULL, NULL, 'Aurten 16.000 eurotan jartzen da jaialdia. 48 sarrera internet bidez jartzen dira.\nInternetez saldutakoa 48sarrera *30= 1.440 euro\n16.000\n-1.440 (internet)\nFAKTURA BIDALI 14.560 euro'),
(83, '2019-01-30 08:15:30', '2019-01-30 08:15:30', 65, 'Gotzon enbil', 'Zumaiako udaleko sinegotzia', NULL, NULL, NULL, NULL, NULL, NULL, NULL, NULL, NULL, NULL, 'Aurten ASPEK egiten du. 14.000 euro fijoak eta hortik gora saltzen bada ASPEntzat'),
(84, '2019-01-30 08:22:33', '2019-01-30 08:22:33', NULL, NULL, NULL, NULL, NULL, NULL, NULL, NULL, NULL, NULL, NULL, NULL, NULL, NULL),
(85, '2019-01-30 08:26:39', '2019-02-13 21:40:09', 80, 'Igor', 'Udaletxeko sinegotzia', '652.71.05.18', NULL, NULL, NULL, 'Imanol Agirre', 'Esku pilotako arduraduna', '637.88.24.79.', NULL, NULL, NULL, 'Jaialdia 2.600 (1.600euro+200 sarrera (5 eurokoak) saltzeko konpromisoa. Pelota elkarteak aurretik 2 partidu jartzen ditu baia beraiek arduratzen dira. UDALETXEARI 2.600 faktura egin'),
(86, '2019-02-04 08:46:47', '2019-02-04 08:46:47', NULL, NULL, NULL, NULL, NULL, NULL, NULL, NULL, NULL, NULL, NULL, NULL, NULL, NULL),
(87, '2019-02-04 08:49:11', '2019-02-04 08:49:11', NULL, NULL, NULL, NULL, NULL, NULL, NULL, NULL, NULL, NULL, NULL, NULL, NULL, NULL),
(88, '2019-02-04 08:50:39', '2019-02-04 08:50:39', NULL, NULL, NULL, NULL, NULL, NULL, NULL, NULL, NULL, NULL, NULL, NULL, NULL, NULL),
(89, '2019-02-04 09:11:32', '2019-02-04 09:11:32', NULL, NULL, NULL, NULL, NULL, NULL, NULL, NULL, NULL, NULL, NULL, NULL, NULL, NULL),
(90, '2019-02-04 09:16:42', '2019-02-04 09:16:42', NULL, NULL, NULL, NULL, NULL, NULL, NULL, NULL, NULL, NULL, NULL, NULL, NULL, NULL),
(91, '2019-02-04 20:44:26', '2019-02-04 20:44:26', NULL, NULL, NULL, NULL, NULL, NULL, NULL, NULL, NULL, NULL, NULL, NULL, NULL, NULL),
(92, '2019-02-04 20:47:46', '2019-02-04 20:47:46', NULL, NULL, NULL, NULL, NULL, NULL, NULL, NULL, NULL, NULL, NULL, NULL, NULL, NULL),
(93, '2019-02-04 20:51:41', '2019-02-04 20:51:41', NULL, NULL, NULL, NULL, NULL, NULL, NULL, NULL, NULL, NULL, NULL, NULL, NULL, NULL),
(94, '2019-02-05 08:58:32', '2019-02-05 09:00:23', 84, NULL, NULL, NULL, NULL, NULL, NULL, NULL, NULL, NULL, NULL, NULL, NULL, NULL),
(95, '2019-02-05 09:37:49', '2019-02-05 09:37:49', NULL, NULL, NULL, NULL, NULL, NULL, NULL, NULL, NULL, NULL, NULL, NULL, NULL, NULL),
(96, '2019-02-05 09:41:29', '2019-02-20 10:07:28', 85, 'Xabier ALdalur', 'Pelota eskolako arduraduna', '627084667', NULL, NULL, NULL, 'Aitor', 'Pelota eskolako arduraduna', '626 90 04 60', NULL, NULL, NULL, 'Pelota eskolak 450 saltzeko konpromisoa. Hau da 11.250 euro. Bertan egunean 20 eta 25 euroko sarrerak saltzen dira. Kantitate horretatik gora saltzen dana %50 (BAIKO-AZPEITI). Jaialdi honetan: 11.970. Hau da 11.970-11250= (720euro)\nBAIKO=11.610 eta AZPEITIKO pelota eskola 360 euro\nInternet bidez 8640 euro saltzen da aurretiz\nFAKTURA BIDALI =2.970 euro'),
(97, '2019-02-05 12:31:21', '2019-02-05 12:31:21', NULL, NULL, NULL, NULL, NULL, NULL, NULL, NULL, NULL, NULL, NULL, NULL, NULL, NULL),
(98, '2019-02-05 12:37:34', '2019-02-05 12:37:34', NULL, NULL, NULL, NULL, NULL, NULL, NULL, NULL, NULL, NULL, NULL, NULL, NULL, NULL),
(99, '2019-02-11 19:25:27', '2019-02-11 19:25:27', NULL, NULL, NULL, NULL, NULL, NULL, NULL, NULL, NULL, NULL, NULL, NULL, NULL, NULL),
(100, '2019-02-11 19:30:36', '2019-02-11 19:30:36', NULL, NULL, NULL, NULL, NULL, NULL, NULL, NULL, NULL, NULL, NULL, NULL, NULL, NULL),
(101, '2019-02-11 19:31:41', '2019-02-11 19:31:41', NULL, NULL, NULL, NULL, NULL, NULL, NULL, NULL, NULL, NULL, NULL, NULL, NULL, NULL),
(102, '2019-02-11 19:34:06', '2019-02-11 19:34:06', NULL, NULL, NULL, NULL, NULL, NULL, NULL, NULL, NULL, NULL, NULL, NULL, NULL, NULL),
(103, '2019-02-11 19:35:30', '2019-02-13 09:28:43', 81, 'Txetxi Cecilio', 'Pelota eskola TAFALLA', '670.30.61.74', NULL, NULL, NULL, NULL, NULL, NULL, NULL, NULL, NULL, 'Tafallan binakako txapelketa 3000 euro+ takila egiten dute'),
(104, '2019-02-12 20:27:46', '2019-02-12 20:27:46', NULL, NULL, NULL, NULL, NULL, NULL, NULL, NULL, NULL, NULL, NULL, NULL, NULL, NULL),
(105, '2019-02-12 20:31:14', '2019-02-12 20:31:14', NULL, NULL, NULL, NULL, NULL, NULL, NULL, NULL, NULL, NULL, NULL, NULL, NULL, NULL),
(106, '2019-02-12 20:31:41', '2019-02-12 20:31:41', NULL, NULL, NULL, NULL, NULL, NULL, NULL, NULL, NULL, NULL, NULL, NULL, NULL, NULL),
(107, '2019-02-12 20:37:11', '2019-02-12 20:37:11', NULL, NULL, NULL, NULL, NULL, NULL, NULL, NULL, NULL, NULL, NULL, NULL, NULL, NULL),
(108, '2019-02-12 20:42:37', '2019-02-12 20:42:37', NULL, NULL, NULL, NULL, NULL, NULL, NULL, NULL, NULL, NULL, NULL, NULL, NULL, NULL),
(109, '2019-02-12 20:43:40', '2019-02-12 20:43:40', NULL, NULL, NULL, NULL, NULL, NULL, NULL, NULL, NULL, NULL, NULL, NULL, NULL, NULL),
(110, '2019-02-12 20:44:31', '2019-02-12 20:44:31', NULL, NULL, NULL, NULL, NULL, NULL, NULL, NULL, NULL, NULL, NULL, NULL, NULL, NULL),
(111, '2019-02-13 09:18:52', '2019-02-13 09:18:52', NULL, NULL, NULL, NULL, NULL, NULL, NULL, NULL, NULL, NULL, NULL, NULL, NULL, NULL),
(112, '2019-02-13 09:24:09', '2019-02-13 09:24:09', NULL, NULL, NULL, NULL, NULL, NULL, NULL, NULL, NULL, NULL, NULL, NULL, NULL, NULL),
(113, '2019-02-13 09:30:46', '2019-02-20 09:36:57', 89, 'Angel Hernandez', 'Concejal Ayuntamiento de SORIA', '625.24.80.65', NULL, NULL, NULL, NULL, NULL, NULL, NULL, NULL, NULL, 'Soriako udaletxeagaz 450 (25 eurokoak) sarrera saltzeko konpromisoa. GUZTIRA  11.250 euro.\nInternetetik salduta  93 sarrera 25 eurokoak= 2.325 euro\nTAkillan salduta 132 sarrera 25 eurokoak= 3.300 euro\nBidali faktura  11.250-5.625=  GUZTIRA 5.625 euro'),
(114, '2019-02-18 06:40:06', '2019-02-18 06:40:06', NULL, NULL, NULL, NULL, NULL, NULL, NULL, NULL, NULL, NULL, NULL, NULL, NULL, NULL),
(115, '2019-02-18 07:05:39', '2019-02-18 07:05:39', NULL, NULL, NULL, NULL, NULL, NULL, NULL, NULL, NULL, NULL, NULL, NULL, NULL, NULL),
(116, '2019-02-18 07:06:09', '2019-02-18 07:06:09', NULL, NULL, NULL, NULL, NULL, NULL, NULL, NULL, NULL, NULL, NULL, NULL, NULL, NULL),
(117, '2019-02-18 07:07:23', '2019-02-18 07:07:23', NULL, NULL, NULL, NULL, NULL, NULL, NULL, NULL, NULL, NULL, NULL, NULL, NULL, NULL),
(118, '2019-02-18 07:09:17', '2019-02-18 07:09:17', NULL, NULL, NULL, NULL, NULL, NULL, NULL, NULL, NULL, NULL, NULL, NULL, NULL, NULL),
(119, '2019-02-18 07:11:08', '2019-02-18 07:11:08', NULL, NULL, NULL, NULL, NULL, NULL, NULL, NULL, NULL, NULL, NULL, NULL, NULL, NULL),
(120, '2019-02-18 09:47:50', '2019-02-18 09:47:50', NULL, NULL, NULL, NULL, NULL, NULL, NULL, NULL, NULL, NULL, NULL, NULL, NULL, NULL),
(121, '2019-02-18 10:01:17', '2019-02-18 10:01:17', NULL, NULL, NULL, NULL, NULL, NULL, NULL, NULL, NULL, NULL, NULL, NULL, NULL, NULL),
(122, '2019-02-18 10:03:11', '2019-02-18 10:03:11', NULL, NULL, NULL, NULL, NULL, NULL, NULL, NULL, NULL, NULL, NULL, NULL, NULL, NULL),
(123, '2019-02-18 10:14:28', '2019-02-18 10:14:28', NULL, NULL, NULL, NULL, NULL, NULL, NULL, NULL, NULL, NULL, NULL, NULL, NULL, NULL),
(124, '2019-02-18 10:27:38', '2019-02-18 10:27:38', NULL, NULL, NULL, NULL, NULL, NULL, NULL, NULL, NULL, NULL, NULL, NULL, NULL, NULL),
(125, '2019-02-18 10:27:48', '2019-02-18 10:27:48', NULL, NULL, NULL, NULL, NULL, NULL, NULL, NULL, NULL, NULL, NULL, NULL, NULL, NULL),
(126, '2019-02-18 10:38:06', '2019-02-18 10:38:06', NULL, NULL, NULL, NULL, NULL, NULL, NULL, NULL, NULL, NULL, NULL, NULL, NULL, NULL),
(127, '2019-02-18 10:38:27', '2019-02-18 10:38:27', NULL, NULL, NULL, NULL, NULL, NULL, NULL, NULL, NULL, NULL, NULL, NULL, NULL, NULL),
(128, '2019-02-18 10:39:31', '2019-02-18 10:39:31', NULL, NULL, NULL, NULL, NULL, NULL, NULL, NULL, NULL, NULL, NULL, NULL, NULL, NULL),
(129, '2019-02-18 10:41:44', '2019-02-25 08:45:37', 92, 'Iñigo', 'Pelota eskola', '629.49.35.59', NULL, NULL, NULL, NULL, NULL, NULL, NULL, NULL, NULL, 'Hasiera batean 14.000 euro ziran baia Aimar Olaizolan baja dela eta 12.000 eurotan saldu dogu jaialdia.\n12.000 euro-790 euro (internet saldutakoa)=Faktura 11.210 egin behar zaie'),
(130, '2019-02-18 10:51:25', '2019-02-18 10:51:25', NULL, NULL, NULL, NULL, NULL, NULL, NULL, NULL, NULL, NULL, NULL, NULL, NULL, NULL),
(131, '2019-02-19 11:53:14', '2019-02-19 11:53:14', NULL, NULL, NULL, NULL, NULL, NULL, NULL, NULL, NULL, NULL, NULL, NULL, NULL, NULL),
(132, '2019-02-19 11:53:54', '2019-02-19 11:53:54', NULL, NULL, NULL, NULL, NULL, NULL, NULL, NULL, NULL, NULL, NULL, NULL, NULL, NULL),
(133, '2019-02-20 05:50:06', '2019-02-20 05:50:06', NULL, NULL, NULL, NULL, NULL, NULL, NULL, NULL, NULL, NULL, NULL, NULL, NULL, NULL),
(134, '2019-02-20 09:17:49', '2019-02-20 09:17:49', NULL, NULL, NULL, NULL, NULL, NULL, NULL, NULL, NULL, NULL, NULL, NULL, NULL, NULL),
(135, '2019-02-20 09:18:24', '2019-02-20 09:18:24', NULL, NULL, NULL, NULL, NULL, NULL, NULL, NULL, NULL, NULL, NULL, NULL, NULL, NULL),
(136, '2019-02-20 09:19:13', '2019-02-20 09:19:13', NULL, NULL, NULL, NULL, NULL, NULL, NULL, NULL, NULL, NULL, NULL, NULL, NULL, NULL),
(137, '2019-02-20 09:19:52', '2019-02-20 09:19:52', NULL, NULL, NULL, NULL, NULL, NULL, NULL, NULL, NULL, NULL, NULL, NULL, NULL, NULL),
(138, '2019-02-20 09:20:51', '2019-02-20 09:20:51', NULL, NULL, NULL, NULL, NULL, NULL, NULL, NULL, NULL, NULL, NULL, NULL, NULL, NULL),
(139, '2019-02-25 07:53:45', '2019-02-25 07:53:45', NULL, NULL, NULL, NULL, NULL, NULL, NULL, NULL, NULL, NULL, NULL, NULL, NULL, NULL),
(140, '2019-02-25 07:57:43', '2019-02-25 07:57:43', NULL, NULL, NULL, NULL, NULL, NULL, NULL, NULL, NULL, NULL, NULL, NULL, NULL, NULL),
(141, '2019-02-25 08:40:30', '2019-02-25 08:40:30', NULL, NULL, NULL, NULL, NULL, NULL, NULL, NULL, NULL, NULL, NULL, NULL, NULL, NULL),
(142, '2019-02-25 08:42:04', '2019-02-25 08:42:04', NULL, NULL, NULL, NULL, NULL, NULL, NULL, NULL, NULL, NULL, NULL, NULL, NULL, NULL),
(143, '2019-02-25 08:42:14', '2019-02-25 08:42:14', NULL, NULL, NULL, NULL, NULL, NULL, NULL, NULL, NULL, NULL, NULL, NULL, NULL, NULL),
(144, '2019-02-28 09:14:11', '2019-02-28 09:14:11', NULL, NULL, NULL, NULL, NULL, NULL, NULL, NULL, NULL, NULL, NULL, NULL, NULL, NULL),
(145, '2019-03-03 19:36:46', '2019-03-03 19:36:46', NULL, NULL, NULL, NULL, NULL, NULL, NULL, NULL, NULL, NULL, NULL, NULL, NULL, NULL),
(146, '2019-03-03 19:40:59', '2019-03-03 19:40:59', NULL, NULL, NULL, NULL, NULL, NULL, NULL, NULL, NULL, NULL, NULL, NULL, NULL, NULL),
(147, '2019-03-03 19:45:25', '2019-03-03 19:45:25', NULL, NULL, NULL, NULL, NULL, NULL, NULL, NULL, NULL, NULL, NULL, NULL, NULL, NULL),
(148, '2019-03-03 19:46:17', '2019-03-03 19:46:17', NULL, NULL, NULL, NULL, NULL, NULL, NULL, NULL, NULL, NULL, NULL, NULL, NULL, NULL),
(149, '2019-03-03 19:50:21', '2019-03-03 19:50:21', NULL, NULL, NULL, NULL, NULL, NULL, NULL, NULL, NULL, NULL, NULL, NULL, NULL, NULL),
(150, '2019-03-03 19:57:26', '2019-03-03 19:57:26', NULL, NULL, NULL, NULL, NULL, NULL, NULL, NULL, NULL, NULL, NULL, NULL, NULL, NULL),
(151, '2019-03-03 19:57:42', '2019-03-03 19:57:42', NULL, NULL, NULL, NULL, NULL, NULL, NULL, NULL, NULL, NULL, NULL, NULL, NULL, NULL),
(152, '2019-03-03 19:59:42', '2019-03-03 19:59:42', NULL, NULL, NULL, NULL, NULL, NULL, NULL, NULL, NULL, NULL, NULL, NULL, NULL, NULL),
(153, '2019-03-03 20:00:50', '2019-03-03 20:00:50', NULL, NULL, NULL, NULL, NULL, NULL, NULL, NULL, NULL, NULL, NULL, NULL, NULL, NULL),
(154, '2019-03-03 20:00:53', '2019-03-03 20:00:53', NULL, NULL, NULL, NULL, NULL, NULL, NULL, NULL, NULL, NULL, NULL, NULL, NULL, NULL),
(155, '2019-03-04 20:55:21', '2019-03-04 20:55:21', NULL, NULL, NULL, NULL, NULL, NULL, NULL, NULL, NULL, NULL, NULL, NULL, NULL, NULL),
(156, '2019-03-04 20:56:43', '2019-03-04 20:56:43', NULL, NULL, NULL, NULL, NULL, NULL, NULL, NULL, NULL, NULL, NULL, NULL, NULL, NULL),
(157, '2019-03-04 21:01:16', '2019-03-04 21:01:16', NULL, NULL, NULL, NULL, NULL, NULL, NULL, NULL, NULL, NULL, NULL, NULL, NULL, NULL),
(158, '2019-03-04 21:04:13', '2019-03-04 21:04:13', NULL, NULL, NULL, NULL, NULL, NULL, NULL, NULL, NULL, NULL, NULL, NULL, NULL, NULL),
(159, '2019-03-04 21:07:19', '2019-03-04 21:07:19', NULL, NULL, NULL, NULL, NULL, NULL, NULL, NULL, NULL, NULL, NULL, NULL, NULL, NULL),
(160, '2019-03-05 09:56:50', '2019-03-05 09:56:50', NULL, NULL, NULL, NULL, NULL, NULL, NULL, NULL, NULL, NULL, NULL, NULL, NULL, NULL),
(161, '2019-03-05 09:59:25', '2019-03-05 09:59:25', NULL, NULL, NULL, NULL, NULL, NULL, NULL, NULL, NULL, NULL, NULL, NULL, NULL, NULL),
(162, '2019-03-05 09:59:48', '2019-03-05 09:59:48', NULL, NULL, NULL, NULL, NULL, NULL, NULL, NULL, NULL, NULL, NULL, NULL, NULL, NULL),
(163, '2019-03-05 10:00:57', '2019-03-05 10:00:57', NULL, NULL, NULL, NULL, NULL, NULL, NULL, NULL, NULL, NULL, NULL, NULL, NULL, NULL),
(164, '2019-03-05 10:03:13', '2019-03-05 10:03:13', NULL, NULL, NULL, NULL, NULL, NULL, NULL, NULL, NULL, NULL, NULL, NULL, NULL, NULL),
(165, '2019-03-05 10:04:24', '2019-03-05 10:04:24', NULL, NULL, NULL, NULL, NULL, NULL, NULL, NULL, NULL, NULL, NULL, NULL, NULL, NULL),
(166, '2019-03-05 10:05:48', '2019-03-05 10:05:48', NULL, NULL, NULL, NULL, NULL, NULL, NULL, NULL, NULL, NULL, NULL, NULL, NULL, NULL),
(167, '2019-03-05 10:30:19', '2019-03-05 10:30:19', NULL, NULL, NULL, NULL, NULL, NULL, NULL, NULL, NULL, NULL, NULL, NULL, NULL, NULL),
(168, '2019-03-06 08:11:52', '2019-03-06 08:11:52', NULL, NULL, NULL, NULL, NULL, NULL, NULL, NULL, NULL, NULL, NULL, NULL, NULL, NULL),
(169, '2019-03-06 10:58:17', '2019-03-06 10:58:17', NULL, NULL, NULL, NULL, NULL, NULL, NULL, NULL, NULL, NULL, NULL, NULL, NULL, NULL),
(170, '2019-03-10 19:44:00', '2019-03-10 19:44:00', NULL, NULL, NULL, NULL, NULL, NULL, NULL, NULL, NULL, NULL, NULL, NULL, NULL, NULL),
(171, '2019-03-14 10:50:00', '2019-03-14 10:50:00', NULL, NULL, NULL, NULL, NULL, NULL, NULL, NULL, NULL, NULL, NULL, NULL, NULL, NULL),
(172, '2019-03-14 10:53:46', '2019-03-14 10:53:46', NULL, NULL, NULL, NULL, NULL, NULL, NULL, NULL, NULL, NULL, NULL, NULL, NULL, NULL),
(173, '2019-03-14 10:59:28', '2019-03-14 10:59:28', NULL, NULL, NULL, NULL, NULL, NULL, NULL, NULL, NULL, NULL, NULL, NULL, NULL, NULL),
(174, '2019-03-14 11:09:16', '2019-03-14 11:09:16', NULL, NULL, NULL, NULL, NULL, NULL, NULL, NULL, NULL, NULL, NULL, NULL, NULL, NULL),
(175, '2019-03-14 11:13:27', '2019-03-14 11:13:27', NULL, NULL, NULL, NULL, NULL, NULL, NULL, NULL, NULL, NULL, NULL, NULL, NULL, NULL),
(176, '2019-03-18 08:09:29', '2019-03-18 08:09:29', NULL, NULL, NULL, NULL, NULL, NULL, NULL, NULL, NULL, NULL, NULL, NULL, NULL, NULL),
(177, '2019-03-18 08:12:25', '2019-03-18 08:12:25', NULL, NULL, NULL, NULL, NULL, NULL, NULL, NULL, NULL, NULL, NULL, NULL, NULL, NULL),
(178, '2019-03-18 08:14:13', '2019-03-18 08:14:13', NULL, NULL, NULL, NULL, NULL, NULL, NULL, NULL, NULL, NULL, NULL, NULL, NULL, NULL),
(179, '2019-03-18 08:15:54', '2019-03-18 08:15:54', NULL, NULL, NULL, NULL, NULL, NULL, NULL, NULL, NULL, NULL, NULL, NULL, NULL, NULL),
(180, '2019-03-18 08:35:44', '2019-03-18 08:35:44', NULL, NULL, NULL, NULL, NULL, NULL, NULL, NULL, NULL, NULL, NULL, NULL, NULL, NULL),
(181, '2019-03-18 08:45:00', '2019-03-18 08:45:00', NULL, NULL, NULL, NULL, NULL, NULL, NULL, NULL, NULL, NULL, NULL, NULL, NULL, NULL),
(182, '2019-03-18 14:44:16', '2019-03-18 14:44:16', NULL, NULL, NULL, NULL, NULL, NULL, NULL, NULL, NULL, NULL, NULL, NULL, NULL, NULL),
(183, '2019-03-18 14:53:11', '2019-03-18 14:53:11', NULL, NULL, NULL, NULL, NULL, NULL, NULL, NULL, NULL, NULL, NULL, NULL, NULL, NULL),
(184, '2019-03-18 14:53:22', '2019-03-18 14:53:22', NULL, NULL, NULL, NULL, NULL, NULL, NULL, NULL, NULL, NULL, NULL, NULL, NULL, NULL),
(185, '2019-03-18 21:24:13', '2019-03-18 21:24:13', NULL, NULL, NULL, NULL, NULL, NULL, NULL, NULL, NULL, NULL, NULL, NULL, NULL, NULL),
(186, '2019-03-18 21:33:07', '2019-03-18 21:33:07', NULL, NULL, NULL, NULL, NULL, NULL, NULL, NULL, NULL, NULL, NULL, NULL, NULL, NULL),
(187, '2019-03-18 21:37:24', '2019-03-18 21:37:24', NULL, NULL, NULL, NULL, NULL, NULL, NULL, NULL, NULL, NULL, NULL, NULL, NULL, NULL),
(188, '2019-03-18 21:38:16', '2019-03-18 21:38:16', NULL, NULL, NULL, NULL, NULL, NULL, NULL, NULL, NULL, NULL, NULL, NULL, NULL, NULL),
(189, '2019-03-18 21:39:04', '2019-03-18 21:39:04', NULL, NULL, NULL, NULL, NULL, NULL, NULL, NULL, NULL, NULL, NULL, NULL, NULL, NULL),
(190, '2019-03-18 21:39:14', '2019-03-18 21:39:14', NULL, NULL, NULL, NULL, NULL, NULL, NULL, NULL, NULL, NULL, NULL, NULL, NULL, NULL),
(191, '2019-03-18 21:42:56', '2019-03-18 21:42:56', NULL, NULL, NULL, NULL, NULL, NULL, NULL, NULL, NULL, NULL, NULL, NULL, NULL, NULL),
(192, '2019-03-24 20:00:04', '2019-03-24 20:00:04', NULL, NULL, NULL, NULL, NULL, NULL, NULL, NULL, NULL, NULL, NULL, NULL, NULL, NULL),
(193, '2019-03-24 20:08:15', '2019-03-24 20:08:15', NULL, NULL, NULL, NULL, NULL, NULL, NULL, NULL, NULL, NULL, NULL, NULL, NULL, NULL),
(194, '2019-03-24 20:08:59', '2019-03-24 20:08:59', NULL, NULL, NULL, NULL, NULL, NULL, NULL, NULL, NULL, NULL, NULL, NULL, NULL, NULL),
(195, '2019-03-25 14:41:37', '2019-03-26 09:10:44', 100, 'Pedro Espinosa ALKATEA', 'ALKATEA', '676479200', NULL, NULL, NULL, NULL, NULL, NULL, NULL, NULL, NULL, '4.500 euro*iva\nSarrerak 15 eurokoak 170 salduak=2.550 euro\nSarrerak takillan 20 eurokoak 10 sarrera 200 euro\nGUZTIRA 2.750 euro SARRERAKAZ'),
(196, '2019-03-26 09:12:51', '2019-03-26 09:12:51', NULL, NULL, NULL, NULL, NULL, NULL, NULL, NULL, NULL, NULL, NULL, NULL, NULL, NULL),
(197, '2019-03-26 09:16:52', '2019-03-26 09:16:52', NULL, NULL, NULL, NULL, NULL, NULL, NULL, NULL, NULL, NULL, NULL, NULL, NULL, NULL),
(198, '2019-03-26 09:24:39', '2019-03-26 09:24:39', NULL, NULL, NULL, NULL, NULL, NULL, NULL, NULL, NULL, NULL, NULL, NULL, NULL, NULL),
(199, '2019-03-27 08:30:57', '2019-03-27 08:30:57', NULL, NULL, NULL, NULL, NULL, NULL, NULL, NULL, NULL, NULL, NULL, NULL, NULL, NULL),
(200, '2019-03-28 08:13:28', '2019-03-28 08:13:28', NULL, NULL, NULL, NULL, NULL, NULL, NULL, NULL, NULL, NULL, NULL, NULL, NULL, NULL);

-- --------------------------------------------------------

--
-- Estructura de tabla para la tabla `festival_costes`
--

CREATE TABLE `festival_costes` (
  `id` int(10) UNSIGNED NOT NULL,
  `coste_empresa` decimal(10,0) DEFAULT NULL,
  `importe_venta` decimal(10,0) DEFAULT NULL,
  `aportacion` decimal(10,0) DEFAULT NULL,
  `num_espectadores` int(11) DEFAULT NULL,
  `ingreso_taquilla` decimal(10,0) DEFAULT NULL,
  `ingreso_ayto` decimal(10,0) DEFAULT NULL,
  `ingreso_otros` decimal(10,0) DEFAULT NULL,
  `cliente_id` int(11) DEFAULT NULL,
  `cliente_txt` text COLLATE utf8_unicode_ci,
  `porcentaje` decimal(3,0) DEFAULT NULL,
  `festival_id` int(11) DEFAULT NULL,
  `created_at` timestamp NULL DEFAULT NULL,
  `updated_at` timestamp NULL DEFAULT NULL
) ENGINE=InnoDB DEFAULT CHARSET=utf8 COLLATE=utf8_unicode_ci;

--
-- Volcado de datos para la tabla `festival_costes`
--

INSERT INTO `festival_costes` (`id`, `coste_empresa`, `importe_venta`, `aportacion`, `num_espectadores`, `ingreso_taquilla`, `ingreso_ayto`, `ingreso_otros`, `cliente_id`, `cliente_txt`, `porcentaje`, `festival_id`, `created_at`, `updated_at`) VALUES
(1, '12986', '0', '0', 780, '23500', '0', '0', 1, NULL, '50', 54, '2019-01-07 20:09:17', '2019-01-07 20:09:17'),
(2, '0', '0', '0', 0, '0', '0', '0', NULL, NULL, '100', NULL, '2019-01-11 10:54:16', '2019-01-11 10:54:16'),
(3, '1121', '0', '0', 1041, '32656', '0', '0', NULL, NULL, '50', 55, '2019-01-11 10:57:56', '2019-01-11 10:59:33'),
(4, '1121', '0', '0', 1041, '32656', '0', '0', NULL, NULL, '50', NULL, '2019-01-11 11:20:13', '2019-01-11 11:20:13'),
(5, '1121', '0', '0', 1041, '32656', '0', '0', NULL, NULL, '50', NULL, '2019-01-11 11:30:49', '2019-01-11 11:30:49'),
(6, '1121', '0', '0', 1041, '32656', '0', '0', NULL, NULL, '50', NULL, '2019-01-14 07:47:08', '2019-01-14 07:47:08'),
(7, '0', '0', '0', 0, '0', '0', '0', NULL, NULL, '100', NULL, '2019-01-15 07:14:32', '2019-01-15 07:14:32'),
(8, '0', '0', '0', 0, '0', '0', '0', NULL, NULL, '100', NULL, '2019-01-15 07:15:04', '2019-01-15 07:15:04'),
(9, '0', '0', '0', 0, '0', '0', '0', NULL, NULL, '100', NULL, '2019-01-15 07:20:58', '2019-01-15 07:20:58'),
(10, '0', '0', '0', 0, '0', '0', '0', NULL, NULL, '100', NULL, '2019-01-15 20:20:16', '2019-01-15 20:20:16'),
(11, '0', '0', '0', 0, '0', '0', '0', NULL, NULL, '100', NULL, '2019-01-15 20:20:54', '2019-01-15 20:20:54'),
(12, '1121', '0', '0', 1041, '32656', '0', '0', NULL, NULL, '50', NULL, '2019-01-15 20:24:48', '2019-01-15 20:24:48'),
(13, '1121', '0', '0', 1041, '32656', '0', '0', NULL, NULL, '50', NULL, '2019-01-16 07:10:12', '2019-01-16 07:10:12'),
(14, '0', '0', '0', 0, '0', '0', '0', NULL, NULL, '100', NULL, '2019-01-16 08:01:01', '2019-01-16 08:01:01'),
(15, '0', '0', '0', 0, '0', '0', '0', NULL, NULL, '100', NULL, '2019-01-16 08:05:02', '2019-01-16 08:05:02'),
(16, '0', '0', '0', 0, '0', '0', '0', NULL, NULL, '100', NULL, '2019-01-16 08:05:13', '2019-01-16 08:05:13'),
(17, '0', '0', '0', 0, '0', '0', '0', NULL, NULL, '100', NULL, '2019-01-16 08:05:43', '2019-01-16 08:05:43'),
(18, '0', '0', '0', 0, '0', '0', '0', NULL, NULL, '100', NULL, '2019-01-16 10:51:34', '2019-01-16 10:51:34'),
(19, '0', '0', '0', 0, '0', '0', '0', NULL, NULL, '100', NULL, '2019-01-16 10:51:52', '2019-01-16 10:51:52'),
(20, '0', '0', '0', 0, '0', '0', '0', NULL, NULL, '100', NULL, '2019-01-16 10:52:09', '2019-01-16 10:52:09'),
(21, '0', '0', '0', 0, '0', '0', '0', NULL, NULL, '100', NULL, '2019-01-16 10:52:31', '2019-01-16 10:52:31'),
(22, '1121', '0', '0', 1041, '32656', '0', '0', NULL, NULL, '50', NULL, '2019-01-16 10:53:01', '2019-01-16 10:53:01'),
(23, '0', '0', '0', 0, '0', '0', '0', NULL, NULL, '100', NULL, '2019-01-16 10:59:03', '2019-01-16 10:59:03'),
(24, '0', '0', '0', 0, '0', '0', '0', NULL, NULL, '100', NULL, '2019-01-16 11:07:09', '2019-01-16 11:07:09'),
(25, '0', '0', '0', 0, '0', '0', '0', NULL, NULL, '100', NULL, '2019-01-16 11:08:59', '2019-01-16 11:08:59'),
(26, '0', '0', '0', 0, '0', '0', '0', NULL, NULL, '100', NULL, '2019-01-16 11:09:18', '2019-01-16 11:09:18'),
(27, '0', '0', '0', 0, '0', '0', '0', NULL, NULL, '100', NULL, '2019-01-16 11:09:37', '2019-01-16 11:09:37'),
(28, '0', '0', '0', 0, '0', '0', '0', NULL, NULL, '100', NULL, '2019-01-16 11:09:52', '2019-01-16 11:09:52'),
(29, '0', '0', '0', 0, '0', '0', '0', NULL, NULL, '100', NULL, '2019-01-16 11:13:13', '2019-01-16 11:13:13'),
(30, '0', '0', '0', 0, '0', '0', '0', NULL, NULL, '100', NULL, '2019-01-16 11:16:03', '2019-01-16 11:16:03'),
(31, '0', '0', '0', 0, '0', '0', '0', NULL, NULL, '100', NULL, '2019-01-16 11:16:17', '2019-01-16 11:16:17'),
(32, '0', '0', '0', 0, '0', '0', '0', NULL, NULL, '100', NULL, '2019-01-17 06:50:10', '2019-01-17 06:50:10'),
(33, '0', '0', '0', 0, '0', '0', '0', NULL, NULL, '100', NULL, '2019-01-17 06:50:55', '2019-01-17 06:50:55'),
(34, '0', '0', '0', 0, '0', '0', '0', NULL, NULL, '100', NULL, '2019-01-17 06:51:33', '2019-01-17 06:51:33'),
(35, '12986', '0', '0', 780, '23500', '0', '0', 1, NULL, '50', NULL, '2019-01-17 06:55:12', '2019-01-17 06:55:12'),
(36, '12986', '0', '0', 780, '23500', '0', '0', 1, NULL, '50', NULL, '2019-01-17 06:55:51', '2019-01-17 06:55:51'),
(37, '0', '0', '0', 0, '0', '0', '0', NULL, NULL, '100', NULL, '2019-01-17 07:13:08', '2019-01-17 07:13:08'),
(38, '0', '0', '0', 0, '0', '0', '0', NULL, NULL, '100', NULL, '2019-01-17 07:13:29', '2019-01-17 07:13:29'),
(39, '0', '0', '0', 0, '0', '0', '0', NULL, NULL, '100', NULL, '2019-01-17 07:26:38', '2019-01-17 07:26:38'),
(40, '0', '0', '0', 0, '0', '0', '0', NULL, NULL, '100', NULL, '2019-01-17 07:26:59', '2019-01-17 07:26:59'),
(41, '0', '0', '0', 0, '0', '0', '0', NULL, NULL, '100', NULL, '2019-01-17 07:27:13', '2019-01-17 07:27:13'),
(42, '0', '0', '0', 0, '0', '0', '0', NULL, 'ASPE antolatzen du\n14.000 euro fijo eta hortik gorakoa ASPE geratzen da\nJaialdi honetan 18.120 euro ASPEK', '50', NULL, '2019-01-17 07:29:53', '2019-01-17 07:29:53'),
(43, '0', '0', '0', 0, '0', '0', '0', 1, 'ASPE antolatzen du\n14.000 euro fijo eta hortik gorakoa ASPE geratzen da\nJaialdi honetan 18.120 euro ASPEK', '50', NULL, '2019-01-17 07:32:26', '2019-01-17 07:32:26'),
(44, '0', '0', '0', 0, '0', '0', '0', NULL, NULL, '45', NULL, '2019-01-17 10:29:41', '2019-01-17 10:29:41'),
(45, '0', '0', '0', 0, '0', '0', '0', NULL, NULL, '45', NULL, '2019-01-17 10:31:58', '2019-01-17 10:31:58'),
(46, '0', '0', '0', 0, '0', '0', '0', NULL, NULL, '50', 65, '2019-01-17 10:32:38', '2019-01-18 09:05:57'),
(47, '0', '0', '0', 0, '0', '0', '0', NULL, NULL, '45', NULL, '2019-01-17 10:35:28', '2019-01-17 10:35:28'),
(48, '0', '0', '0', 0, '0', '0', '0', NULL, NULL, '45', NULL, '2019-01-17 10:35:37', '2019-01-17 10:35:37'),
(49, '0', '0', '0', 0, '0', '0', '0', NULL, NULL, '45', NULL, '2019-01-17 10:35:47', '2019-01-17 10:35:47'),
(50, '0', '0', '0', 0, '0', '0', '0', NULL, NULL, '45', NULL, '2019-01-17 10:35:59', '2019-01-17 10:35:59'),
(51, '0', '0', '0', 0, '0', '0', '0', NULL, NULL, '50', NULL, '2019-01-18 09:06:25', '2019-01-18 09:06:25'),
(52, '0', '0', '0', 0, '0', '0', '0', NULL, NULL, '100', NULL, '2019-01-21 14:32:11', '2019-01-21 14:32:11'),
(53, '0', '0', '0', 0, '0', '0', '0', NULL, NULL, '100', NULL, '2019-01-21 14:32:15', '2019-01-21 14:32:15'),
(54, '0', '0', '0', 0, '0', '0', '0', NULL, NULL, '100', NULL, '2019-01-21 14:32:56', '2019-01-21 14:32:56'),
(55, '0', '0', '0', 0, '0', '0', '0', NULL, NULL, '100', NULL, '2019-01-21 14:33:22', '2019-01-21 14:33:22'),
(56, '0', '0', '0', 0, '0', '0', '0', NULL, NULL, '100', NULL, '2019-01-21 14:33:35', '2019-01-21 14:33:35'),
(57, '0', '0', '0', 0, '0', '0', '0', NULL, NULL, '100', NULL, '2019-01-21 14:33:52', '2019-01-21 14:33:52'),
(58, '0', '0', '0', 0, '0', '0', '0', NULL, NULL, '100', NULL, '2019-01-21 14:33:57', '2019-01-21 14:33:57'),
(59, '0', '0', '0', 0, '0', '0', '0', NULL, NULL, '100', NULL, '2019-01-21 14:34:12', '2019-01-21 14:34:12'),
(60, '0', '0', '0', 0, '0', '0', '0', NULL, NULL, '100', NULL, '2019-01-21 14:36:31', '2019-01-21 14:36:31'),
(61, '0', '0', '0', 0, '0', '0', '0', NULL, NULL, '100', NULL, '2019-01-21 14:36:43', '2019-01-21 14:36:43'),
(62, '0', '0', '0', 0, '0', '0', '0', NULL, NULL, '100', NULL, '2019-01-21 14:36:58', '2019-01-21 14:36:58'),
(63, '0', '0', '0', 0, '0', '0', '0', NULL, NULL, '100', NULL, '2019-01-21 14:37:37', '2019-01-21 14:37:37'),
(64, '0', '0', '0', 0, '0', '0', '0', NULL, NULL, '100', NULL, '2019-01-21 14:40:46', '2019-01-21 14:40:46'),
(65, '0', '0', '0', 0, '0', '0', '0', NULL, NULL, '100', NULL, '2019-01-21 14:40:54', '2019-01-21 14:40:54'),
(66, '0', '0', '0', 0, '0', '0', '0', NULL, NULL, '100', NULL, '2019-01-21 14:41:13', '2019-01-21 14:41:13'),
(67, '0', '0', '0', 0, '0', '0', '0', NULL, NULL, '100', NULL, '2019-01-21 14:41:24', '2019-01-21 14:41:24'),
(68, '0', '0', '0', 0, '0', '0', '0', NULL, NULL, '100', NULL, '2019-01-21 15:14:45', '2019-01-21 15:14:45'),
(69, '0', '0', '0', 0, '0', '0', '0', NULL, NULL, '50', NULL, '2019-01-21 16:19:09', '2019-01-21 16:19:09'),
(70, '0', '0', '0', 0, '0', '0', '0', NULL, NULL, '100', NULL, '2019-01-22 08:14:51', '2019-01-22 08:14:51'),
(71, '0', '0', '0', 0, '0', '0', '0', NULL, NULL, '100', NULL, '2019-01-22 08:15:09', '2019-01-22 08:15:09'),
(72, '0', '0', '0', 0, '0', '0', '0', NULL, NULL, '100', NULL, '2019-01-22 08:21:48', '2019-01-22 08:21:48'),
(73, '0', '0', '0', 0, '0', '0', '0', NULL, NULL, '100', NULL, '2019-01-22 08:31:56', '2019-01-22 08:31:56'),
(74, '0', '0', '0', 0, '0', '0', '0', NULL, NULL, '100', NULL, '2019-01-22 08:32:35', '2019-01-22 08:32:35'),
(75, '0', '0', '0', 0, '0', '0', '0', NULL, NULL, '100', NULL, '2019-01-22 08:45:11', '2019-01-22 08:45:11'),
(76, '0', '0', '0', 0, '0', '0', '0', NULL, NULL, '100', NULL, '2019-01-22 08:48:56', '2019-01-22 08:48:56'),
(77, '0', '0', '0', 0, '0', '0', '0', NULL, NULL, '100', NULL, '2019-01-22 08:49:19', '2019-01-22 08:49:19'),
(78, '0', '0', '0', 0, '0', '0', '0', NULL, NULL, '100', NULL, '2019-01-22 08:49:30', '2019-01-22 08:49:30'),
(79, '0', '0', '0', 0, '0', '0', '0', NULL, NULL, '100', NULL, '2019-01-23 06:22:38', '2019-01-23 06:22:38'),
(80, '0', '0', '0', 0, '0', '0', '0', NULL, NULL, '100', NULL, '2019-01-23 06:24:08', '2019-01-23 06:24:08'),
(81, '1121', '0', '0', 1041, '32656', '0', '0', NULL, NULL, '50', NULL, '2019-01-23 06:33:30', '2019-01-23 06:33:30'),
(82, '1121', '0', '0', 1041, '32656', '0', '0', NULL, NULL, '50', NULL, '2019-01-23 06:34:09', '2019-01-23 06:34:09'),
(83, '1121', '0', '0', 1041, '32656', '0', '0', NULL, NULL, '50', NULL, '2019-01-23 06:35:28', '2019-01-23 06:35:28'),
(84, '1121', '0', '0', 1041, '32656', '0', '0', NULL, NULL, '50', NULL, '2019-01-23 06:36:53', '2019-01-23 06:36:53'),
(85, '1121', '0', '0', 1041, '32656', '0', '0', NULL, NULL, '50', NULL, '2019-01-23 06:37:32', '2019-01-23 06:37:32'),
(86, '1121', '0', '0', 1041, '32656', '0', '0', NULL, NULL, '50', NULL, '2019-01-23 06:39:00', '2019-01-23 06:39:00'),
(87, '1121', '0', '0', 1041, '32656', '0', '0', NULL, NULL, '50', NULL, '2019-01-23 06:40:39', '2019-01-23 06:40:39'),
(88, '1121', '0', '0', 1041, '32656', '0', '0', NULL, NULL, '50', NULL, '2019-01-23 06:42:30', '2019-01-23 06:42:30'),
(89, '0', '0', '0', 0, '0', '0', '0', NULL, NULL, '50', NULL, '2019-01-23 06:44:37', '2019-01-23 06:44:37'),
(90, '0', '0', '0', 0, '0', '0', '0', NULL, NULL, '50', NULL, '2019-01-23 06:45:49', '2019-01-23 06:45:49'),
(91, '0', '0', '0', 0, '0', '0', '0', NULL, NULL, '50', NULL, '2019-01-23 06:46:04', '2019-01-23 06:46:04'),
(92, '0', '0', '0', 0, '0', '0', '0', NULL, NULL, '50', NULL, '2019-01-23 06:46:17', '2019-01-23 06:46:17'),
(93, '0', '0', '0', 0, '0', '0', '0', NULL, NULL, '50', NULL, '2019-01-23 06:47:51', '2019-01-23 06:47:51'),
(94, '0', '0', '0', 0, '0', '0', '0', NULL, NULL, '50', NULL, '2019-01-23 06:49:13', '2019-01-23 06:49:13'),
(95, '0', '0', '0', 0, '0', '0', '0', NULL, NULL, '100', NULL, '2019-01-23 08:44:18', '2019-01-23 08:44:18'),
(96, '0', '0', '0', 0, '0', '0', '0', NULL, NULL, '100', NULL, '2019-01-23 08:47:06', '2019-01-23 08:47:06'),
(97, '0', '0', '0', 0, '0', '0', '0', NULL, NULL, '100', NULL, '2019-01-23 08:48:53', '2019-01-23 08:48:53'),
(98, '0', '0', '0', 0, '0', '0', '0', NULL, NULL, '100', NULL, '2019-01-23 08:52:52', '2019-01-23 08:52:52'),
(99, '0', '0', '0', 0, '0', '0', '0', NULL, NULL, '100', NULL, '2019-01-23 08:55:14', '2019-01-23 08:55:14'),
(100, '0', '0', '0', 0, '0', '0', '0', NULL, NULL, '50', NULL, '2019-01-23 08:58:07', '2019-01-23 08:58:07'),
(101, '0', '0', '0', 0, '0', '0', '0', NULL, NULL, '100', NULL, '2019-01-23 10:26:48', '2019-01-23 10:26:48'),
(102, '0', '0', '0', 0, '0', '0', '0', NULL, NULL, '100', NULL, '2019-01-23 10:29:48', '2019-01-23 10:29:48'),
(103, '0', '0', '0', 0, '0', '0', '0', NULL, NULL, '100', NULL, '2019-01-23 10:52:45', '2019-01-23 10:52:45'),
(104, '0', '0', '0', 0, '0', '0', '0', NULL, NULL, '100', NULL, '2019-01-23 11:41:40', '2019-01-23 11:41:40'),
(105, '0', '0', '0', 0, '0', '0', '0', NULL, NULL, '100', NULL, '2019-01-28 08:54:07', '2019-01-28 08:54:07'),
(106, '0', '0', '0', 0, '0', '0', '0', NULL, NULL, '100', NULL, '2019-01-28 09:12:01', '2019-01-28 09:12:01'),
(107, '0', '0', '0', 0, '0', '0', '0', NULL, NULL, '100', NULL, '2019-01-28 09:12:31', '2019-01-28 09:12:31'),
(108, '0', '0', '0', 0, '0', '0', '0', NULL, NULL, '100', NULL, '2019-01-28 09:13:00', '2019-01-28 09:13:00'),
(109, '0', '0', '0', 0, '0', '0', '0', NULL, NULL, '100', NULL, '2019-01-28 09:13:13', '2019-01-28 09:13:13'),
(110, '0', '0', '0', 0, '0', '0', '0', NULL, NULL, '100', NULL, '2019-01-28 09:13:33', '2019-01-28 09:13:33'),
(111, '0', '0', '0', 0, '0', '0', '0', NULL, NULL, '100', NULL, '2019-01-28 09:14:04', '2019-01-28 09:14:04'),
(112, '0', '0', '0', 0, '0', '0', '0', NULL, NULL, '100', NULL, '2019-01-28 09:14:30', '2019-01-28 09:14:30'),
(113, '0', '0', '0', 0, '0', '0', '0', NULL, NULL, '100', NULL, '2019-01-28 09:18:40', '2019-01-28 09:18:40'),
(114, '0', '0', '0', 0, '0', '0', '0', NULL, NULL, '100', NULL, '2019-01-28 09:19:31', '2019-01-28 09:19:31'),
(115, '0', '0', '0', 0, '0', '0', '0', NULL, NULL, '100', NULL, '2019-01-28 09:20:35', '2019-01-28 09:20:35'),
(116, '0', '0', '0', 0, '0', '0', '0', NULL, NULL, '100', NULL, '2019-01-28 09:21:47', '2019-01-28 09:21:47'),
(117, '0', '0', '0', 0, '0', '0', '0', NULL, NULL, '100', NULL, '2019-01-29 06:52:31', '2019-01-29 06:52:31'),
(118, '0', '0', '0', 0, '0', '0', '0', NULL, NULL, '100', NULL, '2019-01-29 06:52:48', '2019-01-29 06:52:48'),
(119, '0', '0', '0', 0, '0', '0', '0', NULL, NULL, '100', NULL, '2019-01-29 06:54:13', '2019-01-29 06:54:13'),
(120, '0', '0', '0', 0, '0', '0', '0', NULL, NULL, '100', NULL, '2019-01-29 06:54:54', '2019-01-29 06:54:54'),
(121, '0', '0', '0', 0, '0', '0', '0', NULL, NULL, '100', NULL, '2019-01-29 06:55:32', '2019-01-29 06:55:32'),
(122, '0', '0', '0', 0, '0', '0', '0', NULL, NULL, '100', NULL, '2019-01-29 06:56:18', '2019-01-29 06:56:18'),
(123, '0', '0', '0', 0, '0', '0', '0', NULL, NULL, '100', NULL, '2019-01-29 06:56:36', '2019-01-29 06:56:36'),
(124, '0', '0', '0', 0, '0', '0', '0', NULL, NULL, '100', NULL, '2019-01-29 06:57:53', '2019-01-29 06:57:53'),
(125, '0', '0', '0', 0, '0', '0', '0', NULL, NULL, '100', NULL, '2019-01-29 06:58:00', '2019-01-29 06:58:00'),
(126, '0', '0', '0', 0, '0', '0', '0', NULL, NULL, '100', NULL, '2019-01-29 08:30:10', '2019-01-29 08:30:10'),
(127, '0', '0', '0', 0, '0', '0', '0', NULL, NULL, '100', NULL, '2019-01-29 08:33:08', '2019-01-29 08:33:08'),
(128, '0', '0', '0', 0, '0', '0', '0', NULL, NULL, '100', NULL, '2019-01-29 08:35:27', '2019-01-29 08:35:27'),
(129, '0', '0', '0', 0, '0', '0', '0', NULL, NULL, '100', NULL, '2019-01-29 08:39:20', '2019-01-29 08:39:20'),
(130, '0', '0', '0', 0, '0', '0', '0', NULL, NULL, '100', NULL, '2019-01-29 08:41:12', '2019-01-29 08:41:12'),
(131, '0', '0', '0', 0, '0', '0', '0', NULL, NULL, '100', NULL, '2019-01-29 09:01:13', '2019-01-29 09:01:13'),
(132, '0', '0', '0', 0, '0', '0', '0', NULL, NULL, '100', NULL, '2019-01-29 10:10:28', '2019-01-29 10:10:28'),
(133, '0', '0', '0', 0, '0', '0', '0', NULL, NULL, '100', NULL, '2019-01-29 10:10:52', '2019-01-29 10:10:52'),
(134, '1121', '0', '0', 1041, '32656', '0', '0', NULL, NULL, '50', NULL, '2019-01-30 07:15:09', '2019-01-30 07:15:09'),
(135, '1121', '0', '0', 1041, '32656', '0', '0', NULL, NULL, '50', NULL, '2019-01-30 07:25:11', '2019-01-30 07:25:11'),
(136, '1121', '0', '0', 1041, '32656', '0', '0', NULL, NULL, '50', NULL, '2019-01-30 07:26:45', '2019-01-30 07:26:45'),
(137, '1121', '0', '0', 1041, '32656', '0', '0', NULL, NULL, '50', NULL, '2019-01-30 07:30:02', '2019-01-30 07:30:02'),
(138, '1121', '0', '0', 1041, '32656', '0', '0', NULL, NULL, '50', NULL, '2019-01-30 07:30:12', '2019-01-30 07:30:12'),
(139, '1121', '0', '0', 1041, '32656', '0', '0', NULL, NULL, '50', NULL, '2019-01-30 07:35:03', '2019-01-30 07:35:03'),
(140, '1121', '0', '0', 1041, '32656', '0', '0', NULL, NULL, '50', NULL, '2019-01-30 07:36:58', '2019-01-30 07:36:58'),
(141, '1121', '0', '0', 1041, '32656', '0', '0', NULL, NULL, '50', NULL, '2019-01-30 07:40:09', '2019-01-30 07:40:09'),
(142, '1121', '0', '0', 1041, '32656', '0', '0', NULL, NULL, '50', NULL, '2019-01-30 07:43:32', '2019-01-30 07:43:32'),
(143, '1121', '0', '0', 1041, '32656', '0', '0', NULL, NULL, '50', NULL, '2019-01-30 07:46:13', '2019-01-30 07:46:13'),
(144, '1121', '0', '0', 1041, '32656', '0', '0', NULL, NULL, '50', NULL, '2019-01-30 07:47:45', '2019-01-30 07:47:45'),
(145, '1121', '0', '0', 1041, '32656', '0', '0', NULL, NULL, '50', NULL, '2019-01-30 07:48:25', '2019-01-30 07:48:25'),
(146, '1121', '0', '0', 1041, '32656', '0', '0', NULL, NULL, '50', NULL, '2019-01-30 07:56:52', '2019-01-30 07:56:52'),
(147, '1121', '0', '0', 1041, '32656', '0', '0', NULL, NULL, '50', NULL, '2019-01-30 08:01:24', '2019-01-30 08:01:24'),
(148, '1121', '0', '0', 1041, '32656', '0', '0', NULL, NULL, '50', NULL, '2019-01-30 08:05:05', '2019-01-30 08:05:05'),
(149, '1121', '0', '0', 1041, '32656', '0', '0', NULL, NULL, '50', NULL, '2019-01-30 08:05:32', '2019-01-30 08:05:32'),
(150, '0', '0', '0', 0, '0', '0', '0', NULL, NULL, '100', NULL, '2019-01-30 08:22:33', '2019-01-30 08:22:33'),
(151, '0', '0', '0', 0, '0', '0', '0', NULL, NULL, '100', NULL, '2019-01-30 11:22:11', '2019-01-30 11:22:11'),
(152, '0', '0', '0', 0, '0', '0', '0', NULL, NULL, '100', NULL, '2019-02-04 08:46:47', '2019-02-04 08:46:47'),
(153, '0', '0', '0', 0, '0', '0', '0', NULL, NULL, '100', NULL, '2019-02-04 08:49:11', '2019-02-04 08:49:11'),
(154, '0', '0', '0', 0, '0', '0', '0', NULL, NULL, '100', NULL, '2019-02-04 08:50:39', '2019-02-04 08:50:39'),
(155, '0', '0', '0', 0, '0', '0', '0', NULL, NULL, '100', NULL, '2019-02-04 08:54:54', '2019-02-04 08:54:54'),
(156, '0', '0', '0', 0, '0', '0', '0', NULL, NULL, '100', NULL, '2019-02-04 09:00:52', '2019-02-04 09:00:52'),
(157, '0', '0', '0', 0, '0', '0', '0', NULL, NULL, '100', NULL, '2019-02-04 09:06:22', '2019-02-04 09:06:22'),
(158, '0', '0', '0', 0, '0', '0', '0', NULL, NULL, '100', NULL, '2019-02-04 09:06:39', '2019-02-04 09:06:39'),
(159, '0', '0', '0', 0, '0', '0', '0', NULL, NULL, '100', NULL, '2019-02-04 09:07:42', '2019-02-04 09:07:42'),
(160, '0', '0', '0', 0, '0', '0', '0', NULL, NULL, '100', NULL, '2019-02-04 09:11:32', '2019-02-04 09:11:32'),
(161, '0', '0', '0', 0, '0', '0', '0', NULL, NULL, '100', NULL, '2019-02-04 09:16:42', '2019-02-04 09:16:42'),
(162, '0', '0', '0', 0, '0', '0', '0', NULL, NULL, '100', NULL, '2019-02-04 20:44:26', '2019-02-04 20:44:26'),
(163, '0', '0', '0', 0, '0', '0', '0', NULL, NULL, '100', NULL, '2019-02-04 20:47:46', '2019-02-04 20:47:46'),
(164, '0', '0', '0', 0, '0', '0', '0', NULL, NULL, '100', NULL, '2019-02-04 20:51:41', '2019-02-04 20:51:41'),
(165, '0', '0', '0', 0, '0', '0', '0', NULL, NULL, '100', NULL, '2019-02-04 20:53:27', '2019-02-04 20:53:27'),
(166, '0', '0', '0', 0, '0', '0', '0', NULL, NULL, '100', NULL, '2019-02-05 09:00:23', '2019-02-05 09:00:23'),
(167, '0', '0', '0', 0, '0', '0', '0', NULL, NULL, '100', NULL, '2019-02-05 09:37:49', '2019-02-05 09:37:49'),
(168, '0', '0', '0', 0, '0', '0', '0', NULL, NULL, '100', NULL, '2019-02-05 09:41:35', '2019-02-05 09:41:35'),
(169, '0', '0', '0', 0, '0', '0', '0', NULL, NULL, '100', NULL, '2019-02-05 10:03:55', '2019-02-05 10:03:55'),
(170, '0', '0', '0', 0, '0', '0', '0', NULL, NULL, '100', NULL, '2019-02-05 10:09:28', '2019-02-05 10:09:28'),
(171, '0', '0', '0', 0, '0', '0', '0', NULL, NULL, '100', NULL, '2019-02-05 12:31:21', '2019-02-05 12:31:21'),
(172, '0', '0', '0', 0, '0', '0', '0', NULL, NULL, '100', NULL, '2019-02-05 12:37:34', '2019-02-05 12:37:34'),
(173, '0', '0', '0', 0, '0', '0', '0', NULL, NULL, '100', NULL, '2019-02-05 13:51:53', '2019-02-05 13:51:53'),
(174, '0', '0', '0', 0, '0', '0', '0', NULL, NULL, '100', NULL, '2019-02-11 19:22:47', '2019-02-11 19:22:47'),
(175, '0', '0', '0', 0, '0', '0', '0', NULL, NULL, '100', NULL, '2019-02-11 19:25:27', '2019-02-11 19:25:27'),
(176, '0', '0', '0', 0, '0', '0', '0', NULL, NULL, '100', NULL, '2019-02-11 19:26:44', '2019-02-11 19:26:44'),
(177, '0', '0', '0', 0, '0', '0', '0', NULL, NULL, '100', NULL, '2019-02-11 19:28:03', '2019-02-11 19:28:03'),
(178, '0', '0', '0', 0, '0', '0', '0', NULL, NULL, '100', NULL, '2019-02-11 19:29:22', '2019-02-11 19:29:22'),
(179, '0', '0', '0', 0, '0', '0', '0', NULL, NULL, '100', NULL, '2019-02-11 19:30:36', '2019-02-11 19:30:36'),
(180, '0', '0', '0', 0, '0', '0', '0', NULL, NULL, '100', NULL, '2019-02-11 19:31:41', '2019-02-11 19:31:41'),
(181, '0', '0', '0', 0, '0', '0', '0', NULL, NULL, '100', NULL, '2019-02-11 19:34:06', '2019-02-11 19:34:06'),
(182, '0', '0', '0', 0, '0', '0', '0', NULL, NULL, '100', NULL, '2019-02-11 19:35:57', '2019-02-11 19:35:57'),
(183, '0', '0', '0', 0, '0', '0', '0', NULL, NULL, '100', NULL, '2019-02-11 19:36:26', '2019-02-11 19:36:26'),
(184, '0', '0', '0', 0, '0', '0', '0', NULL, NULL, '100', NULL, '2019-02-12 20:27:46', '2019-02-12 20:27:46'),
(185, '0', '0', '0', 0, '0', '0', '0', NULL, NULL, '100', NULL, '2019-02-12 20:31:14', '2019-02-12 20:31:14'),
(186, '0', '0', '0', 0, '0', '0', '0', NULL, NULL, '100', NULL, '2019-02-12 20:31:41', '2019-02-12 20:31:41'),
(187, '0', '0', '0', 0, '0', '0', '0', NULL, NULL, '100', NULL, '2019-02-12 20:37:11', '2019-02-12 20:37:11'),
(188, '0', '0', '0', 0, '0', '0', '0', NULL, NULL, '100', NULL, '2019-02-12 20:42:37', '2019-02-12 20:42:37'),
(189, '0', '0', '0', 0, '0', '0', '0', NULL, NULL, '100', NULL, '2019-02-12 20:43:25', '2019-02-12 20:43:25'),
(190, '0', '0', '0', 0, '0', '0', '0', NULL, NULL, '100', NULL, '2019-02-12 20:43:40', '2019-02-12 20:43:40'),
(191, '0', '0', '0', 0, '0', '0', '0', NULL, NULL, '100', NULL, '2019-02-12 20:44:31', '2019-02-12 20:44:31'),
(192, '0', '0', '0', 0, '0', '0', '0', NULL, NULL, '100', NULL, '2019-02-13 09:18:52', '2019-02-13 09:18:52'),
(193, '0', '0', '0', 0, '0', '0', '0', NULL, NULL, '100', NULL, '2019-02-13 09:19:17', '2019-02-13 09:19:17'),
(194, '0', '0', '0', 0, '0', '0', '0', NULL, NULL, '100', NULL, '2019-02-13 09:21:09', '2019-02-13 09:21:09'),
(195, '0', '0', '0', 0, '0', '0', '0', NULL, NULL, '100', NULL, '2019-02-13 09:24:09', '2019-02-13 09:24:09'),
(196, '0', '0', '0', 0, '0', '0', '0', NULL, NULL, '100', NULL, '2019-02-13 09:28:48', '2019-02-13 09:28:48'),
(197, '0', '0', '0', 0, '0', '0', '0', NULL, NULL, '100', NULL, '2019-02-13 09:29:25', '2019-02-13 09:29:25'),
(198, '0', '0', '0', 0, '0', '0', '0', NULL, NULL, '100', NULL, '2019-02-13 09:30:50', '2019-02-13 09:30:50'),
(199, '0', '0', '0', 0, '0', '0', '0', NULL, NULL, '100', NULL, '2019-02-13 09:33:40', '2019-02-13 09:33:40'),
(200, '0', '0', '0', 0, '0', '0', '0', NULL, NULL, '100', NULL, '2019-02-13 09:33:58', '2019-02-13 09:33:58'),
(201, '0', '0', '0', 0, '0', '0', '0', NULL, NULL, '100', NULL, '2019-02-13 21:28:47', '2019-02-13 21:28:47'),
(202, '0', '0', '0', 0, '0', '0', '0', NULL, NULL, '100', NULL, '2019-02-13 21:35:16', '2019-02-13 21:35:16'),
(203, '0', '0', '0', 0, '0', '0', '0', NULL, NULL, '100', NULL, '2019-02-14 12:35:37', '2019-02-14 12:35:37'),
(204, '0', '0', '0', 0, '0', '0', '0', NULL, NULL, '100', NULL, '2019-02-18 06:40:06', '2019-02-18 06:40:06'),
(205, '0', '0', '0', 0, '0', '0', '0', NULL, NULL, '100', NULL, '2019-02-18 07:04:30', '2019-02-18 07:04:30'),
(206, '0', '0', '0', 0, '0', '0', '0', NULL, NULL, '100', NULL, '2019-02-18 07:05:39', '2019-02-18 07:05:39'),
(207, '0', '0', '0', 0, '0', '0', '0', NULL, NULL, '100', NULL, '2019-02-18 07:06:09', '2019-02-18 07:06:09'),
(208, '0', '0', '0', 0, '0', '0', '0', NULL, NULL, '100', NULL, '2019-02-18 07:07:23', '2019-02-18 07:07:23'),
(209, '0', '0', '0', 0, '0', '0', '0', NULL, NULL, '100', NULL, '2019-02-18 07:08:02', '2019-02-18 07:08:02'),
(210, '0', '0', '0', 0, '0', '0', '0', NULL, NULL, '100', NULL, '2019-02-18 07:09:17', '2019-02-18 07:09:17'),
(211, '0', '0', '0', 0, '0', '0', '0', NULL, NULL, '100', NULL, '2019-02-18 07:11:08', '2019-02-18 07:11:08'),
(212, '0', '0', '0', 0, '0', '0', '0', NULL, NULL, '100', NULL, '2019-02-18 09:47:50', '2019-02-18 09:47:50'),
(213, '0', '0', '0', 0, '0', '0', '0', NULL, NULL, '100', NULL, '2019-02-18 10:01:17', '2019-02-18 10:01:17'),
(214, '0', '0', '0', 0, '0', '0', '0', NULL, NULL, '100', NULL, '2019-02-18 10:03:11', '2019-02-18 10:03:11'),
(215, '0', '0', '0', 0, '0', '0', '0', NULL, NULL, '100', NULL, '2019-02-18 10:14:28', '2019-02-18 10:14:28'),
(216, '0', '0', '0', 0, '0', '0', '0', NULL, NULL, '100', NULL, '2019-02-18 10:26:39', '2019-02-18 10:26:39'),
(217, '0', '0', '0', 0, '0', '0', '0', NULL, NULL, '100', NULL, '2019-02-18 10:27:20', '2019-02-18 10:27:20'),
(218, '0', '0', '0', 0, '0', '0', '0', NULL, NULL, '100', NULL, '2019-02-18 10:27:38', '2019-02-18 10:27:38'),
(219, '0', '0', '0', 0, '0', '0', '0', NULL, NULL, '100', NULL, '2019-02-18 10:27:48', '2019-02-18 10:27:48'),
(220, '0', '0', '0', 0, '0', '0', '0', NULL, NULL, '100', NULL, '2019-02-18 10:38:06', '2019-02-18 10:38:06'),
(221, '0', '0', '0', 0, '0', '0', '0', NULL, NULL, '100', NULL, '2019-02-18 10:38:27', '2019-02-18 10:38:27'),
(222, '0', '0', '0', 0, '0', '0', '0', NULL, NULL, '100', NULL, '2019-02-18 10:39:31', '2019-02-18 10:39:31'),
(223, '0', '0', '0', 0, '0', '0', '0', NULL, NULL, '100', NULL, '2019-02-18 10:41:50', '2019-02-18 10:41:50'),
(224, '0', '0', '0', 0, '0', '0', '0', NULL, NULL, '100', NULL, '2019-02-18 10:44:17', '2019-02-18 10:44:17'),
(225, '0', '0', '0', 0, '0', '0', '0', NULL, NULL, '100', NULL, '2019-02-18 10:44:50', '2019-02-18 10:44:50'),
(226, '0', '0', '0', 0, '0', '0', '0', NULL, NULL, '100', NULL, '2019-02-18 10:45:35', '2019-02-18 10:45:35'),
(227, '0', '0', '0', 0, '0', '0', '0', NULL, NULL, '100', NULL, '2019-02-18 10:51:25', '2019-02-18 10:51:25'),
(228, '0', '0', '0', 0, '0', '0', '0', NULL, NULL, '100', NULL, '2019-02-19 11:53:14', '2019-02-19 11:53:14'),
(229, '0', '0', '0', 0, '0', '0', '0', NULL, NULL, '100', NULL, '2019-02-19 11:53:54', '2019-02-19 11:53:54'),
(230, '0', '0', '0', 0, '0', '0', '0', NULL, NULL, '100', NULL, '2019-02-20 05:50:06', '2019-02-20 05:50:06'),
(231, '0', '0', '0', 0, '0', '0', '0', NULL, NULL, '100', NULL, '2019-02-20 09:17:49', '2019-02-20 09:17:49'),
(232, '0', '0', '0', 0, '0', '0', '0', NULL, NULL, '100', NULL, '2019-02-20 09:18:24', '2019-02-20 09:18:24'),
(233, '0', '0', '0', 0, '0', '0', '0', NULL, NULL, '100', NULL, '2019-02-20 09:19:13', '2019-02-20 09:19:13'),
(234, '0', '0', '0', 0, '0', '0', '0', NULL, NULL, '100', NULL, '2019-02-20 09:19:52', '2019-02-20 09:19:52'),
(235, '0', '0', '0', 0, '0', '0', '0', NULL, NULL, '100', NULL, '2019-02-20 09:20:51', '2019-02-20 09:20:51'),
(236, '0', '0', '0', 0, '0', '0', '0', NULL, NULL, '100', NULL, '2019-02-20 09:21:23', '2019-02-20 09:21:23'),
(237, '0', '0', '0', 0, '0', '0', '0', NULL, NULL, '100', NULL, '2019-02-20 09:37:06', '2019-02-20 09:37:06'),
(238, '0', '0', '0', 0, '0', '0', '0', NULL, NULL, '100', NULL, '2019-02-20 09:38:51', '2019-02-20 09:38:51'),
(239, '0', '0', '0', 0, '0', '0', '0', NULL, NULL, '100', NULL, '2019-02-20 09:54:06', '2019-02-20 09:54:06'),
(240, '0', '0', '0', 0, '0', '0', '0', NULL, NULL, '100', NULL, '2019-02-20 10:01:55', '2019-02-20 10:01:55'),
(241, '0', '0', '0', 0, '0', '0', '0', NULL, NULL, '100', NULL, '2019-02-20 10:05:58', '2019-02-20 10:05:58'),
(242, '0', '0', '0', 0, '0', '0', '0', NULL, NULL, '100', NULL, '2019-02-20 10:07:49', '2019-02-20 10:07:49'),
(243, '0', '0', '0', 0, '0', '0', '0', NULL, NULL, '50', NULL, '2019-02-21 08:38:37', '2019-02-21 08:38:37'),
(244, '0', '0', '0', 0, '0', '0', '0', NULL, NULL, '100', NULL, '2019-02-25 07:53:45', '2019-02-25 07:53:45'),
(245, '0', '0', '0', 0, '0', '0', '0', NULL, NULL, '100', NULL, '2019-02-25 07:57:43', '2019-02-25 07:57:43'),
(246, '0', '0', '0', 0, '0', '0', '0', NULL, NULL, '50', NULL, '2019-02-25 08:05:02', '2019-02-25 08:05:02'),
(247, '0', '0', '0', 0, '0', '0', '0', NULL, NULL, '50', NULL, '2019-02-25 08:08:54', '2019-02-25 08:08:54'),
(248, '0', '0', '0', 0, '0', '0', '0', NULL, NULL, '100', NULL, '2019-02-25 08:40:30', '2019-02-25 08:40:30'),
(249, '0', '0', '0', 0, '0', '0', '0', NULL, NULL, '100', NULL, '2019-02-25 08:42:04', '2019-02-25 08:42:04'),
(250, '0', '0', '0', 0, '0', '0', '0', NULL, NULL, '100', NULL, '2019-02-25 08:42:14', '2019-02-25 08:42:14'),
(251, '0', '0', '0', 0, '0', '0', '0', NULL, NULL, '100', NULL, '2019-02-25 08:45:41', '2019-02-25 08:45:41'),
(252, '0', '0', '0', 0, '0', '0', '0', NULL, NULL, '100', NULL, '2019-02-28 09:14:11', '2019-02-28 09:14:11'),
(253, '0', '0', '0', 0, '0', '0', '0', NULL, NULL, '100', NULL, '2019-03-03 19:36:46', '2019-03-03 19:36:46'),
(254, '0', '0', '0', 0, '0', '0', '0', NULL, NULL, '100', NULL, '2019-03-03 19:40:59', '2019-03-03 19:40:59'),
(255, '0', '0', '0', 0, '0', '0', '0', NULL, NULL, '100', NULL, '2019-03-03 19:45:25', '2019-03-03 19:45:25'),
(256, '0', '0', '0', 0, '0', '0', '0', NULL, NULL, '100', NULL, '2019-03-03 19:46:17', '2019-03-03 19:46:17'),
(257, '0', '0', '0', 0, '0', '0', '0', NULL, NULL, '100', NULL, '2019-03-03 19:50:21', '2019-03-03 19:50:21'),
(258, '0', '0', '0', 0, '0', '0', '0', NULL, NULL, '100', NULL, '2019-03-03 19:57:26', '2019-03-03 19:57:26'),
(259, '0', '0', '0', 0, '0', '0', '0', NULL, NULL, '100', NULL, '2019-03-03 19:57:42', '2019-03-03 19:57:42'),
(260, '0', '0', '0', 0, '0', '0', '0', NULL, NULL, '100', NULL, '2019-03-03 19:59:42', '2019-03-03 19:59:42'),
(261, '0', '0', '0', 0, '0', '0', '0', NULL, NULL, '100', NULL, '2019-03-03 20:00:50', '2019-03-03 20:00:50'),
(262, '0', '0', '0', 0, '0', '0', '0', NULL, NULL, '100', NULL, '2019-03-03 20:00:53', '2019-03-03 20:00:53'),
(263, '0', '0', '0', 0, '0', '0', '0', NULL, NULL, '100', NULL, '2019-03-04 20:55:21', '2019-03-04 20:55:21'),
(264, '0', '0', '0', 0, '0', '0', '0', NULL, NULL, '100', NULL, '2019-03-04 20:56:43', '2019-03-04 20:56:43'),
(265, '0', '0', '0', 0, '0', '0', '0', NULL, NULL, '100', NULL, '2019-03-04 21:01:16', '2019-03-04 21:01:16'),
(266, '0', '0', '0', 0, '0', '0', '0', NULL, NULL, '100', NULL, '2019-03-04 21:04:13', '2019-03-04 21:04:13'),
(267, '0', '0', '0', 0, '0', '0', '0', NULL, NULL, '100', NULL, '2019-03-04 21:07:19', '2019-03-04 21:07:19'),
(268, '0', '0', '0', 0, '0', '0', '0', NULL, NULL, '100', NULL, '2019-03-05 09:54:26', '2019-03-05 09:54:26'),
(269, '0', '0', '0', 0, '0', '0', '0', NULL, NULL, '100', NULL, '2019-03-05 09:54:59', '2019-03-05 09:54:59'),
(270, '0', '0', '0', 0, '0', '0', '0', NULL, NULL, '100', NULL, '2019-03-05 09:56:50', '2019-03-05 09:56:50'),
(271, '0', '0', '0', 0, '0', '0', '0', NULL, NULL, '100', NULL, '2019-03-05 09:59:25', '2019-03-05 09:59:25'),
(272, '0', '0', '0', 0, '0', '0', '0', NULL, NULL, '100', NULL, '2019-03-05 09:59:48', '2019-03-05 09:59:48'),
(273, '0', '0', '0', 0, '0', '0', '0', NULL, NULL, '100', NULL, '2019-03-05 10:00:57', '2019-03-05 10:00:57'),
(274, '0', '0', '0', 0, '0', '0', '0', NULL, NULL, '100', NULL, '2019-03-05 10:03:13', '2019-03-05 10:03:13'),
(275, '0', '0', '0', 0, '0', '0', '0', NULL, NULL, '100', NULL, '2019-03-05 10:04:24', '2019-03-05 10:04:24'),
(276, '0', '0', '0', 0, '0', '0', '0', NULL, NULL, '100', NULL, '2019-03-05 10:05:48', '2019-03-05 10:05:48'),
(277, '0', '0', '0', 0, '0', '0', '0', NULL, NULL, '100', NULL, '2019-03-05 10:30:19', '2019-03-05 10:30:19'),
(278, '0', '0', '0', 0, '0', '0', '0', NULL, NULL, '100', NULL, '2019-03-06 08:11:52', '2019-03-06 08:11:52'),
(279, '0', '0', '0', 0, '0', '0', '0', NULL, NULL, '100', NULL, '2019-03-06 10:58:17', '2019-03-06 10:58:17'),
(280, '0', '0', '0', 0, '0', '0', '0', NULL, NULL, '100', NULL, '2019-03-10 19:44:00', '2019-03-10 19:44:00'),
(281, '0', '0', '0', 0, '0', '0', '0', NULL, NULL, '100', NULL, '2019-03-14 10:50:00', '2019-03-14 10:50:00'),
(282, '0', '0', '0', 0, '0', '0', '0', NULL, NULL, '100', NULL, '2019-03-14 10:53:46', '2019-03-14 10:53:46'),
(283, '0', '0', '0', 0, '0', '0', '0', NULL, NULL, '100', NULL, '2019-03-14 10:59:28', '2019-03-14 10:59:28'),
(284, '0', '0', '0', 0, '0', '0', '0', NULL, NULL, '100', NULL, '2019-03-14 11:09:16', '2019-03-14 11:09:16'),
(285, '0', '0', '0', 0, '0', '0', '0', NULL, NULL, '100', NULL, '2019-03-14 11:13:27', '2019-03-14 11:13:27'),
(286, '0', '0', '0', 0, '0', '0', '0', NULL, NULL, '100', NULL, '2019-03-18 08:09:29', '2019-03-18 08:09:29'),
(287, '0', '0', '0', 0, '0', '0', '0', NULL, NULL, '100', NULL, '2019-03-18 08:12:25', '2019-03-18 08:12:25'),
(288, '0', '0', '0', 0, '0', '0', '0', NULL, NULL, '100', NULL, '2019-03-18 08:14:13', '2019-03-18 08:14:13'),
(289, '0', '0', '0', 0, '0', '0', '0', NULL, NULL, '100', NULL, '2019-03-18 08:15:54', '2019-03-18 08:15:54'),
(290, '0', '0', '0', 0, '0', '0', '0', NULL, NULL, '100', NULL, '2019-03-18 08:35:44', '2019-03-18 08:35:44'),
(291, '0', '0', '0', 0, '0', '0', '0', NULL, NULL, '100', NULL, '2019-03-18 08:45:00', '2019-03-18 08:45:00'),
(292, '0', '0', '0', 0, '0', '0', '0', NULL, NULL, '100', NULL, '2019-03-18 14:44:16', '2019-03-18 14:44:16'),
(293, '0', '0', '0', 0, '0', '0', '0', NULL, NULL, '100', NULL, '2019-03-18 14:53:11', '2019-03-18 14:53:11'),
(294, '0', '0', '0', 0, '0', '0', '0', NULL, NULL, '100', NULL, '2019-03-18 14:53:22', '2019-03-18 14:53:22'),
(295, '0', '0', '0', 0, '0', '0', '0', NULL, NULL, '100', NULL, '2019-03-18 21:24:13', '2019-03-18 21:24:13'),
(296, '0', '0', '0', 0, '0', '0', '0', NULL, NULL, '100', NULL, '2019-03-18 21:33:07', '2019-03-18 21:33:07'),
(297, '0', '0', '0', 0, '0', '0', '0', NULL, NULL, '100', NULL, '2019-03-18 21:37:24', '2019-03-18 21:37:24'),
(298, '0', '0', '0', 0, '0', '0', '0', NULL, NULL, '100', NULL, '2019-03-18 21:38:16', '2019-03-18 21:38:16'),
(299, '0', '0', '0', 0, '0', '0', '0', NULL, NULL, '100', NULL, '2019-03-18 21:39:04', '2019-03-18 21:39:04'),
(300, '0', '0', '0', 0, '0', '0', '0', NULL, NULL, '100', NULL, '2019-03-18 21:39:14', '2019-03-18 21:39:14'),
(301, '0', '0', '0', 0, '0', '0', '0', NULL, NULL, '100', NULL, '2019-03-18 21:42:56', '2019-03-18 21:42:56'),
(302, '0', '0', '0', 0, '0', '0', '0', NULL, NULL, '100', NULL, '2019-03-24 20:00:04', '2019-03-24 20:00:04'),
(303, '0', '0', '0', 0, '0', '0', '0', NULL, NULL, '100', NULL, '2019-03-24 20:08:15', '2019-03-24 20:08:15'),
(304, '0', '0', '0', 0, '0', '0', '0', NULL, NULL, '100', NULL, '2019-03-24 20:08:59', '2019-03-24 20:08:59'),
(305, '0', '0', '0', 0, '0', '0', '0', NULL, NULL, '100', NULL, '2019-03-25 14:41:42', '2019-03-25 14:41:42'),
(306, '0', '0', '0', 0, '0', '0', '0', NULL, NULL, '100', NULL, '2019-03-26 09:08:04', '2019-03-26 09:08:04'),
(307, '0', '0', '0', 0, '0', '0', '0', NULL, NULL, '100', NULL, '2019-03-26 09:10:44', '2019-03-26 09:10:44'),
(308, '0', '0', '0', 0, '0', '0', '0', NULL, NULL, '100', NULL, '2019-03-26 09:12:51', '2019-03-26 09:12:51'),
(309, '0', '0', '0', 0, '0', '0', '0', NULL, NULL, '100', NULL, '2019-03-26 09:16:52', '2019-03-26 09:16:52'),
(310, '0', '0', '0', 0, '0', '0', '0', NULL, NULL, '100', NULL, '2019-03-26 09:24:39', '2019-03-26 09:24:39'),
(311, '0', '0', '0', 0, '0', '0', '0', NULL, NULL, '100', NULL, '2019-03-27 08:30:57', '2019-03-27 08:30:57'),
(312, '0', '0', '0', 0, '0', '0', '0', NULL, NULL, '100', NULL, '2019-03-28 08:13:28', '2019-03-28 08:13:28');

-- --------------------------------------------------------

--
-- Estructura de tabla para la tabla `festival_costes_entradas`
--

CREATE TABLE `festival_costes_entradas` (
  `id` int(10) UNSIGNED NOT NULL,
  `created_at` timestamp NULL DEFAULT NULL,
  `updated_at` timestamp NULL DEFAULT NULL,
  `festival_id` int(10) UNSIGNED DEFAULT NULL,
  `name` char(100) COLLATE utf8mb4_unicode_ci NOT NULL,
  `amount` int(11) NOT NULL,
  `price` double(8,2) NOT NULL
) ENGINE=InnoDB DEFAULT CHARSET=utf8mb4 COLLATE=utf8mb4_unicode_ci;

--
-- Volcado de datos para la tabla `festival_costes_entradas`
--

INSERT INTO `festival_costes_entradas` (`id`, `created_at`, `updated_at`, `festival_id`, `name`, `amount`, `price`) VALUES
(1, '2019-01-07 20:15:12', '2019-01-07 20:15:12', 54, 'Gerente', 100, 0.00);

-- --------------------------------------------------------

--
-- Estructura de tabla para la tabla `festival_facturacion`
--

CREATE TABLE `festival_facturacion` (
  `id` int(10) UNSIGNED NOT NULL,
  `created_at` timestamp NULL DEFAULT NULL,
  `updated_at` timestamp NULL DEFAULT NULL,
  `fpago_id` int(11) DEFAULT NULL,
  `fecha` date DEFAULT NULL,
  `importe` decimal(10,0) DEFAULT NULL,
  `enviar_id` int(11) DEFAULT NULL,
  `observaciones` text COLLATE utf8_unicode_ci,
  `pagado` tinyint(4) DEFAULT '0',
  `seguimiento` text COLLATE utf8_unicode_ci,
  `festival_id` int(11) DEFAULT NULL
) ENGINE=InnoDB DEFAULT CHARSET=utf8 COLLATE=utf8_unicode_ci;

--
-- Volcado de datos para la tabla `festival_facturacion`
--

INSERT INTO `festival_facturacion` (`id`, `created_at`, `updated_at`, `fpago_id`, `fecha`, `importe`, `enviar_id`, `observaciones`, `pagado`, `seguimiento`, `festival_id`) VALUES
(1, '2019-01-07 20:10:06', '2019-01-07 20:19:42', 4, '2019-01-07', '233008', 1, NULL, 0, NULL, 54),
(2, '2019-01-11 10:54:16', '2019-01-11 10:54:16', NULL, NULL, '0', NULL, NULL, 0, NULL, NULL),
(3, '2019-01-11 11:00:14', '2019-01-11 11:00:27', 1, '2019-01-02', '32656', NULL, NULL, 1, NULL, 55),
(4, '2019-01-11 11:20:13', '2019-01-11 11:20:13', 1, '2019-01-02', '32656', NULL, NULL, 1, NULL, NULL),
(5, '2019-01-11 11:30:49', '2019-01-11 11:30:49', 1, '2019-01-02', '32656', NULL, NULL, 1, NULL, NULL),
(6, '2019-01-14 07:47:08', '2019-01-14 07:47:08', 1, '2019-01-02', '32656', NULL, NULL, 1, NULL, NULL),
(7, '2019-01-15 07:14:32', '2019-01-15 07:14:32', NULL, NULL, '0', NULL, NULL, 0, NULL, NULL),
(8, '2019-01-15 07:15:04', '2019-01-15 07:15:04', NULL, NULL, '0', NULL, NULL, 0, NULL, NULL),
(9, '2019-01-15 07:20:58', '2019-01-15 07:20:58', NULL, NULL, '0', NULL, NULL, 0, NULL, NULL),
(10, '2019-01-15 20:20:16', '2019-01-15 20:20:16', NULL, NULL, '0', NULL, NULL, 0, NULL, NULL),
(11, '2019-01-15 20:20:54', '2019-01-15 20:20:54', NULL, NULL, '0', NULL, NULL, 0, NULL, NULL),
(12, '2019-01-15 20:24:48', '2019-01-15 20:24:48', 1, '2019-01-02', '32656', NULL, NULL, 1, NULL, NULL),
(13, '2019-01-16 07:10:12', '2019-01-16 07:10:12', 1, '2019-01-02', '32656', NULL, NULL, 1, NULL, NULL),
(14, '2019-01-16 08:01:01', '2019-01-16 08:01:01', NULL, NULL, '0', NULL, NULL, 0, NULL, NULL),
(15, '2019-01-16 08:05:02', '2019-01-16 08:05:02', NULL, NULL, '0', NULL, NULL, 0, NULL, NULL),
(16, '2019-01-16 08:05:13', '2019-01-16 08:05:13', NULL, NULL, '0', NULL, NULL, 0, NULL, NULL),
(17, '2019-01-16 08:05:43', '2019-01-16 08:05:43', NULL, NULL, '0', NULL, NULL, 0, NULL, NULL),
(18, '2019-01-16 10:51:34', '2019-01-16 10:51:34', NULL, NULL, '0', NULL, NULL, 0, NULL, NULL),
(19, '2019-01-16 10:51:52', '2019-01-16 10:51:52', NULL, NULL, '0', NULL, NULL, 0, NULL, NULL),
(20, '2019-01-16 10:52:09', '2019-01-16 10:52:09', NULL, NULL, '0', NULL, NULL, 0, NULL, NULL),
(21, '2019-01-16 10:52:31', '2019-01-16 10:52:31', NULL, NULL, '0', NULL, NULL, 0, NULL, NULL),
(22, '2019-01-16 10:53:01', '2019-01-16 10:53:01', 1, '2019-01-02', '32656', NULL, NULL, 1, NULL, NULL),
(23, '2019-01-16 10:59:03', '2019-01-16 10:59:03', NULL, NULL, '0', NULL, NULL, 0, NULL, NULL),
(24, '2019-01-16 11:07:09', '2019-01-16 11:07:09', NULL, NULL, '0', NULL, NULL, 0, NULL, NULL),
(25, '2019-01-16 11:08:59', '2019-01-16 11:08:59', NULL, NULL, '0', NULL, NULL, 0, NULL, NULL),
(26, '2019-01-16 11:09:18', '2019-01-16 11:09:18', NULL, NULL, '0', NULL, NULL, 0, NULL, NULL),
(27, '2019-01-16 11:09:37', '2019-01-16 11:09:37', NULL, NULL, '0', NULL, NULL, 0, NULL, NULL),
(28, '2019-01-16 11:09:52', '2019-01-16 11:09:52', NULL, NULL, '0', NULL, NULL, 0, NULL, NULL),
(29, '2019-01-16 11:13:13', '2019-01-16 11:13:13', NULL, NULL, '0', NULL, NULL, 0, NULL, NULL),
(30, '2019-01-16 11:16:03', '2019-01-16 11:16:03', NULL, NULL, '0', NULL, NULL, 0, NULL, NULL),
(31, '2019-01-16 11:16:17', '2019-01-16 11:16:17', NULL, NULL, '0', NULL, NULL, 0, NULL, NULL),
(32, '2019-01-17 06:50:10', '2019-01-17 06:50:10', NULL, NULL, '0', NULL, NULL, 0, NULL, NULL),
(33, '2019-01-17 06:50:55', '2019-01-17 06:50:55', NULL, NULL, '0', NULL, NULL, 0, NULL, NULL),
(34, '2019-01-17 06:51:33', '2019-01-17 06:51:33', NULL, NULL, '0', NULL, NULL, 0, NULL, NULL),
(35, '2019-01-17 06:55:12', '2019-01-17 06:55:12', 4, '2019-01-07', '233008', 1, NULL, 0, NULL, NULL),
(36, '2019-01-17 06:55:51', '2019-01-17 06:55:51', 4, '2019-01-07', '233008', 1, NULL, 0, NULL, NULL),
(37, '2019-01-17 07:13:08', '2019-01-17 07:13:08', NULL, NULL, '0', NULL, NULL, 0, NULL, NULL),
(38, '2019-01-17 07:13:29', '2019-01-17 07:13:29', NULL, NULL, '0', NULL, NULL, 0, NULL, NULL),
(39, '2019-01-17 07:26:38', '2019-01-17 07:26:38', NULL, NULL, '0', NULL, NULL, 0, NULL, NULL),
(40, '2019-01-17 07:26:59', '2019-01-17 07:26:59', NULL, NULL, '0', NULL, NULL, 0, NULL, NULL),
(41, '2019-01-17 07:27:13', '2019-01-17 07:27:13', NULL, NULL, '0', NULL, NULL, 0, NULL, NULL),
(42, '2019-01-17 07:29:53', '2019-01-17 07:29:53', NULL, NULL, '0', NULL, NULL, 0, NULL, NULL),
(43, '2019-01-17 07:32:26', '2019-01-17 07:32:26', NULL, NULL, '0', NULL, NULL, 0, NULL, NULL),
(44, '2019-01-17 10:29:41', '2019-01-17 10:29:41', NULL, NULL, '0', NULL, NULL, 0, NULL, NULL),
(45, '2019-01-17 10:31:58', '2019-01-17 10:31:58', NULL, NULL, '0', NULL, NULL, 0, NULL, NULL),
(46, '2019-01-17 10:35:28', '2019-01-17 10:35:28', NULL, NULL, '0', NULL, NULL, 0, NULL, NULL),
(47, '2019-01-17 10:35:37', '2019-01-17 10:35:37', NULL, NULL, '0', NULL, NULL, 0, NULL, NULL),
(48, '2019-01-17 10:35:47', '2019-01-17 10:35:47', NULL, NULL, '0', NULL, NULL, 0, NULL, NULL),
(49, '2019-01-17 10:35:59', '2019-01-17 10:35:59', NULL, NULL, '0', NULL, NULL, 0, NULL, NULL),
(50, '2019-01-17 10:38:09', '2019-01-17 10:38:09', NULL, NULL, '0', NULL, NULL, 0, NULL, NULL),
(51, '2019-01-17 10:38:21', '2019-01-17 10:38:21', NULL, NULL, '0', NULL, NULL, 0, NULL, NULL),
(52, '2019-01-18 09:05:57', '2019-01-18 09:05:57', NULL, NULL, '0', NULL, NULL, 0, NULL, NULL),
(53, '2019-01-18 09:06:06', '2019-01-18 09:06:06', NULL, NULL, '0', NULL, NULL, 0, NULL, NULL),
(54, '2019-01-18 09:06:25', '2019-01-18 09:06:25', NULL, NULL, '0', NULL, NULL, 0, NULL, NULL),
(55, '2019-01-21 14:32:11', '2019-01-21 14:32:11', NULL, NULL, '0', NULL, NULL, 0, NULL, NULL),
(56, '2019-01-21 14:32:15', '2019-01-21 14:32:15', NULL, NULL, '0', NULL, NULL, 0, NULL, NULL),
(57, '2019-01-21 14:32:56', '2019-01-21 14:32:56', NULL, NULL, '0', NULL, NULL, 0, NULL, NULL),
(58, '2019-01-21 14:33:22', '2019-01-21 14:33:22', NULL, NULL, '0', NULL, NULL, 0, NULL, NULL),
(59, '2019-01-21 14:33:35', '2019-01-21 14:33:35', NULL, NULL, '0', NULL, NULL, 0, NULL, NULL),
(60, '2019-01-21 14:33:52', '2019-01-21 14:33:52', NULL, NULL, '0', NULL, NULL, 0, NULL, NULL),
(61, '2019-01-21 14:33:57', '2019-01-21 14:33:57', NULL, NULL, '0', NULL, NULL, 0, NULL, NULL),
(62, '2019-01-21 14:34:12', '2019-01-21 14:34:12', NULL, NULL, '0', NULL, NULL, 0, NULL, NULL),
(63, '2019-01-21 14:36:31', '2019-01-21 14:36:31', NULL, NULL, '0', NULL, NULL, 0, NULL, NULL),
(64, '2019-01-21 14:36:43', '2019-01-21 14:36:43', NULL, NULL, '0', NULL, NULL, 0, NULL, NULL),
(65, '2019-01-21 14:36:58', '2019-01-21 14:36:58', NULL, NULL, '0', NULL, NULL, 0, NULL, NULL),
(66, '2019-01-21 14:37:37', '2019-01-21 14:37:37', NULL, NULL, '0', NULL, NULL, 0, NULL, NULL),
(67, '2019-01-21 14:40:46', '2019-01-21 14:40:46', NULL, NULL, '0', NULL, NULL, 0, NULL, NULL),
(68, '2019-01-21 14:40:54', '2019-01-21 14:40:54', NULL, NULL, '0', NULL, NULL, 0, NULL, NULL),
(69, '2019-01-21 14:41:13', '2019-01-21 14:41:13', NULL, NULL, '0', NULL, NULL, 0, NULL, NULL),
(70, '2019-01-21 14:41:24', '2019-01-21 14:41:24', NULL, NULL, '0', NULL, NULL, 0, NULL, NULL),
(71, '2019-01-21 15:14:45', '2019-01-21 15:14:45', NULL, NULL, '0', NULL, NULL, 0, NULL, NULL),
(72, '2019-01-21 16:19:09', '2019-01-21 16:19:09', NULL, NULL, '0', NULL, NULL, 0, NULL, NULL),
(73, '2019-01-22 08:14:51', '2019-01-22 08:14:51', NULL, NULL, '0', NULL, NULL, 0, NULL, NULL),
(74, '2019-01-22 08:15:09', '2019-01-22 08:15:09', NULL, NULL, '0', NULL, NULL, 0, NULL, NULL),
(75, '2019-01-22 08:21:48', '2019-01-22 08:21:48', NULL, NULL, '0', NULL, NULL, 0, NULL, NULL),
(76, '2019-01-22 08:31:56', '2019-01-22 08:31:56', NULL, NULL, '0', NULL, NULL, 0, NULL, NULL),
(77, '2019-01-22 08:32:35', '2019-01-22 08:32:35', NULL, NULL, '0', NULL, NULL, 0, NULL, NULL),
(78, '2019-01-22 08:45:11', '2019-01-22 08:45:11', NULL, NULL, '0', NULL, NULL, 0, NULL, NULL),
(79, '2019-01-22 08:48:56', '2019-01-22 08:48:56', NULL, NULL, '0', NULL, NULL, 0, NULL, NULL),
(80, '2019-01-22 08:49:19', '2019-01-22 08:49:19', NULL, NULL, '0', NULL, NULL, 0, NULL, NULL),
(81, '2019-01-22 08:49:30', '2019-01-22 08:49:30', NULL, NULL, '0', NULL, NULL, 0, NULL, NULL),
(82, '2019-01-23 06:22:38', '2019-01-23 06:22:38', NULL, NULL, '0', NULL, NULL, 0, NULL, NULL),
(83, '2019-01-23 06:24:08', '2019-01-23 06:24:08', NULL, NULL, '0', NULL, NULL, 0, NULL, NULL),
(84, '2019-01-23 06:33:30', '2019-01-23 06:33:30', 1, '2019-01-02', '32656', NULL, NULL, 1, NULL, NULL),
(85, '2019-01-23 06:34:09', '2019-01-23 06:34:09', 1, '2019-01-02', '32656', NULL, NULL, 1, NULL, NULL),
(86, '2019-01-23 06:35:28', '2019-01-23 06:35:28', 1, '2019-01-02', '32656', NULL, NULL, 1, NULL, NULL),
(87, '2019-01-23 06:36:53', '2019-01-23 06:36:53', 1, '2019-01-02', '32656', NULL, NULL, 1, NULL, NULL),
(88, '2019-01-23 06:37:32', '2019-01-23 06:37:32', 1, '2019-01-02', '32656', NULL, NULL, 1, NULL, NULL),
(89, '2019-01-23 06:39:00', '2019-01-23 06:39:00', 1, '2019-01-02', '32656', NULL, NULL, 1, NULL, NULL),
(90, '2019-01-23 06:40:39', '2019-01-23 06:40:39', 1, '2019-01-02', '32656', NULL, NULL, 1, NULL, NULL),
(91, '2019-01-23 06:42:30', '2019-01-23 06:42:30', 1, '2019-01-02', '32656', NULL, NULL, 1, NULL, NULL),
(92, '2019-01-23 06:43:40', '2019-01-23 06:43:40', 1, '2019-01-02', '32656', NULL, NULL, 1, NULL, NULL),
(93, '2019-01-23 06:44:37', '2019-01-23 06:44:37', 1, '2019-01-02', '32656', NULL, NULL, 1, NULL, NULL),
(94, '2019-01-23 06:45:49', '2019-01-23 06:45:49', 1, '2019-01-02', '32656', NULL, NULL, 1, NULL, NULL),
(95, '2019-01-23 06:46:04', '2019-01-23 06:46:04', 1, '2019-01-02', '32656', NULL, NULL, 1, NULL, NULL),
(96, '2019-01-23 06:46:17', '2019-01-23 06:46:17', 1, '2019-01-02', '32656', NULL, NULL, 1, NULL, NULL),
(97, '2019-01-23 06:47:51', '2019-01-23 06:47:51', 1, '2019-01-02', '32656', NULL, NULL, 1, NULL, NULL),
(98, '2019-01-23 06:49:13', '2019-01-23 06:49:13', 1, '2019-01-02', '32656', NULL, NULL, 1, NULL, NULL),
(99, '2019-01-23 08:44:18', '2019-01-23 08:44:18', NULL, NULL, '0', NULL, NULL, 0, NULL, NULL),
(100, '2019-01-23 08:47:06', '2019-01-23 08:47:06', NULL, NULL, '0', NULL, NULL, 0, NULL, NULL),
(101, '2019-01-23 08:48:53', '2019-01-23 08:48:53', NULL, NULL, '0', NULL, NULL, 0, NULL, NULL),
(102, '2019-01-23 08:52:52', '2019-01-23 08:52:52', NULL, NULL, '0', NULL, NULL, 0, NULL, NULL),
(103, '2019-01-23 08:55:14', '2019-01-23 08:55:14', NULL, NULL, '0', NULL, NULL, 0, NULL, NULL),
(104, '2019-01-23 08:56:31', '2019-01-23 08:56:31', NULL, NULL, '0', NULL, NULL, 0, NULL, NULL),
(105, '2019-01-23 08:58:07', '2019-01-23 08:58:07', NULL, NULL, '0', NULL, NULL, 0, NULL, NULL),
(106, '2019-01-23 10:26:48', '2019-01-23 10:26:48', NULL, NULL, '0', NULL, NULL, 0, NULL, NULL),
(107, '2019-01-23 10:29:48', '2019-01-23 10:29:48', NULL, NULL, '0', NULL, NULL, 0, NULL, NULL),
(108, '2019-01-23 10:52:45', '2019-01-23 10:52:45', NULL, NULL, '0', NULL, NULL, 0, NULL, NULL),
(109, '2019-01-23 11:41:40', '2019-01-23 11:41:40', NULL, NULL, '0', NULL, NULL, 0, NULL, NULL),
(110, '2019-01-28 08:54:07', '2019-01-28 08:54:07', NULL, NULL, '0', NULL, NULL, 0, NULL, NULL),
(111, '2019-01-28 09:12:01', '2019-01-28 09:12:01', NULL, NULL, '0', NULL, NULL, 0, NULL, NULL),
(112, '2019-01-28 09:12:31', '2019-01-28 09:12:31', NULL, NULL, '0', NULL, NULL, 0, NULL, NULL),
(113, '2019-01-28 09:13:00', '2019-01-28 09:13:00', NULL, NULL, '0', NULL, NULL, 0, NULL, NULL),
(114, '2019-01-28 09:13:13', '2019-01-28 09:13:13', NULL, NULL, '0', NULL, NULL, 0, NULL, NULL),
(115, '2019-01-28 09:13:33', '2019-01-28 09:13:33', NULL, NULL, '0', NULL, NULL, 0, NULL, NULL),
(116, '2019-01-28 09:14:04', '2019-01-28 09:14:04', NULL, NULL, '0', NULL, NULL, 0, NULL, NULL),
(117, '2019-01-28 09:14:30', '2019-01-28 09:14:30', NULL, NULL, '0', NULL, NULL, 0, NULL, NULL),
(118, '2019-01-28 09:18:40', '2019-01-28 09:18:40', NULL, NULL, '0', NULL, NULL, 0, NULL, NULL),
(119, '2019-01-28 09:19:31', '2019-01-28 09:19:31', NULL, NULL, '0', NULL, NULL, 0, NULL, NULL),
(120, '2019-01-28 09:20:35', '2019-01-28 09:20:35', NULL, NULL, '0', NULL, NULL, 0, NULL, NULL),
(121, '2019-01-28 09:21:47', '2019-01-28 09:21:47', NULL, NULL, '0', NULL, NULL, 0, NULL, NULL),
(122, '2019-01-29 06:52:31', '2019-01-29 06:52:31', NULL, NULL, '0', NULL, NULL, 0, NULL, NULL),
(123, '2019-01-29 06:52:48', '2019-01-29 06:52:48', NULL, NULL, '0', NULL, NULL, 0, NULL, NULL),
(124, '2019-01-29 06:54:13', '2019-01-29 06:54:13', NULL, NULL, '0', NULL, NULL, 0, NULL, NULL),
(125, '2019-01-29 06:54:54', '2019-01-29 06:54:54', NULL, NULL, '0', NULL, NULL, 0, NULL, NULL),
(126, '2019-01-29 06:55:32', '2019-01-29 06:55:32', NULL, NULL, '0', NULL, NULL, 0, NULL, NULL),
(127, '2019-01-29 06:56:18', '2019-01-29 06:56:18', NULL, NULL, '0', NULL, NULL, 0, NULL, NULL),
(128, '2019-01-29 06:56:36', '2019-01-29 06:56:36', NULL, NULL, '0', NULL, NULL, 0, NULL, NULL),
(129, '2019-01-29 06:57:53', '2019-01-29 06:57:53', NULL, NULL, '0', NULL, NULL, 0, NULL, NULL),
(130, '2019-01-29 06:58:00', '2019-01-29 06:58:00', NULL, NULL, '0', NULL, NULL, 0, NULL, NULL),
(131, '2019-01-29 08:30:10', '2019-01-29 08:30:10', NULL, NULL, '0', NULL, NULL, 0, NULL, NULL),
(132, '2019-01-29 08:33:08', '2019-01-29 08:33:08', NULL, NULL, '0', NULL, NULL, 0, NULL, NULL),
(133, '2019-01-29 08:35:27', '2019-01-29 08:35:27', NULL, NULL, '0', NULL, NULL, 0, NULL, NULL),
(134, '2019-01-29 08:39:20', '2019-01-29 08:39:20', NULL, NULL, '0', NULL, NULL, 0, NULL, NULL),
(135, '2019-01-29 08:41:12', '2019-01-29 08:41:12', NULL, NULL, '0', NULL, NULL, 0, NULL, NULL),
(136, '2019-01-29 09:01:13', '2019-01-29 09:01:13', NULL, NULL, '0', NULL, NULL, 0, NULL, NULL),
(137, '2019-01-29 10:10:28', '2019-01-29 10:10:28', NULL, NULL, '0', NULL, NULL, 0, NULL, NULL),
(138, '2019-01-29 10:10:52', '2019-01-29 10:10:52', NULL, NULL, '0', NULL, NULL, 0, NULL, NULL),
(139, '2019-01-30 07:15:10', '2019-01-30 07:15:10', 1, '2019-01-02', '32656', NULL, NULL, 1, NULL, NULL),
(140, '2019-01-30 07:25:11', '2019-01-30 07:25:11', 1, '2019-01-02', '32656', NULL, NULL, 1, NULL, NULL),
(141, '2019-01-30 07:26:45', '2019-01-30 07:26:45', 1, '2019-01-02', '32656', NULL, NULL, 1, NULL, NULL),
(142, '2019-01-30 07:30:02', '2019-01-30 07:30:02', 1, '2019-01-02', '32656', NULL, NULL, 1, NULL, NULL),
(143, '2019-01-30 07:30:12', '2019-01-30 07:30:12', 1, '2019-01-02', '32656', NULL, NULL, 1, NULL, NULL),
(144, '2019-01-30 07:35:03', '2019-01-30 07:35:03', 1, '2019-01-02', '32656', NULL, NULL, 1, NULL, NULL),
(145, '2019-01-30 07:36:58', '2019-01-30 07:36:58', 1, '2019-01-02', '32656', NULL, NULL, 1, NULL, NULL),
(146, '2019-01-30 07:40:09', '2019-01-30 07:40:09', 1, '2019-01-02', '32656', NULL, NULL, 1, NULL, NULL),
(147, '2019-01-30 07:43:32', '2019-01-30 07:43:32', 1, '2019-01-02', '32656', NULL, NULL, 1, NULL, NULL),
(148, '2019-01-30 07:46:13', '2019-01-30 07:46:13', 1, '2019-01-02', '32656', NULL, NULL, 1, NULL, NULL),
(149, '2019-01-30 07:47:45', '2019-01-30 07:47:45', 1, '2019-01-02', '32656', NULL, NULL, 1, NULL, NULL),
(150, '2019-01-30 07:48:25', '2019-01-30 07:48:25', 1, '2019-01-02', '32656', NULL, NULL, 1, NULL, NULL),
(151, '2019-01-30 07:56:52', '2019-01-30 07:56:52', 1, '2019-01-02', '32656', NULL, NULL, 1, NULL, NULL),
(152, '2019-01-30 08:01:24', '2019-01-30 08:01:24', 1, '2019-01-02', '32656', NULL, NULL, 1, NULL, NULL),
(153, '2019-01-30 08:05:05', '2019-01-30 08:05:05', 1, '2019-01-02', '32656', NULL, NULL, 1, NULL, NULL),
(154, '2019-01-30 08:05:32', '2019-01-30 08:05:32', 1, '2019-01-02', '32656', NULL, NULL, 1, NULL, NULL),
(155, '2019-01-30 08:22:33', '2019-01-30 08:22:33', NULL, NULL, '0', NULL, NULL, 0, NULL, NULL),
(156, '2019-01-30 11:22:11', '2019-01-30 11:22:11', NULL, NULL, '0', NULL, NULL, 0, NULL, NULL),
(157, '2019-02-04 08:46:47', '2019-02-04 08:46:47', NULL, NULL, '0', NULL, NULL, 0, NULL, NULL),
(158, '2019-02-04 08:49:11', '2019-02-04 08:49:11', NULL, NULL, '0', NULL, NULL, 0, NULL, NULL),
(159, '2019-02-04 08:50:39', '2019-02-04 08:50:39', NULL, NULL, '0', NULL, NULL, 0, NULL, NULL),
(160, '2019-02-04 08:54:54', '2019-02-04 08:54:54', NULL, NULL, '0', NULL, NULL, 0, NULL, NULL),
(161, '2019-02-04 09:00:52', '2019-02-04 09:00:52', NULL, NULL, '0', NULL, NULL, 0, NULL, NULL),
(162, '2019-02-04 09:06:22', '2019-02-04 09:06:22', NULL, NULL, '0', NULL, NULL, 0, NULL, NULL),
(163, '2019-02-04 09:06:39', '2019-02-04 09:06:39', NULL, NULL, '0', NULL, NULL, 0, NULL, NULL),
(164, '2019-02-04 09:07:42', '2019-02-04 09:07:42', NULL, NULL, '0', NULL, NULL, 0, NULL, NULL),
(165, '2019-02-04 09:11:32', '2019-02-04 09:11:32', NULL, NULL, '0', NULL, NULL, 0, NULL, NULL),
(166, '2019-02-04 09:16:42', '2019-02-04 09:16:42', NULL, NULL, '0', NULL, NULL, 0, NULL, NULL),
(167, '2019-02-04 20:44:26', '2019-02-04 20:44:26', NULL, NULL, '0', NULL, NULL, 0, NULL, NULL),
(168, '2019-02-04 20:47:46', '2019-02-04 20:47:46', NULL, NULL, '0', NULL, NULL, 0, NULL, NULL),
(169, '2019-02-04 20:51:41', '2019-02-04 20:51:41', NULL, NULL, '0', NULL, NULL, 0, NULL, NULL),
(170, '2019-02-04 20:53:27', '2019-02-04 20:53:27', NULL, NULL, '0', NULL, NULL, 0, NULL, NULL),
(171, '2019-02-05 08:50:47', '2019-02-05 13:50:48', NULL, NULL, '0', NULL, NULL, 0, '13.500 EUROS\n- 100 euros (4 entradas corredores a pagar ASPE)\n-15 euros (1 entrada a pagar BAIKO\n-955 euro (Internet saldutakoa (84 sarrera)\nTOTAL A FACTURAR A MARKINA 12.430 euros', 71),
(172, '2019-02-05 09:00:23', '2019-02-05 09:00:23', NULL, NULL, '0', NULL, NULL, 0, NULL, NULL),
(173, '2019-02-05 09:37:49', '2019-02-05 09:37:49', NULL, NULL, '0', NULL, NULL, 0, NULL, NULL),
(174, '2019-02-05 09:41:35', '2019-02-05 09:41:35', NULL, NULL, '0', NULL, NULL, 0, NULL, NULL),
(175, '2019-02-05 10:09:28', '2019-02-05 10:09:28', NULL, NULL, '0', NULL, NULL, 0, '13.500 EUROS\n- 100 euros (4 entradas corredores a pagar ASPE)\n-15 euros (1 entrada a pagar BAIKO\n-960 euro (Internet saldutakoa (48 sarrera +20 euro\nTOTAL A FACTURAR A MARKINA 12.430 euros', NULL),
(176, '2019-02-05 12:31:21', '2019-02-05 12:31:21', NULL, NULL, '0', NULL, NULL, 0, NULL, NULL),
(177, '2019-02-05 12:37:34', '2019-02-05 12:37:34', NULL, NULL, '0', NULL, NULL, 0, NULL, NULL),
(178, '2019-02-11 19:22:47', '2019-02-11 19:22:47', NULL, NULL, '0', NULL, NULL, 0, NULL, NULL),
(179, '2019-02-11 19:25:27', '2019-02-11 19:25:27', NULL, NULL, '0', NULL, NULL, 0, NULL, NULL),
(180, '2019-02-11 19:26:44', '2019-02-11 19:26:44', NULL, NULL, '0', NULL, NULL, 0, NULL, NULL),
(181, '2019-02-11 19:28:03', '2019-02-11 19:28:03', NULL, NULL, '0', NULL, NULL, 0, NULL, NULL),
(182, '2019-02-11 19:29:22', '2019-02-11 19:29:22', NULL, NULL, '0', NULL, NULL, 0, NULL, NULL),
(183, '2019-02-11 19:30:36', '2019-02-11 19:30:36', NULL, NULL, '0', NULL, NULL, 0, NULL, NULL),
(184, '2019-02-11 19:31:41', '2019-02-11 19:31:41', NULL, NULL, '0', NULL, NULL, 0, NULL, NULL),
(185, '2019-02-11 19:34:06', '2019-02-11 19:34:06', NULL, NULL, '0', NULL, NULL, 0, NULL, NULL),
(186, '2019-02-11 19:35:57', '2019-02-11 19:35:57', NULL, NULL, '0', NULL, NULL, 0, NULL, NULL),
(187, '2019-02-11 19:36:26', '2019-02-11 19:36:26', NULL, NULL, '0', NULL, NULL, 0, NULL, NULL),
(188, '2019-02-12 20:27:46', '2019-02-12 20:27:46', NULL, NULL, '0', NULL, NULL, 0, NULL, NULL),
(189, '2019-02-12 20:31:14', '2019-02-12 20:31:14', NULL, NULL, '0', NULL, NULL, 0, NULL, NULL),
(190, '2019-02-12 20:31:41', '2019-02-12 20:31:41', NULL, NULL, '0', NULL, NULL, 0, NULL, NULL),
(191, '2019-02-12 20:37:11', '2019-02-12 20:37:11', NULL, NULL, '0', NULL, NULL, 0, NULL, NULL),
(192, '2019-02-12 20:42:37', '2019-02-12 20:42:37', NULL, NULL, '0', NULL, NULL, 0, NULL, NULL),
(193, '2019-02-12 20:43:25', '2019-02-12 20:43:25', NULL, NULL, '0', NULL, NULL, 0, NULL, NULL),
(194, '2019-02-12 20:43:40', '2019-02-12 20:43:40', NULL, NULL, '0', NULL, NULL, 0, NULL, NULL),
(195, '2019-02-12 20:44:31', '2019-02-12 20:44:31', NULL, NULL, '0', NULL, NULL, 0, NULL, NULL),
(196, '2019-02-13 09:18:52', '2019-02-13 09:18:52', NULL, NULL, '0', NULL, NULL, 0, NULL, NULL),
(197, '2019-02-13 09:19:17', '2019-02-13 09:19:17', NULL, NULL, '0', NULL, NULL, 0, NULL, NULL),
(198, '2019-02-13 09:21:09', '2019-02-13 09:21:09', NULL, NULL, '0', NULL, NULL, 0, NULL, NULL),
(199, '2019-02-13 09:24:09', '2019-02-13 09:24:09', NULL, NULL, '0', NULL, NULL, 0, NULL, NULL),
(200, '2019-02-13 09:28:48', '2019-02-13 09:28:48', NULL, NULL, '0', NULL, NULL, 0, NULL, NULL),
(201, '2019-02-13 09:29:25', '2019-02-13 09:29:25', NULL, NULL, '0', NULL, NULL, 0, NULL, NULL),
(202, '2019-02-13 09:30:50', '2019-02-13 09:30:50', NULL, NULL, '0', NULL, NULL, 0, NULL, NULL),
(203, '2019-02-13 09:33:40', '2019-02-13 09:33:40', NULL, NULL, '0', NULL, NULL, 0, NULL, NULL),
(204, '2019-02-13 09:33:58', '2019-02-13 09:33:58', NULL, NULL, '0', NULL, NULL, 0, NULL, NULL),
(205, '2019-02-13 21:28:47', '2019-02-13 21:28:47', NULL, NULL, '0', NULL, NULL, 0, NULL, NULL),
(206, '2019-02-13 21:35:16', '2019-02-13 21:35:16', NULL, NULL, '0', NULL, NULL, 0, NULL, NULL),
(207, '2019-02-18 06:40:06', '2019-02-18 06:40:06', NULL, NULL, '0', NULL, NULL, 0, NULL, NULL),
(208, '2019-02-18 07:04:30', '2019-02-18 07:04:30', NULL, NULL, '0', NULL, NULL, 0, NULL, NULL),
(209, '2019-02-18 07:05:39', '2019-02-18 07:05:39', NULL, NULL, '0', NULL, NULL, 0, NULL, NULL),
(210, '2019-02-18 07:06:09', '2019-02-18 07:06:09', NULL, NULL, '0', NULL, NULL, 0, NULL, NULL),
(211, '2019-02-18 07:07:23', '2019-02-18 07:07:23', NULL, NULL, '0', NULL, NULL, 0, NULL, NULL),
(212, '2019-02-18 07:08:02', '2019-02-18 07:08:02', NULL, NULL, '0', NULL, NULL, 0, NULL, NULL),
(213, '2019-02-18 07:09:17', '2019-02-18 07:09:17', NULL, NULL, '0', NULL, NULL, 0, NULL, NULL),
(214, '2019-02-18 07:11:08', '2019-02-18 07:11:08', NULL, NULL, '0', NULL, NULL, 0, NULL, NULL),
(215, '2019-02-18 09:47:50', '2019-02-18 09:47:50', NULL, NULL, '0', NULL, NULL, 0, NULL, NULL),
(216, '2019-02-18 10:01:17', '2019-02-18 10:01:17', NULL, NULL, '0', NULL, NULL, 0, NULL, NULL),
(217, '2019-02-18 10:03:11', '2019-02-18 10:03:11', NULL, NULL, '0', NULL, NULL, 0, NULL, NULL),
(218, '2019-02-18 10:14:28', '2019-02-18 10:14:28', NULL, NULL, '0', NULL, NULL, 0, NULL, NULL),
(219, '2019-02-18 10:26:39', '2019-02-18 10:26:39', NULL, NULL, '0', NULL, NULL, 0, NULL, NULL),
(220, '2019-02-18 10:27:20', '2019-02-18 10:27:20', NULL, NULL, '0', NULL, NULL, 0, NULL, NULL),
(221, '2019-02-18 10:27:38', '2019-02-18 10:27:38', NULL, NULL, '0', NULL, NULL, 0, NULL, NULL),
(222, '2019-02-18 10:27:48', '2019-02-18 10:27:48', NULL, NULL, '0', NULL, NULL, 0, NULL, NULL),
(223, '2019-02-18 10:38:06', '2019-02-18 10:38:06', NULL, NULL, '0', NULL, NULL, 0, NULL, NULL),
(224, '2019-02-18 10:38:27', '2019-02-18 10:38:27', NULL, NULL, '0', NULL, NULL, 0, NULL, NULL),
(225, '2019-02-18 10:39:31', '2019-02-18 10:39:31', NULL, NULL, '0', NULL, NULL, 0, NULL, NULL),
(226, '2019-02-18 10:41:50', '2019-02-18 10:41:50', NULL, NULL, '0', NULL, NULL, 0, NULL, NULL),
(227, '2019-02-18 10:44:17', '2019-02-18 10:44:17', NULL, NULL, '0', NULL, NULL, 0, NULL, NULL),
(228, '2019-02-18 10:44:50', '2019-02-18 10:44:50', NULL, NULL, '0', NULL, NULL, 0, NULL, NULL),
(229, '2019-02-18 10:45:35', '2019-02-18 10:45:35', NULL, NULL, '0', NULL, NULL, 0, NULL, NULL),
(230, '2019-02-18 10:51:25', '2019-02-18 10:51:25', NULL, NULL, '0', NULL, NULL, 0, NULL, NULL),
(231, '2019-02-19 11:53:14', '2019-02-19 11:53:14', NULL, NULL, '0', NULL, NULL, 0, NULL, NULL),
(232, '2019-02-19 11:53:54', '2019-02-19 11:53:54', NULL, NULL, '0', NULL, NULL, 0, NULL, NULL),
(233, '2019-02-20 05:50:06', '2019-02-20 05:50:06', NULL, NULL, '0', NULL, NULL, 0, NULL, NULL),
(234, '2019-02-20 09:17:49', '2019-02-20 09:17:49', NULL, NULL, '0', NULL, NULL, 0, NULL, NULL),
(235, '2019-02-20 09:18:24', '2019-02-20 09:18:24', NULL, NULL, '0', NULL, NULL, 0, NULL, NULL),
(236, '2019-02-20 09:19:13', '2019-02-20 09:19:13', NULL, NULL, '0', NULL, NULL, 0, NULL, NULL),
(237, '2019-02-20 09:19:52', '2019-02-20 09:19:52', NULL, NULL, '0', NULL, NULL, 0, NULL, NULL),
(238, '2019-02-20 09:20:51', '2019-02-20 09:20:51', NULL, NULL, '0', NULL, NULL, 0, NULL, NULL),
(239, '2019-02-20 09:21:23', '2019-02-20 09:21:23', NULL, NULL, '0', NULL, NULL, 0, NULL, NULL),
(240, '2019-02-20 09:37:06', '2019-02-20 09:37:06', NULL, NULL, '0', NULL, NULL, 0, NULL, NULL),
(241, '2019-02-20 09:38:51', '2019-02-20 09:38:51', NULL, NULL, '0', NULL, NULL, 0, NULL, NULL),
(242, '2019-02-20 10:01:55', '2019-02-20 10:01:55', NULL, NULL, '0', NULL, NULL, 0, '13.500 EUROS\n- 100 euros (4 entradas corredores a pagar ASPE)\n-15 euros (1 entrada a pagar BAIKO\n-955 euro (Internet saldutakoa (84 sarrera)\nTOTAL A FACTURAR A MARKINA 12.430 euros', NULL),
(243, '2019-02-20 10:05:58', '2019-02-20 10:05:58', NULL, NULL, '0', NULL, NULL, 0, '13.500 EUROS\n- 100 euros (4 entradas corredores a pagar ASPE)\n-15 euros (1 entrada a pagar BAIKO\n-955 euro (Internet saldutakoa (84 sarrera)\nTOTAL A FACTURAR A MARKINA 12.430 euros', NULL),
(244, '2019-02-20 10:07:49', '2019-02-20 10:07:49', NULL, NULL, '0', NULL, NULL, 0, '13.500 EUROS\n- 100 euros (4 entradas corredores a pagar ASPE)\n-15 euros (1 entrada a pagar BAIKO\n-955 euro (Internet saldutakoa (84 sarrera)\nTOTAL A FACTURAR A MARKINA 12.430 euros', NULL),
(245, '2019-02-21 08:38:37', '2019-02-21 08:38:37', NULL, NULL, '0', NULL, NULL, 0, NULL, NULL),
(246, '2019-02-25 07:53:45', '2019-02-25 07:53:45', NULL, NULL, '0', NULL, NULL, 0, NULL, NULL),
(247, '2019-02-25 07:57:43', '2019-02-25 07:57:43', NULL, NULL, '0', NULL, NULL, 0, NULL, NULL),
(248, '2019-02-25 08:05:02', '2019-02-25 08:05:02', NULL, NULL, '0', NULL, NULL, 0, NULL, NULL),
(249, '2019-02-25 08:06:25', '2019-02-25 08:06:25', 1, NULL, '2430', NULL, NULL, 1, 'Cobrado el 13/2/19', 74),
(250, '2019-02-25 08:40:30', '2019-02-25 08:40:30', NULL, NULL, '0', NULL, NULL, 0, NULL, NULL),
(251, '2019-02-25 08:42:04', '2019-02-25 08:42:04', NULL, NULL, '0', NULL, NULL, 0, NULL, NULL),
(252, '2019-02-25 08:42:14', '2019-02-25 08:42:14', NULL, NULL, '0', NULL, NULL, 0, NULL, NULL),
(253, '2019-02-25 08:45:41', '2019-02-25 08:45:41', NULL, NULL, '0', NULL, NULL, 0, NULL, NULL),
(254, '2019-02-28 09:14:11', '2019-02-28 09:14:11', NULL, NULL, '0', NULL, NULL, 0, NULL, NULL),
(255, '2019-03-03 19:36:46', '2019-03-03 19:36:46', NULL, NULL, '0', NULL, NULL, 0, NULL, NULL),
(256, '2019-03-03 19:40:59', '2019-03-03 19:40:59', NULL, NULL, '0', NULL, NULL, 0, NULL, NULL),
(257, '2019-03-03 19:45:25', '2019-03-03 19:45:25', NULL, NULL, '0', NULL, NULL, 0, NULL, NULL),
(258, '2019-03-03 19:46:17', '2019-03-03 19:46:17', NULL, NULL, '0', NULL, NULL, 0, NULL, NULL),
(259, '2019-03-03 19:50:21', '2019-03-03 19:50:21', NULL, NULL, '0', NULL, NULL, 0, NULL, NULL),
(260, '2019-03-03 19:57:26', '2019-03-03 19:57:26', NULL, NULL, '0', NULL, NULL, 0, NULL, NULL),
(261, '2019-03-03 19:57:42', '2019-03-03 19:57:42', NULL, NULL, '0', NULL, NULL, 0, NULL, NULL),
(262, '2019-03-03 19:59:42', '2019-03-03 19:59:42', NULL, NULL, '0', NULL, NULL, 0, NULL, NULL),
(263, '2019-03-03 20:00:50', '2019-03-03 20:00:50', NULL, NULL, '0', NULL, NULL, 0, NULL, NULL),
(264, '2019-03-03 20:00:53', '2019-03-03 20:00:53', NULL, NULL, '0', NULL, NULL, 0, NULL, NULL),
(265, '2019-03-04 20:55:21', '2019-03-04 20:55:21', NULL, NULL, '0', NULL, NULL, 0, NULL, NULL),
(266, '2019-03-04 20:56:43', '2019-03-04 20:56:43', NULL, NULL, '0', NULL, NULL, 0, NULL, NULL),
(267, '2019-03-04 21:01:16', '2019-03-04 21:01:16', NULL, NULL, '0', NULL, NULL, 0, NULL, NULL),
(268, '2019-03-04 21:04:13', '2019-03-04 21:04:13', NULL, NULL, '0', NULL, NULL, 0, NULL, NULL),
(269, '2019-03-04 21:07:19', '2019-03-04 21:07:19', NULL, NULL, '0', NULL, NULL, 0, NULL, NULL),
(270, '2019-03-05 09:54:26', '2019-03-05 09:54:26', NULL, NULL, '0', NULL, NULL, 0, NULL, NULL),
(271, '2019-03-05 09:54:59', '2019-03-05 09:54:59', NULL, NULL, '0', NULL, NULL, 0, NULL, NULL),
(272, '2019-03-05 09:56:50', '2019-03-05 09:56:50', NULL, NULL, '0', NULL, NULL, 0, NULL, NULL),
(273, '2019-03-05 09:59:25', '2019-03-05 09:59:25', NULL, NULL, '0', NULL, NULL, 0, NULL, NULL),
(274, '2019-03-05 09:59:48', '2019-03-05 09:59:48', NULL, NULL, '0', NULL, NULL, 0, NULL, NULL),
(275, '2019-03-05 10:00:57', '2019-03-05 10:00:57', NULL, NULL, '0', NULL, NULL, 0, NULL, NULL),
(276, '2019-03-05 10:03:13', '2019-03-05 10:03:13', NULL, NULL, '0', NULL, NULL, 0, NULL, NULL),
(277, '2019-03-05 10:04:24', '2019-03-05 10:04:24', NULL, NULL, '0', NULL, NULL, 0, NULL, NULL),
(278, '2019-03-05 10:05:48', '2019-03-05 10:05:48', NULL, NULL, '0', NULL, NULL, 0, NULL, NULL),
(279, '2019-03-05 10:30:19', '2019-03-05 10:30:19', NULL, NULL, '0', NULL, NULL, 0, NULL, NULL),
(280, '2019-03-06 08:11:52', '2019-03-06 08:11:52', NULL, NULL, '0', NULL, NULL, 0, NULL, NULL),
(281, '2019-03-06 10:58:17', '2019-03-06 10:58:17', NULL, NULL, '0', NULL, NULL, 0, NULL, NULL),
(282, '2019-03-10 19:44:00', '2019-03-10 19:44:00', NULL, NULL, '0', NULL, NULL, 0, NULL, NULL),
(283, '2019-03-14 10:50:00', '2019-03-14 10:50:00', NULL, NULL, '0', NULL, NULL, 0, NULL, NULL),
(284, '2019-03-14 10:53:46', '2019-03-14 10:53:46', NULL, NULL, '0', NULL, NULL, 0, NULL, NULL),
(285, '2019-03-14 10:59:28', '2019-03-14 10:59:28', NULL, NULL, '0', NULL, NULL, 0, NULL, NULL),
(286, '2019-03-14 11:09:16', '2019-03-14 11:09:16', NULL, NULL, '0', NULL, NULL, 0, NULL, NULL),
(287, '2019-03-14 11:13:27', '2019-03-14 11:13:27', NULL, NULL, '0', NULL, NULL, 0, NULL, NULL),
(288, '2019-03-18 08:09:29', '2019-03-18 08:09:29', NULL, NULL, '0', NULL, NULL, 0, NULL, NULL),
(289, '2019-03-18 08:12:25', '2019-03-18 08:12:25', NULL, NULL, '0', NULL, NULL, 0, NULL, NULL),
(290, '2019-03-18 08:14:13', '2019-03-18 08:14:13', NULL, NULL, '0', NULL, NULL, 0, NULL, NULL),
(291, '2019-03-18 08:15:54', '2019-03-18 08:15:54', NULL, NULL, '0', NULL, NULL, 0, NULL, NULL),
(292, '2019-03-18 08:35:44', '2019-03-18 08:35:44', NULL, NULL, '0', NULL, NULL, 0, NULL, NULL),
(293, '2019-03-18 08:45:00', '2019-03-18 08:45:00', NULL, NULL, '0', NULL, NULL, 0, NULL, NULL),
(294, '2019-03-18 14:44:16', '2019-03-18 14:44:16', NULL, NULL, '0', NULL, NULL, 0, NULL, NULL),
(295, '2019-03-18 14:53:11', '2019-03-18 14:53:11', NULL, NULL, '0', NULL, NULL, 0, NULL, NULL),
(296, '2019-03-18 14:53:22', '2019-03-18 14:53:22', NULL, NULL, '0', NULL, NULL, 0, NULL, NULL),
(297, '2019-03-18 21:24:13', '2019-03-18 21:24:13', NULL, NULL, '0', NULL, NULL, 0, NULL, NULL),
(298, '2019-03-18 21:33:07', '2019-03-18 21:33:07', NULL, NULL, '0', NULL, NULL, 0, NULL, NULL),
(299, '2019-03-18 21:37:24', '2019-03-18 21:37:24', NULL, NULL, '0', NULL, NULL, 0, NULL, NULL),
(300, '2019-03-18 21:38:16', '2019-03-18 21:38:16', NULL, NULL, '0', NULL, NULL, 0, NULL, NULL),
(301, '2019-03-18 21:39:04', '2019-03-18 21:39:04', NULL, NULL, '0', NULL, NULL, 0, NULL, NULL),
(302, '2019-03-18 21:39:14', '2019-03-18 21:39:14', NULL, NULL, '0', NULL, NULL, 0, NULL, NULL),
(303, '2019-03-18 21:42:56', '2019-03-18 21:42:56', NULL, NULL, '0', NULL, NULL, 0, NULL, NULL),
(304, '2019-03-24 20:00:04', '2019-03-24 20:00:04', NULL, NULL, '0', NULL, NULL, 0, NULL, NULL),
(305, '2019-03-24 20:08:15', '2019-03-24 20:08:15', NULL, NULL, '0', NULL, NULL, 0, NULL, NULL),
(306, '2019-03-24 20:08:59', '2019-03-24 20:08:59', NULL, NULL, '0', NULL, NULL, 0, NULL, NULL),
(307, '2019-03-25 14:41:42', '2019-03-25 14:41:42', NULL, NULL, '0', NULL, NULL, 0, NULL, NULL),
(308, '2019-03-26 09:08:04', '2019-03-26 09:08:04', NULL, NULL, '0', NULL, NULL, 0, NULL, NULL),
(309, '2019-03-26 09:10:44', '2019-03-26 09:10:44', NULL, NULL, '0', NULL, NULL, 0, NULL, NULL),
(310, '2019-03-26 09:12:51', '2019-03-26 09:12:51', NULL, NULL, '0', NULL, NULL, 0, NULL, NULL),
(311, '2019-03-26 09:16:52', '2019-03-26 09:16:52', NULL, NULL, '0', NULL, NULL, 0, NULL, NULL),
(312, '2019-03-26 09:24:39', '2019-03-26 09:24:39', NULL, NULL, '0', NULL, NULL, 0, NULL, NULL),
(313, '2019-03-27 08:30:57', '2019-03-27 08:30:57', NULL, NULL, '0', NULL, NULL, 0, NULL, NULL),
(314, '2019-03-28 08:13:28', '2019-03-28 08:13:28', NULL, NULL, '0', NULL, NULL, 0, NULL, NULL);

-- --------------------------------------------------------

--
-- Estructura de tabla para la tabla `festival_partidos`
--

CREATE TABLE `festival_partidos` (
  `id` int(10) UNSIGNED NOT NULL,
  `created_at` timestamp NULL DEFAULT NULL,
  `updated_at` timestamp NULL DEFAULT NULL,
  `festival_id` int(11) DEFAULT NULL,
  `orden` tinyint(4) DEFAULT NULL,
  `estelar` tinyint(4) DEFAULT NULL,
  `campeonato_id` int(11) DEFAULT NULL,
  `tipo_partido_id` int(11) DEFAULT NULL,
  `fase` tinytext COLLATE utf8_unicode_ci,
  `duracion` int(11) DEFAULT NULL,
  `pelotazos` int(11) DEFAULT NULL,
  `obs_publico` text COLLATE utf8_unicode_ci,
  `obs_fronton` text COLLATE utf8_unicode_ci,
  `obs_incidencias` text COLLATE utf8_unicode_ci,
  `obs_comentarios` text COLLATE utf8_unicode_ci,
  `puntos_rojo` int(11) DEFAULT NULL,
  `puntos_azul` int(11) DEFAULT NULL
) ENGINE=InnoDB DEFAULT CHARSET=utf8 COLLATE=utf8_unicode_ci;

--
-- Volcado de datos para la tabla `festival_partidos`
--

INSERT INTO `festival_partidos` (`id`, `created_at`, `updated_at`, `festival_id`, `orden`, `estelar`, `campeonato_id`, `tipo_partido_id`, `fase`, `duracion`, `pelotazos`, `obs_publico`, `obs_fronton`, `obs_incidencias`, `obs_comentarios`, `puntos_rojo`, `puntos_azul`) VALUES
(132, '2018-11-28 07:50:22', '2018-11-28 07:50:22', 50, 1, 1, 4, 1, 'cuartos', NULL, NULL, '', '', '', NULL, 0, 0),
(133, '2018-12-27 13:59:43', '2018-12-27 13:59:43', 53, 1, 0, 3, 1, 'liga_cuartos', NULL, NULL, '', '', '', NULL, 0, 0),
(136, '2019-01-08 10:00:01', '2019-01-08 10:00:01', 60, 1, 0, 5, 1, 'liga_cuartos', NULL, NULL, '', '', '', NULL, 0, 0),
(137, '2019-01-08 10:02:26', '2019-01-08 10:02:26', 60, 2, 1, 3, 1, 'liga_cuartos', NULL, NULL, '', '', '', NULL, 0, 0),
(139, '2019-01-08 10:45:28', '2019-01-08 10:45:28', 62, 1, 0, 5, 1, 'cuartos', NULL, NULL, '', '', '', NULL, 0, 0),
(140, '2019-01-08 10:49:44', '2019-01-08 10:49:44', 62, 2, 1, 3, 1, 'liga_cuartos', NULL, NULL, '', '', '', NULL, 0, 0),
(141, '2019-01-11 10:53:13', '2019-01-23 06:24:40', 55, 1, 0, NULL, 1, NULL, NULL, NULL, NULL, NULL, NULL, NULL, 18, 22),
(142, '2019-01-11 10:55:50', '2019-01-23 06:25:00', 55, 2, 1, 3, 1, 'liga_cuartos', NULL, NULL, NULL, NULL, NULL, NULL, 22, 12),
(143, '2019-01-11 10:56:54', '2019-01-23 06:25:26', 55, 3, 0, NULL, 1, NULL, NULL, NULL, NULL, NULL, NULL, NULL, 18, 22),
(144, '2019-01-15 07:10:14', '2019-01-23 06:27:04', 56, 1, 0, 5, 1, 'cuartos', NULL, NULL, NULL, NULL, NULL, NULL, 22, 14),
(145, '2019-01-15 07:12:27', '2019-01-23 06:27:29', 56, 2, 1, 3, 1, 'cuartos', NULL, NULL, NULL, NULL, NULL, NULL, 9, 22),
(146, '2019-01-16 07:12:32', '2019-01-23 06:35:02', 58, 1, 0, 5, 1, 'cuartos', NULL, NULL, NULL, NULL, NULL, NULL, 20, 22),
(147, '2019-01-16 08:03:19', '2019-01-23 06:36:07', 57, 1, 0, 5, 1, 'liga_cuartos', NULL, NULL, NULL, NULL, NULL, NULL, 22, 12),
(148, '2019-01-16 08:04:40', '2019-01-23 06:36:44', 57, 2, 1, 3, 1, 'liga_cuartos', NULL, NULL, NULL, NULL, NULL, NULL, 13, 22),
(149, '2019-01-16 10:51:28', '2019-01-23 06:35:24', 58, 2, 1, 3, 1, 'liga_cuartos', NULL, NULL, NULL, NULL, NULL, NULL, 16, 22),
(150, '2019-01-16 10:54:20', '2019-01-23 06:38:06', 59, 1, 0, NULL, 1, NULL, NULL, NULL, NULL, NULL, NULL, NULL, 13, 18),
(151, '2019-01-16 10:55:53', '2019-01-23 06:38:33', 59, 2, 1, 3, 1, 'liga_cuartos', NULL, NULL, NULL, NULL, NULL, NULL, 22, 19),
(152, '2019-01-16 10:58:00', '2019-01-23 06:38:54', 59, 3, 0, 5, 1, 'liga_cuartos', NULL, NULL, NULL, NULL, NULL, NULL, 20, 22),
(153, '2019-01-16 11:05:50', '2019-01-16 11:05:50', 62, 1, 0, 5, 1, 'liga_cuartos', NULL, NULL, '', '', '', NULL, 0, 0),
(154, '2019-01-16 11:06:59', '2019-01-16 11:06:59', 62, 2, 1, 3, 1, 'liga_cuartos', NULL, NULL, '', '', '', NULL, 0, 0),
(155, '2019-01-16 11:12:08', '2019-01-16 11:12:08', 62, 1, 0, 5, 1, 'liga_cuartos', NULL, NULL, '', '', '', NULL, 0, 0),
(156, '2019-01-16 11:14:52', '2019-01-16 11:14:52', 62, 1, 0, 5, 1, 'liga_cuartos', NULL, NULL, '', '', '', NULL, 0, 0),
(157, '2019-01-17 06:48:49', '2019-01-23 06:39:42', 63, 1, 0, 5, 1, 'liga_cuartos', NULL, NULL, NULL, NULL, NULL, NULL, 22, 12),
(158, '2019-01-17 06:58:01', '2019-01-23 06:41:41', 64, 1, 0, NULL, 1, NULL, NULL, NULL, NULL, NULL, NULL, NULL, 7, 18),
(159, '2019-01-17 07:02:14', '2019-01-23 06:42:08', 64, 2, 1, 3, 1, 'liga_cuartos', NULL, NULL, NULL, NULL, NULL, NULL, 22, 15),
(160, '2019-01-17 07:13:02', '2019-01-23 06:42:26', 64, 3, 0, 5, 1, 'liga_cuartos', NULL, NULL, NULL, NULL, NULL, NULL, 9, 22),
(162, '2019-01-17 07:26:34', '2019-01-23 06:43:28', 65, 2, 1, 3, 1, 'liga_cuartos', NULL, NULL, NULL, NULL, NULL, NULL, 22, 19),
(163, '2019-01-17 10:35:18', '2019-01-23 06:40:06', 63, 2, 1, 3, 1, 'liga_cuartos', NULL, NULL, NULL, NULL, NULL, NULL, 11, 22),
(164, '2019-01-17 10:36:57', '2019-01-23 06:43:02', 65, 1, 0, NULL, 1, NULL, NULL, NULL, NULL, NULL, NULL, NULL, 11, 22),
(166, '2019-01-21 14:30:08', '2019-01-23 06:44:13', 66, 1, 0, 5, 1, 'liga_cuartos', NULL, NULL, NULL, NULL, NULL, NULL, 22, 8),
(168, '2019-01-21 14:36:27', '2019-01-23 06:44:33', 66, 2, 1, 3, 1, 'liga_cuartos', NULL, NULL, NULL, NULL, NULL, NULL, 22, 18),
(169, '2019-01-22 08:30:47', '2019-01-23 06:48:37', 67, 1, 0, 5, 1, 'liga_cuartos', NULL, NULL, NULL, NULL, NULL, NULL, 22, 16),
(170, '2019-01-22 08:31:50', '2019-01-23 06:49:06', 67, 2, 1, 3, 1, 'liga_cuartos', NULL, NULL, NULL, NULL, NULL, NULL, 22, 14),
(171, '2019-01-22 08:34:13', '2019-01-23 06:45:14', 68, 1, 0, 5, 1, 'liga_cuartos', NULL, NULL, NULL, NULL, NULL, NULL, 22, 14),
(172, '2019-01-22 08:44:48', '2019-01-23 06:45:36', 68, 2, 1, 3, 1, 'liga_cuartos', NULL, NULL, NULL, NULL, NULL, NULL, 9, 22),
(173, '2019-01-22 08:46:54', '2019-01-23 06:46:41', 69, 1, 0, NULL, 1, NULL, NULL, NULL, NULL, NULL, NULL, NULL, 18, 22),
(174, '2019-01-22 08:47:45', '2019-01-23 06:46:59', 69, 2, 1, 3, 1, 'liga_cuartos', NULL, NULL, NULL, NULL, NULL, NULL, 6, 22),
(175, '2019-01-22 08:48:51', '2019-01-23 06:47:24', 69, 3, 0, 5, 1, 'liga_cuartos', NULL, NULL, NULL, NULL, NULL, NULL, 22, 16),
(176, '2019-01-23 08:43:21', '2019-01-29 06:55:54', 70, 1, 0, NULL, 1, NULL, NULL, NULL, NULL, NULL, NULL, NULL, 8, 22),
(177, '2019-01-23 08:44:15', '2019-01-29 06:56:14', 70, 2, 1, 3, 1, 'liga_cuartos', NULL, NULL, NULL, NULL, NULL, NULL, 10, 22),
(178, '2019-01-23 08:46:06', '2019-01-29 06:53:38', 71, 1, 0, 5, 1, 'liga_cuartos', NULL, NULL, NULL, NULL, NULL, NULL, 11, 22),
(179, '2019-01-23 08:47:01', '2019-01-29 06:54:03', 71, 2, 1, 3, 1, 'liga_cuartos', NULL, NULL, NULL, NULL, NULL, NULL, 11, 22),
(180, '2019-01-23 08:48:47', '2019-01-23 08:48:47', 72, 2, 1, 3, 1, 'liga_cuartos', NULL, NULL, '', '', '', NULL, 0, 0),
(181, '2019-01-23 08:50:47', '2019-01-29 06:57:03', 73, 1, 0, 5, 1, 'liga_cuartos', NULL, NULL, NULL, NULL, NULL, NULL, 22, 9),
(182, '2019-01-23 08:52:00', '2019-01-29 06:57:28', 73, 2, 1, 3, 1, 'liga_cuartos', NULL, NULL, NULL, NULL, NULL, NULL, 22, 20),
(183, '2019-01-23 08:52:45', '2019-01-29 06:57:48', 73, 3, 0, 5, 1, 'liga_cuartos', NULL, NULL, NULL, NULL, NULL, NULL, 22, 13),
(184, '2019-01-23 11:41:34', '2019-01-29 06:55:22', 74, 1, 0, 5, 1, 'liga_cuartos', NULL, NULL, NULL, NULL, NULL, NULL, 22, 9),
(185, '2019-01-28 09:16:28', '2019-01-29 06:54:42', 72, 1, 0, NULL, 1, NULL, NULL, NULL, NULL, NULL, NULL, NULL, 10, 22),
(187, '2019-01-29 08:28:38', '2019-02-04 08:45:57', 75, 1, 0, 5, 1, 'liga_cuartos', NULL, NULL, NULL, NULL, NULL, NULL, 22, 19),
(188, '2019-01-29 08:29:59', '2019-02-04 08:46:40', 75, 2, 1, 3, 1, 'liga_cuartos', NULL, NULL, NULL, NULL, NULL, NULL, 15, 22),
(189, '2019-01-29 08:32:02', '2019-02-04 08:54:48', 76, 1, 0, 5, 1, 'liga_cuartos', NULL, NULL, NULL, NULL, NULL, NULL, 22, 15),
(190, '2019-01-29 08:32:58', '2019-02-04 09:05:47', 76, 2, 1, 3, 1, 'liga_cuartos', NULL, NULL, NULL, NULL, NULL, NULL, 11, 22),
(191, '2019-01-29 08:35:23', '2019-02-04 08:50:14', 77, 2, 1, 3, 1, 'liga_cuartos', NULL, NULL, NULL, NULL, NULL, NULL, 15, 22),
(192, '2019-01-29 08:37:08', '2019-01-29 08:37:08', 78, 1, 0, NULL, 1, NULL, NULL, NULL, '', '', '', NULL, 0, 0),
(193, '2019-01-29 08:38:07', '2019-02-04 09:10:17', 78, 2, 1, 3, 1, 'liga_cuartos', NULL, NULL, NULL, NULL, NULL, NULL, 22, 14),
(194, '2019-01-29 08:39:04', '2019-02-04 09:11:19', 78, 3, 0, 5, 1, 'liga_cuartos', NULL, NULL, NULL, NULL, NULL, NULL, 22, 8),
(195, '2019-01-29 08:41:08', '2019-02-04 09:07:14', 79, 1, 0, 5, 1, 'liga_cuartos', NULL, NULL, NULL, NULL, NULL, NULL, 19, 22),
(196, '2019-01-30 08:22:30', '2019-02-18 07:07:55', 80, 1, 0, 5, 1, 'cuartos', NULL, NULL, NULL, NULL, NULL, NULL, 19, 22),
(197, '2019-02-04 08:48:52', '2019-02-04 08:49:39', 77, 1, 0, NULL, 1, NULL, NULL, NULL, NULL, NULL, NULL, NULL, 11, 22),
(198, '2019-02-04 20:43:23', '2019-02-11 19:24:24', 81, 1, 0, 5, 1, 'cuartos', NULL, NULL, NULL, NULL, NULL, NULL, 11, 22),
(199, '2019-02-04 20:44:17', '2019-02-11 19:25:19', 81, 2, 1, 3, 1, 'cuartos', NULL, NULL, NULL, NULL, NULL, NULL, 15, 22),
(200, '2019-02-04 20:47:44', '2019-02-11 19:31:35', 82, 2, 1, 3, 1, 'cuartos', NULL, NULL, NULL, NULL, NULL, NULL, 22, 8),
(201, '2019-02-04 20:49:34', '2019-02-11 19:33:03', 83, 1, 0, NULL, 1, NULL, NULL, NULL, NULL, NULL, NULL, NULL, 16, 22),
(202, '2019-02-04 20:50:24', '2019-02-11 19:33:35', 83, 2, 1, 3, 1, 'cuartos', NULL, NULL, NULL, NULL, NULL, NULL, 22, 15),
(203, '2019-02-04 20:51:31', '2019-02-11 19:34:01', 83, 3, 0, 5, 1, 'cuartos', NULL, NULL, NULL, NULL, NULL, NULL, 8, 22),
(204, '2019-02-05 08:57:17', '2019-02-11 19:29:18', 84, 1, 0, 5, 1, 'cuartos', NULL, NULL, NULL, NULL, NULL, NULL, 22, 17),
(205, '2019-02-05 09:36:37', '2019-02-11 19:26:40', 85, 1, 0, 5, 1, 'cuartos', NULL, NULL, NULL, NULL, NULL, NULL, 22, 15),
(206, '2019-02-05 09:37:40', '2019-02-05 09:37:40', 85, 2, 1, 3, 1, 'cuartos', NULL, NULL, '', '', '', NULL, 0, 0),
(207, '2019-02-11 19:30:26', '2019-02-11 19:31:07', 82, 1, 0, NULL, 1, NULL, NULL, NULL, NULL, NULL, NULL, NULL, 22, 20),
(208, '2019-02-12 20:25:36', '2019-02-18 07:06:50', 86, 1, 0, 5, 1, 'cuartos', NULL, NULL, NULL, NULL, NULL, NULL, 22, 18),
(209, '2019-02-12 20:27:18', '2019-02-18 07:07:15', 86, 2, 1, 3, 1, 'cuartos', NULL, NULL, NULL, NULL, NULL, NULL, 14, 22),
(210, '2019-02-12 20:39:37', '2019-02-18 07:08:37', 87, 1, 0, NULL, 1, NULL, NULL, NULL, NULL, NULL, NULL, NULL, 13, 22),
(211, '2019-02-12 20:40:36', '2019-02-18 07:08:57', 87, 2, 1, 3, 1, 'cuartos', NULL, NULL, NULL, NULL, NULL, NULL, 22, 15),
(212, '2019-02-12 20:41:39', '2019-02-18 07:10:59', 87, 3, 0, 5, 1, 'cuartos', NULL, NULL, NULL, NULL, NULL, NULL, 21, 22),
(213, '2019-02-13 09:17:57', '2019-02-18 07:05:06', 88, 1, 0, 5, 1, 'cuartos', NULL, NULL, NULL, NULL, NULL, NULL, 22, 17),
(214, '2019-02-13 09:18:46', '2019-02-18 07:05:32', 88, 2, 1, 3, 1, 'cuartos', NULL, NULL, NULL, NULL, NULL, NULL, 6, 22),
(215, '2019-02-13 09:23:12', '2019-02-18 07:04:27', 89, 1, 0, NULL, 1, NULL, NULL, NULL, NULL, NULL, NULL, NULL, 22, 12),
(216, '2019-02-13 09:24:05', '2019-02-13 09:24:05', 89, 2, 0, 3, 1, 'cuartos', NULL, NULL, '', '', '', NULL, 0, 0),
(217, '2019-02-18 09:46:11', '2019-02-25 08:40:04', 90, 1, 0, NULL, 1, NULL, NULL, NULL, NULL, NULL, NULL, NULL, 7, 22),
(218, '2019-02-18 09:47:33', '2019-02-25 08:40:21', 90, 2, 1, 3, 1, 'liga_cuartos', NULL, NULL, NULL, NULL, NULL, NULL, 14, 22),
(219, '2019-02-18 10:03:05', '2019-03-05 09:53:34', 92, 2, 1, 3, 1, 'liga_cuartos', NULL, NULL, NULL, NULL, NULL, NULL, 18, 22),
(220, '2019-02-18 10:35:34', '2019-02-25 07:54:07', 93, 1, 0, NULL, 1, NULL, NULL, NULL, NULL, NULL, NULL, NULL, 12, 22),
(221, '2019-02-18 10:36:48', '2019-02-25 07:54:42', 93, 2, 1, 3, 1, 'cuartos', NULL, NULL, NULL, NULL, NULL, NULL, 22, 18),
(222, '2019-02-18 10:37:55', '2019-02-25 07:55:00', 93, 3, 0, NULL, 1, NULL, NULL, NULL, NULL, NULL, NULL, NULL, 18, 13),
(223, '2019-02-18 10:39:23', '2019-02-25 08:41:28', 91, 2, 1, 3, 1, 'liga_cuartos', NULL, NULL, NULL, NULL, NULL, NULL, 22, 21),
(224, '2019-02-19 11:52:23', '2019-02-25 08:41:05', 91, 1, 0, NULL, 1, NULL, NULL, NULL, NULL, NULL, NULL, NULL, 22, 18),
(225, '2019-02-19 11:53:04', '2019-02-25 08:41:52', 91, 3, 0, NULL, 1, NULL, NULL, NULL, NULL, NULL, NULL, NULL, 14, 18),
(226, '2019-02-28 08:51:09', '2019-03-03 19:58:09', 94, 1, 0, 5, 1, 'liga_semifinal', NULL, NULL, NULL, NULL, NULL, NULL, 18, 22),
(227, '2019-02-28 09:14:06', '2019-03-04 21:07:10', 94, 2, 0, NULL, 1, NULL, NULL, NULL, NULL, NULL, NULL, NULL, NULL, NULL),
(228, '2019-03-03 19:35:37', '2019-03-03 20:00:16', 95, 1, 0, 5, 1, 'liga_semifinal', NULL, NULL, NULL, NULL, NULL, NULL, 9, 22),
(229, '2019-03-03 19:36:41', '2019-03-03 20:00:34', 95, 2, 1, NULL, 1, NULL, NULL, NULL, NULL, NULL, NULL, NULL, 11, 22),
(230, '2019-03-03 19:39:18', '2019-03-05 10:00:12', 96, 1, 0, 13, 4, NULL, NULL, NULL, NULL, NULL, NULL, NULL, 14, 18),
(231, '2019-03-03 19:40:15', '2019-03-05 10:00:33', 96, 2, 1, 13, 4, NULL, NULL, NULL, NULL, NULL, NULL, NULL, 22, 12),
(232, '2019-03-03 19:40:56', '2019-03-05 10:00:51', 96, 3, 0, 13, 4, NULL, NULL, NULL, NULL, NULL, NULL, NULL, 22, 18),
(233, '2019-03-03 19:43:02', '2019-03-10 19:40:53', 97, 1, 0, 13, 4, NULL, NULL, NULL, NULL, NULL, NULL, NULL, 18, 11),
(234, '2019-03-03 19:44:26', '2019-03-10 19:41:10', 97, 2, 1, 13, 4, NULL, NULL, NULL, NULL, NULL, NULL, NULL, 5, 22),
(235, '2019-03-03 19:45:15', '2019-03-05 10:05:39', 97, 3, 0, 13, 4, NULL, NULL, NULL, NULL, NULL, NULL, NULL, NULL, NULL),
(236, '2019-03-04 20:59:33', '2019-03-14 10:52:55', 99, 1, 0, NULL, 1, NULL, NULL, NULL, NULL, NULL, NULL, NULL, 10, 22),
(237, '2019-03-04 21:00:13', '2019-03-14 10:53:16', 99, 2, 1, 3, 1, 'liga_semifinal', NULL, NULL, NULL, NULL, NULL, NULL, 16, 22),
(238, '2019-03-04 21:01:06', '2019-03-14 10:53:36', 99, 3, 0, 5, 1, 'liga_semifinal', NULL, NULL, NULL, NULL, NULL, NULL, 22, 21),
(239, '2019-03-04 21:03:22', '2019-03-14 10:49:51', 98, 1, 0, 5, 1, 'liga_semifinal', NULL, NULL, NULL, NULL, NULL, NULL, 22, 8),
(240, '2019-03-04 21:04:10', '2019-03-04 21:04:10', 98, 2, 1, 3, 1, 'liga_semifinal', NULL, NULL, '', '', '', NULL, 0, 0),
(241, '2019-03-05 09:52:49', '2019-03-05 09:54:53', 92, 1, 0, NULL, 1, NULL, NULL, NULL, NULL, NULL, NULL, NULL, 8, 22),
(242, '2019-03-05 10:29:13', '2019-03-24 19:57:21', 100, 1, 0, NULL, 1, NULL, NULL, NULL, NULL, NULL, NULL, NULL, 15, 22),
(243, '2019-03-05 10:30:13', '2019-03-24 19:57:40', 100, 2, 1, NULL, 1, NULL, NULL, NULL, NULL, NULL, NULL, NULL, 18, 22),
(244, '2019-03-14 10:57:32', '2019-03-18 08:13:43', 101, 1, 0, 5, 1, 'liga_semifinal', NULL, NULL, NULL, NULL, NULL, NULL, 22, 8),
(245, '2019-03-14 11:03:35', '2019-03-18 08:11:36', 102, 1, 0, 5, 1, 'liga_semifinal', NULL, NULL, NULL, NULL, NULL, NULL, 22, 15),
(246, '2019-03-14 11:08:25', '2019-03-18 08:11:57', 102, 2, 1, 3, 1, 'liga_semifinal', NULL, NULL, NULL, NULL, NULL, NULL, 22, 19),
(247, '2019-03-14 11:09:07', '2019-03-18 08:12:19', 102, 3, 0, NULL, 1, NULL, NULL, NULL, NULL, NULL, NULL, NULL, 18, 16),
(248, '2019-03-14 11:10:57', '2019-03-18 08:15:04', 103, 1, 0, NULL, 1, NULL, NULL, NULL, NULL, NULL, NULL, NULL, 22, 11),
(249, '2019-03-14 11:11:59', '2019-03-18 08:15:22', 103, 2, 1, 3, 1, 'liga_semifinal', NULL, NULL, NULL, NULL, NULL, NULL, 12, 22),
(250, '2019-03-14 11:13:17', '2019-03-18 08:15:43', 103, 3, 0, NULL, 1, NULL, NULL, NULL, NULL, NULL, NULL, NULL, 17, 18),
(251, '2019-03-18 08:09:14', '2019-03-18 08:14:08', 101, 2, 1, NULL, 1, NULL, NULL, NULL, NULL, NULL, NULL, NULL, 22, 18),
(252, '2019-03-18 08:34:42', '2019-03-18 08:34:42', 104, 2, 1, 3, 1, 'liga_semifinal', NULL, NULL, '', '', '', NULL, 0, 0),
(253, '2019-03-18 08:44:26', '2019-03-24 20:07:01', 105, 2, 1, 3, 1, 'liga_semifinal', NULL, NULL, NULL, NULL, NULL, NULL, 10, 22),
(254, '2019-03-18 14:44:12', '2019-03-18 14:44:12', 106, 2, 1, NULL, 1, NULL, NULL, NULL, '', '', '', NULL, 0, 0),
(255, '2019-03-18 21:28:14', '2019-03-24 20:01:19', 107, 2, 1, NULL, 1, NULL, NULL, NULL, NULL, NULL, NULL, NULL, 12, 22),
(256, '2019-03-18 21:30:58', '2019-03-24 20:00:58', 107, 1, 0, NULL, 1, NULL, NULL, NULL, NULL, NULL, NULL, NULL, 22, 10),
(257, '2019-03-18 21:32:42', '2019-03-24 20:01:39', 107, 3, 0, NULL, 1, NULL, NULL, NULL, NULL, NULL, NULL, NULL, 9, 22),
(258, '2019-03-24 20:03:09', '2019-03-24 20:05:47', 105, 1, 0, NULL, 1, NULL, NULL, NULL, NULL, NULL, NULL, NULL, 16, 22),
(259, '2019-03-24 20:04:20', '2019-03-24 20:06:31', 105, 3, 0, NULL, 1, NULL, NULL, NULL, NULL, NULL, NULL, NULL, 5, 18),
(260, '2019-03-26 09:12:41', '2019-03-28 08:13:25', 106, 1, 0, NULL, 1, NULL, NULL, NULL, NULL, NULL, NULL, NULL, NULL, NULL),
(261, '2019-03-26 09:13:50', '2019-03-26 09:13:50', 108, 1, 0, NULL, 1, NULL, NULL, NULL, '', '', '', NULL, 0, 0),
(262, '2019-03-26 09:14:46', '2019-03-26 09:14:46', 108, 2, 0, 5, 1, 'campeon', NULL, NULL, '', '', '', NULL, 0, 0),
(263, '2019-03-26 09:16:21', '2019-03-26 09:16:21', 108, 3, 0, NULL, 1, NULL, NULL, NULL, '', '', '', NULL, 0, 0),
(264, '2019-03-26 09:23:47', '2019-03-26 09:23:47', 109, 1, 0, 7, 2, 'treintaidosavos', NULL, NULL, '', '', '', NULL, 0, 0),
(265, '2019-03-26 09:24:29', '2019-03-26 09:24:29', 109, 2, 1, NULL, 1, NULL, NULL, NULL, '', '', '', NULL, 0, 0);

-- --------------------------------------------------------

--
-- Estructura de tabla para la tabla `festival_partido_marcadores`
--

CREATE TABLE `festival_partido_marcadores` (
  `id` int(10) UNSIGNED NOT NULL,
  `created_at` timestamp NULL DEFAULT NULL,
  `updated_at` timestamp NULL DEFAULT NULL,
  `festival_partido_id` int(11) DEFAULT NULL,
  `order` int(11) DEFAULT NULL,
  `marcador_rojo` int(11) DEFAULT NULL,
  `marcador_azul` int(11) DEFAULT NULL
) ENGINE=InnoDB DEFAULT CHARSET=utf8 COLLATE=utf8_unicode_ci;

-- --------------------------------------------------------

--
-- Estructura de tabla para la tabla `festival_partido_pelotaris`
--

CREATE TABLE `festival_partido_pelotaris` (
  `id` int(10) UNSIGNED NOT NULL,
  `created_at` timestamp NULL DEFAULT NULL,
  `updated_at` timestamp NULL DEFAULT NULL,
  `festival_partido_id` int(11) DEFAULT NULL,
  `pelotari_id` int(11) DEFAULT NULL,
  `color` char(1) COLLATE utf8_unicode_ci DEFAULT NULL,
  `posicion` char(1) COLLATE utf8_unicode_ci DEFAULT NULL,
  `asegarce` tinyint(4) DEFAULT NULL,
  `asiste` tinyint(4) DEFAULT '1',
  `is_sustituto` tinyint(4) DEFAULT '0',
  `sustituto_id` int(11) DEFAULT NULL,
  `sustituto_txt` text COLLATE utf8_unicode_ci,
  `observaciones` text COLLATE utf8_unicode_ci
) ENGINE=InnoDB DEFAULT CHARSET=utf8 COLLATE=utf8_unicode_ci;

--
-- Volcado de datos para la tabla `festival_partido_pelotaris`
--

INSERT INTO `festival_partido_pelotaris` (`id`, `created_at`, `updated_at`, `festival_partido_id`, `pelotari_id`, `color`, `posicion`, `asegarce`, `asiste`, `is_sustituto`, `sustituto_id`, `sustituto_txt`, `observaciones`) VALUES
(559, '2018-11-28 07:50:22', '2018-11-28 07:50:22', 132, NULL, 'R', 'D', 1, 1, 0, NULL, NULL, NULL),
(560, '2018-11-28 07:50:22', '2018-11-28 07:50:22', 132, NULL, 'A', 'D', 0, 1, 0, NULL, NULL, NULL),
(561, '2018-12-27 13:59:43', '2018-12-27 13:59:43', 133, NULL, 'R', 'D', 1, 1, 0, NULL, NULL, NULL),
(562, '2018-12-27 13:59:43', '2018-12-27 13:59:43', 133, NULL, 'A', 'D', 1, 1, 0, NULL, NULL, NULL),
(571, '2019-01-08 10:00:01', '2019-01-08 10:00:01', 136, 53, 'R', 'D', 1, 1, 0, NULL, NULL, NULL),
(572, '2019-01-08 10:00:01', '2019-01-08 10:00:01', 136, 72, 'R', 'Z', 1, 1, 0, NULL, NULL, NULL),
(573, '2019-01-08 10:00:01', '2019-01-08 10:00:01', 136, 69, 'A', 'D', 1, 1, 0, NULL, NULL, NULL),
(574, '2019-01-08 10:00:01', '2019-01-08 10:00:01', 136, 46, 'A', 'Z', 1, 1, 0, NULL, NULL, NULL),
(575, '2019-01-08 10:02:26', '2019-01-08 10:02:26', 137, 68, 'R', 'D', 1, 1, 0, NULL, NULL, NULL),
(576, '2019-01-08 10:02:26', '2019-01-08 10:02:26', 137, 51, 'R', 'Z', 1, 1, 0, NULL, NULL, NULL),
(577, '2019-01-08 10:02:26', '2019-01-08 10:02:26', 137, 73, 'A', 'D', 1, 1, 0, NULL, NULL, NULL),
(578, '2019-01-08 10:02:26', '2019-01-08 10:02:26', 137, 42, 'A', 'Z', 1, 1, 0, NULL, NULL, NULL),
(581, '2019-01-08 10:45:28', '2019-01-08 10:45:28', 139, 44, 'R', 'D', 1, 1, 0, NULL, NULL, NULL),
(582, '2019-01-08 10:45:28', '2019-01-08 10:45:28', 139, 70, 'R', 'Z', 1, 1, 0, NULL, NULL, NULL),
(583, '2019-01-08 10:45:28', '2019-01-08 10:45:28', 139, 77, 'A', 'D', 1, 1, 0, NULL, NULL, NULL),
(584, '2019-01-08 10:49:44', '2019-01-08 10:49:44', 140, 56, 'R', 'D', 1, 1, 0, NULL, NULL, NULL),
(585, '2019-01-08 10:49:44', '2019-01-08 10:49:44', 140, 62, 'R', 'Z', 1, 1, 0, NULL, NULL, NULL),
(586, '2019-01-08 10:49:44', '2019-01-08 10:49:44', 140, NULL, 'A', 'D', 1, 1, 0, NULL, NULL, NULL),
(591, '2019-01-11 10:55:50', '2019-01-11 10:55:50', 142, 68, 'R', 'D', 1, 1, 0, NULL, NULL, NULL),
(592, '2019-01-11 10:55:50', '2019-01-11 10:55:50', 142, 51, 'R', 'Z', 1, 1, 0, NULL, NULL, NULL),
(593, '2019-01-11 10:55:50', '2019-01-11 10:55:50', 142, 1, 'A', 'D', 0, 1, 0, NULL, NULL, NULL),
(594, '2019-01-11 10:55:50', '2019-01-11 10:55:50', 142, 12, 'A', 'Z', 0, 1, 0, NULL, NULL, NULL),
(595, '2019-01-11 10:56:54', '2019-01-11 10:56:54', 143, 14, 'R', 'D', 0, 1, 0, NULL, NULL, NULL),
(596, '2019-01-11 10:56:54', '2019-01-11 10:56:54', 143, 63, 'R', 'Z', 1, 1, 0, NULL, NULL, NULL),
(597, '2019-01-11 10:56:54', '2019-01-11 10:56:54', 143, 4, 'A', 'D', 0, 1, 0, NULL, NULL, NULL),
(598, '2019-01-11 10:56:54', '2019-01-11 10:56:54', 143, 71, 'A', 'Z', 1, 1, 0, NULL, NULL, NULL),
(599, '2019-01-11 11:22:58', '2019-01-11 11:22:58', 141, 18, 'R', 'D', 0, 1, 0, NULL, NULL, NULL),
(600, '2019-01-11 11:22:58', '2019-01-11 11:22:58', 141, 5, 'R', 'Z', 0, 1, 0, NULL, NULL, NULL),
(601, '2019-01-11 11:22:58', '2019-01-11 11:22:58', 141, 9, 'A', 'D', 0, 1, 0, NULL, NULL, NULL),
(602, '2019-01-11 11:22:58', '2019-01-11 11:22:58', 141, 10, 'A', 'Z', 0, 1, 0, NULL, NULL, NULL),
(603, '2019-01-15 07:10:14', '2019-01-15 07:10:14', 144, 53, 'R', 'D', 1, 1, 0, NULL, NULL, NULL),
(604, '2019-01-15 07:10:14', '2019-01-15 07:10:14', 144, 72, 'R', 'Z', 1, 1, 0, NULL, NULL, NULL),
(605, '2019-01-15 07:10:14', '2019-01-15 07:10:14', 144, 77, 'A', 'D', 1, 1, 0, NULL, NULL, NULL),
(606, '2019-01-15 07:10:14', '2019-01-15 07:10:14', 144, 57, 'A', 'Z', 1, 1, 0, NULL, NULL, NULL),
(607, '2019-01-15 07:12:27', '2019-01-15 07:12:27', 145, 73, 'R', 'D', 1, 1, 0, NULL, NULL, NULL),
(608, '2019-01-15 07:12:27', '2019-01-15 07:12:27', 145, 42, 'R', 'Z', 1, 1, 0, NULL, NULL, NULL),
(609, '2019-01-15 07:12:27', '2019-01-15 07:12:27', 145, 3, 'A', 'D', 0, 1, 0, NULL, NULL, NULL),
(610, '2019-01-15 07:12:27', '2019-01-15 07:12:27', 145, 19, 'A', 'Z', 0, 1, 0, NULL, NULL, NULL),
(611, '2019-01-16 07:12:32', '2019-01-16 07:12:32', 146, 22, 'R', 'D', 0, 1, 0, NULL, NULL, NULL),
(612, '2019-01-16 07:12:32', '2019-01-16 07:12:32', 146, 10, 'R', 'Z', 0, 1, 0, NULL, NULL, NULL),
(613, '2019-01-16 07:12:32', '2019-01-16 07:12:32', 146, 25, 'A', 'D', 0, 1, 0, NULL, NULL, NULL),
(614, '2019-01-16 07:12:32', '2019-01-16 07:12:32', 146, 27, 'A', 'Z', 0, 1, 0, NULL, NULL, NULL),
(615, '2019-01-16 08:03:19', '2019-01-16 08:03:19', 147, 44, 'R', 'D', 1, 1, 0, NULL, NULL, NULL),
(616, '2019-01-16 08:03:19', '2019-01-16 08:03:19', 147, 70, 'R', 'Z', 1, 1, 0, NULL, NULL, NULL),
(617, '2019-01-16 08:03:19', '2019-01-16 08:03:19', 147, 69, 'A', 'D', 1, 1, 0, NULL, NULL, NULL),
(618, '2019-01-16 08:03:19', '2019-01-16 08:03:19', 147, 46, 'A', 'Z', 1, 1, 0, NULL, NULL, NULL),
(619, '2019-01-16 08:04:40', '2019-01-16 08:04:40', 148, 1, 'R', 'D', 0, 1, 0, NULL, NULL, NULL),
(620, '2019-01-16 08:04:40', '2019-01-16 08:04:40', 148, 12, 'R', 'Z', 0, 1, 0, NULL, NULL, NULL),
(621, '2019-01-16 08:04:40', '2019-01-16 08:04:40', 148, 56, 'A', 'D', 1, 1, 0, NULL, NULL, NULL),
(622, '2019-01-16 08:04:40', '2019-01-16 08:04:40', 148, 62, 'A', 'Z', 1, 1, 0, NULL, NULL, NULL),
(623, '2019-01-16 10:51:28', '2019-01-16 10:51:28', 149, 6, 'R', 'D', 0, 1, 0, NULL, NULL, NULL),
(624, '2019-01-16 10:51:28', '2019-01-16 10:51:28', 149, 28, 'R', 'Z', 0, 1, 0, NULL, NULL, NULL),
(625, '2019-01-16 10:51:28', '2019-01-16 10:51:28', 149, 54, 'A', 'D', 1, 1, 0, NULL, NULL, NULL),
(626, '2019-01-16 10:51:28', '2019-01-16 10:51:28', 149, 67, 'A', 'Z', 1, 1, 0, NULL, NULL, NULL),
(627, '2019-01-16 10:54:20', '2019-01-16 10:54:20', 150, 18, 'R', 'D', 0, 1, 0, NULL, NULL, NULL),
(628, '2019-01-16 10:54:20', '2019-01-16 10:54:20', 150, 5, 'R', 'Z', 0, 1, 0, NULL, NULL, NULL),
(629, '2019-01-16 10:54:20', '2019-01-16 10:54:20', 150, 9, 'A', 'D', 0, 1, 0, NULL, NULL, NULL),
(630, '2019-01-16 10:54:20', '2019-01-16 10:54:20', 150, 29, 'A', 'Z', 0, 1, 0, NULL, NULL, NULL),
(631, '2019-01-16 10:55:53', '2019-01-16 10:55:53', 151, 7, 'R', 'D', 0, 1, 0, NULL, NULL, NULL),
(632, '2019-01-16 10:55:53', '2019-01-16 10:55:53', 151, 24, 'R', 'Z', 0, 1, 0, NULL, NULL, NULL),
(633, '2019-01-16 10:55:53', '2019-01-16 10:55:53', 151, 68, 'A', 'D', 1, 1, 0, NULL, NULL, NULL),
(634, '2019-01-16 10:55:53', '2019-01-16 10:55:53', 151, 51, 'A', 'Z', 1, 1, 0, NULL, NULL, NULL),
(635, '2019-01-16 10:58:00', '2019-01-16 10:58:00', 152, 2, 'R', 'D', 0, 1, 0, NULL, NULL, NULL),
(636, '2019-01-16 10:58:00', '2019-01-16 10:58:00', 152, 20, 'R', 'Z', 0, 1, 0, NULL, NULL, NULL),
(637, '2019-01-16 10:58:00', '2019-01-16 10:58:00', 152, 4, 'A', 'D', 0, 1, 0, NULL, NULL, NULL),
(638, '2019-01-16 10:58:00', '2019-01-16 10:58:00', 152, 26, 'A', 'Z', 0, 1, 0, NULL, NULL, NULL),
(639, '2019-01-16 11:05:50', '2019-01-16 11:05:50', 153, 44, 'R', 'D', 1, 1, 0, NULL, NULL, NULL),
(640, '2019-01-16 11:05:50', '2019-01-16 11:05:50', 153, 70, 'R', 'Z', 1, 1, 0, NULL, NULL, NULL),
(641, '2019-01-16 11:05:50', '2019-01-16 11:05:50', 153, 77, 'A', 'D', 1, 1, 0, NULL, NULL, NULL),
(642, '2019-01-16 11:05:50', '2019-01-16 11:05:50', 153, 57, 'A', 'Z', 1, 1, 0, NULL, NULL, NULL),
(643, '2019-01-16 11:06:59', '2019-01-16 11:06:59', 154, 56, 'R', 'D', 1, 1, 0, NULL, NULL, NULL),
(644, '2019-01-16 11:06:59', '2019-01-16 11:06:59', 154, 62, 'R', 'Z', 1, 1, 0, NULL, NULL, NULL),
(645, '2019-01-16 11:06:59', '2019-01-16 11:06:59', 154, 54, 'A', 'D', 1, 1, 0, NULL, NULL, NULL),
(646, '2019-01-16 11:06:59', '2019-01-16 11:06:59', 154, 67, 'A', 'Z', 1, 1, 0, NULL, NULL, NULL),
(647, '2019-01-16 11:12:08', '2019-01-16 11:12:08', 155, 44, 'R', 'D', 1, 1, 0, NULL, NULL, NULL),
(648, '2019-01-16 11:12:08', '2019-01-16 11:12:08', 155, 70, 'R', 'Z', 1, 1, 0, NULL, NULL, NULL),
(649, '2019-01-16 11:12:08', '2019-01-16 11:12:08', 155, 77, 'A', 'D', 1, 1, 0, NULL, NULL, NULL),
(650, '2019-01-16 11:12:08', '2019-01-16 11:12:08', 155, 57, 'A', 'Z', 1, 1, 0, NULL, NULL, NULL),
(651, '2019-01-16 11:14:52', '2019-01-16 11:14:52', 156, 44, 'R', 'D', 1, 1, 0, NULL, NULL, NULL),
(652, '2019-01-16 11:14:52', '2019-01-16 11:14:52', 156, 70, 'R', 'Z', 1, 1, 0, NULL, NULL, NULL),
(653, '2019-01-16 11:14:52', '2019-01-16 11:14:52', 156, 77, 'A', 'D', 1, 1, 0, NULL, NULL, NULL),
(654, '2019-01-16 11:14:52', '2019-01-16 11:14:52', 156, 57, 'A', 'Z', 1, 1, 0, NULL, NULL, NULL),
(655, '2019-01-17 06:48:49', '2019-01-17 06:48:49', 157, 44, 'R', 'D', 1, 1, 0, NULL, NULL, NULL),
(656, '2019-01-17 06:48:49', '2019-01-17 06:48:49', 157, 70, 'R', 'Z', 1, 1, 0, NULL, NULL, NULL),
(657, '2019-01-17 06:48:49', '2019-01-17 06:48:49', 157, 77, 'A', 'D', 1, 1, 0, NULL, NULL, NULL),
(658, '2019-01-17 06:48:49', '2019-01-17 06:48:49', 157, 57, 'A', 'Z', 1, 1, 0, NULL, NULL, NULL),
(659, '2019-01-17 06:58:01', '2019-01-17 06:58:01', 158, 74, 'R', 'D', 1, 1, 0, NULL, NULL, NULL),
(660, '2019-01-17 06:58:01', '2019-01-17 06:58:01', 158, 65, 'R', 'Z', 1, 1, 0, NULL, NULL, NULL),
(661, '2019-01-17 06:58:01', '2019-01-17 06:58:01', 158, 66, 'A', 'D', 1, 1, 0, NULL, NULL, NULL),
(662, '2019-01-17 06:58:01', '2019-01-17 06:58:01', 158, 58, 'A', 'Z', 1, 1, 0, NULL, NULL, NULL),
(663, '2019-01-17 07:02:14', '2019-01-17 07:02:14', 159, 1, 'R', 'D', 0, 1, 0, NULL, NULL, NULL),
(664, '2019-01-17 07:02:14', '2019-01-17 07:02:14', 159, 12, 'R', 'Z', 0, 1, 0, NULL, NULL, NULL),
(665, '2019-01-17 07:02:14', '2019-01-17 07:02:14', 159, 6, 'A', 'D', 0, 1, 0, NULL, NULL, NULL),
(666, '2019-01-17 07:02:14', '2019-01-17 07:02:14', 159, 28, 'A', 'Z', 0, 1, 0, NULL, NULL, NULL),
(667, '2019-01-17 07:13:02', '2019-01-17 07:13:02', 160, 2, 'R', 'D', 0, 1, 0, NULL, NULL, NULL),
(668, '2019-01-17 07:13:02', '2019-01-17 07:13:02', 160, 20, 'R', 'Z', 0, 1, 0, NULL, NULL, NULL),
(669, '2019-01-17 07:13:02', '2019-01-17 07:13:02', 160, 22, 'A', 'D', 0, 1, 0, NULL, NULL, NULL),
(670, '2019-01-17 07:13:02', '2019-01-17 07:13:02', 160, 10, 'A', 'Z', 0, 1, 0, NULL, NULL, NULL),
(675, '2019-01-17 07:26:34', '2019-01-17 07:26:34', 162, 3, 'R', 'D', 0, 1, 0, NULL, NULL, NULL),
(676, '2019-01-17 07:26:34', '2019-01-17 07:26:34', 162, 19, 'R', 'Z', 0, 1, 0, NULL, NULL, NULL),
(677, '2019-01-17 07:26:34', '2019-01-17 07:26:34', 162, 7, 'A', 'D', 0, 1, 0, NULL, NULL, NULL),
(678, '2019-01-17 07:26:34', '2019-01-17 07:26:34', 162, 24, 'A', 'Z', 0, 1, 0, NULL, NULL, NULL),
(679, '2019-01-17 10:35:18', '2019-01-17 10:35:18', 163, 56, 'R', 'D', 1, 1, 0, NULL, NULL, NULL),
(680, '2019-01-17 10:35:18', '2019-01-17 10:35:18', 163, 62, 'R', 'Z', 1, 1, 0, NULL, NULL, NULL),
(681, '2019-01-17 10:35:18', '2019-01-17 10:35:18', 163, 54, 'A', 'D', 1, 1, 0, NULL, NULL, NULL),
(682, '2019-01-17 10:35:18', '2019-01-17 10:35:18', 163, 67, 'A', 'Z', 1, 1, 0, NULL, NULL, NULL),
(683, '2019-01-17 10:36:57', '2019-01-17 10:36:57', 164, 18, 'R', 'D', 0, 1, 0, NULL, NULL, NULL),
(684, '2019-01-17 10:36:57', '2019-01-17 10:36:57', 164, 29, 'R', 'Z', 0, 1, 0, NULL, NULL, NULL),
(685, '2019-01-17 10:36:57', '2019-01-17 10:36:57', 164, 9, 'A', 'D', 0, 1, 0, NULL, NULL, NULL),
(686, '2019-01-17 10:36:57', '2019-01-17 10:36:57', 164, 5, 'A', 'Z', 0, 1, 0, NULL, NULL, NULL),
(691, '2019-01-21 14:30:08', '2019-01-21 14:30:08', 166, 4, 'R', 'D', 0, 1, 0, NULL, NULL, NULL),
(692, '2019-01-21 14:30:08', '2019-01-21 14:30:08', 166, 26, 'R', 'Z', 0, 1, 0, NULL, NULL, NULL),
(693, '2019-01-21 14:30:08', '2019-01-21 14:30:08', 166, 22, 'A', 'D', 0, 1, 0, NULL, NULL, NULL),
(694, '2019-01-21 14:30:08', '2019-01-21 14:30:08', 166, 10, 'A', 'Z', 0, 1, 0, NULL, NULL, NULL),
(699, '2019-01-21 14:36:27', '2019-01-21 14:36:27', 168, 6, 'R', 'D', 0, 1, 0, NULL, NULL, NULL),
(700, '2019-01-21 14:36:27', '2019-01-21 14:36:27', 168, 28, 'R', 'Z', 0, 1, 0, NULL, NULL, NULL),
(701, '2019-01-21 14:36:27', '2019-01-21 14:36:27', 168, 66, 'A', 'D', 1, 1, 0, NULL, NULL, NULL),
(702, '2019-01-21 14:36:27', '2019-01-21 14:36:27', 168, 42, 'A', 'Z', 1, 1, 0, NULL, NULL, NULL),
(703, '2019-01-22 08:30:47', '2019-01-22 08:30:47', 169, 44, 'R', 'D', 1, 1, 0, NULL, NULL, NULL),
(704, '2019-01-22 08:30:47', '2019-01-22 08:30:47', 169, 70, 'R', 'Z', 1, 1, 0, NULL, NULL, NULL),
(705, '2019-01-22 08:30:47', '2019-01-22 08:30:47', 169, 53, 'A', 'D', 1, 1, 0, NULL, NULL, NULL),
(706, '2019-01-22 08:30:47', '2019-01-22 08:30:47', 169, 72, 'A', 'Z', 1, 1, 0, NULL, NULL, NULL),
(707, '2019-01-22 08:31:50', '2019-01-22 08:31:50', 170, 3, 'R', 'D', 0, 1, 0, NULL, NULL, NULL),
(708, '2019-01-22 08:31:50', '2019-01-22 08:31:50', 170, 19, 'R', 'Z', 0, 1, 0, NULL, NULL, NULL),
(709, '2019-01-22 08:31:50', '2019-01-22 08:31:50', 170, 54, 'A', 'D', 1, 1, 0, NULL, NULL, NULL),
(710, '2019-01-22 08:31:50', '2019-01-22 08:31:50', 170, 67, 'A', 'Z', 1, 1, 0, NULL, NULL, NULL),
(711, '2019-01-22 08:34:13', '2019-01-22 08:34:13', 171, 69, 'R', 'D', 1, 1, 0, NULL, NULL, NULL),
(712, '2019-01-22 08:34:13', '2019-01-22 08:34:13', 171, 59, 'R', 'Z', 1, 1, 0, NULL, NULL, NULL),
(713, '2019-01-22 08:34:13', '2019-01-22 08:34:13', 171, 77, 'A', 'D', 1, 1, 0, NULL, NULL, NULL),
(714, '2019-01-22 08:34:13', '2019-01-22 08:34:13', 171, 57, 'A', 'Z', 1, 1, 0, NULL, NULL, NULL),
(715, '2019-01-22 08:44:48', '2019-01-22 08:44:48', 172, 1, 'R', 'D', 0, 1, 0, NULL, NULL, NULL),
(716, '2019-01-22 08:44:48', '2019-01-22 08:44:48', 172, 12, 'R', 'Z', 0, 1, 0, NULL, NULL, NULL),
(717, '2019-01-22 08:44:48', '2019-01-22 08:44:48', 172, 68, 'A', 'D', 1, 1, 0, NULL, NULL, NULL),
(718, '2019-01-22 08:44:48', '2019-01-22 08:44:48', 172, 51, 'A', 'Z', 1, 1, 0, NULL, NULL, NULL),
(723, '2019-01-22 08:47:45', '2019-01-22 08:47:45', 174, 56, 'R', 'D', 1, 1, 0, NULL, NULL, NULL),
(724, '2019-01-22 08:47:45', '2019-01-22 08:47:45', 174, 62, 'R', 'Z', 1, 1, 0, NULL, NULL, NULL),
(725, '2019-01-22 08:47:45', '2019-01-22 08:47:45', 174, 7, 'A', 'D', 0, 1, 0, NULL, NULL, NULL),
(726, '2019-01-22 08:47:45', '2019-01-22 08:47:45', 174, 24, 'A', 'Z', 0, 1, 0, NULL, NULL, NULL),
(727, '2019-01-22 08:48:51', '2019-01-22 08:48:51', 175, 2, 'R', 'D', 0, 1, 0, NULL, NULL, NULL),
(728, '2019-01-22 08:48:51', '2019-01-22 08:48:51', 175, 29, 'R', 'Z', 0, 1, 0, NULL, NULL, NULL),
(729, '2019-01-22 08:48:51', '2019-01-22 08:48:51', 175, 25, 'A', 'D', 0, 1, 0, NULL, NULL, NULL),
(730, '2019-01-22 08:48:51', '2019-01-22 08:48:51', 175, 27, 'A', 'Z', 0, 1, 0, NULL, NULL, NULL),
(735, '2019-01-23 06:23:56', '2019-01-23 06:23:56', 173, 14, 'R', 'D', 0, 1, 0, NULL, NULL, NULL),
(736, '2019-01-23 06:23:56', '2019-01-23 06:23:56', 173, 5, 'R', 'Z', 0, 1, 0, NULL, NULL, NULL),
(737, '2019-01-23 06:23:56', '2019-01-23 06:23:56', 173, 9, 'A', 'D', 0, 1, 0, NULL, NULL, NULL),
(738, '2019-01-23 06:23:56', '2019-01-23 06:23:56', 173, 26, 'A', 'Z', 0, 1, 0, NULL, NULL, NULL),
(739, '2019-01-23 08:43:21', '2019-01-23 08:43:21', 176, 18, 'R', 'D', 0, 1, 0, NULL, NULL, NULL),
(740, '2019-01-23 08:43:21', '2019-01-23 08:43:21', 176, 5, 'R', 'Z', 0, 1, 0, NULL, NULL, NULL),
(741, '2019-01-23 08:43:21', '2019-01-23 08:43:21', 176, 9, 'A', 'D', 0, 1, 0, NULL, NULL, NULL),
(742, '2019-01-23 08:43:21', '2019-01-23 08:43:21', 176, 29, 'A', 'Z', 0, 1, 0, NULL, NULL, NULL),
(743, '2019-01-23 08:44:15', '2019-01-23 08:44:15', 177, 6, 'R', 'D', 0, 1, 0, NULL, NULL, NULL),
(744, '2019-01-23 08:44:15', '2019-01-23 08:44:15', 177, 28, 'R', 'Z', 0, 1, 0, NULL, NULL, NULL),
(745, '2019-01-23 08:44:15', '2019-01-23 08:44:15', 177, 3, 'A', 'D', 0, 1, 0, NULL, NULL, NULL),
(746, '2019-01-23 08:44:15', '2019-01-23 08:44:15', 177, 19, 'A', 'Z', 0, 1, 0, NULL, NULL, NULL),
(747, '2019-01-23 08:46:06', '2019-01-23 08:46:06', 178, 44, 'R', 'D', 1, 1, 0, NULL, NULL, NULL),
(748, '2019-01-23 08:46:06', '2019-01-23 08:46:06', 178, 70, 'R', 'Z', 1, 1, 0, NULL, NULL, NULL),
(749, '2019-01-23 08:46:06', '2019-01-23 08:46:06', 178, 25, 'A', 'D', 0, 1, 0, NULL, NULL, NULL),
(750, '2019-01-23 08:46:06', '2019-01-23 08:46:06', 178, 27, 'A', 'Z', 0, 1, 0, NULL, NULL, NULL),
(755, '2019-01-23 08:48:49', '2019-01-23 08:48:49', 180, 68, 'R', 'D', 1, 1, 0, NULL, NULL, NULL),
(756, '2019-01-23 08:48:49', '2019-01-23 08:48:49', 180, 51, 'R', 'Z', 1, 1, 0, NULL, NULL, NULL),
(757, '2019-01-23 08:48:49', '2019-01-23 08:48:49', 180, 56, 'A', 'D', 1, 1, 0, NULL, NULL, NULL),
(758, '2019-01-23 08:48:49', '2019-01-23 08:48:49', 180, 62, 'A', 'Z', 1, 1, 0, NULL, NULL, NULL),
(763, '2019-01-23 08:52:00', '2019-01-23 08:52:00', 182, 1, 'R', 'D', 0, 1, 0, NULL, NULL, NULL),
(764, '2019-01-23 08:52:00', '2019-01-23 08:52:00', 182, 12, 'R', 'Z', 0, 1, 0, NULL, NULL, NULL),
(765, '2019-01-23 08:52:00', '2019-01-23 08:52:00', 182, 7, 'A', 'D', 0, 1, 0, NULL, NULL, NULL),
(766, '2019-01-23 08:52:00', '2019-01-23 08:52:00', 182, 24, 'A', 'Z', 0, 1, 0, NULL, NULL, NULL),
(771, '2019-01-23 11:41:34', '2019-01-23 11:41:34', 184, 4, 'R', 'D', 0, 1, 0, NULL, NULL, NULL),
(772, '2019-01-23 11:41:34', '2019-01-23 11:41:34', 184, 26, 'R', 'Z', 0, 1, 0, NULL, NULL, NULL),
(773, '2019-01-23 11:41:34', '2019-01-23 11:41:34', 184, 77, 'A', 'D', 1, 1, 0, NULL, NULL, NULL),
(774, '2019-01-23 11:41:34', '2019-01-23 11:41:34', 184, 57, 'A', 'Z', 1, 1, 0, NULL, NULL, NULL),
(775, '2019-01-28 09:10:53', '2019-01-28 09:10:53', 183, 2, 'R', 'D', 0, 1, 0, NULL, NULL, NULL),
(776, '2019-01-28 09:10:53', '2019-01-28 09:10:53', 183, 5, 'R', 'Z', 0, 1, 0, NULL, NULL, NULL),
(777, '2019-01-28 09:10:53', '2019-01-28 09:10:53', 183, 53, 'A', 'D', 1, 1, 0, NULL, NULL, NULL),
(778, '2019-01-28 09:10:53', '2019-01-28 09:10:53', 183, 72, 'A', 'Z', 1, 1, 0, NULL, NULL, NULL),
(779, '2019-01-28 09:11:40', '2019-01-28 09:11:40', 181, 14, 'R', 'D', 0, 1, 0, NULL, NULL, NULL),
(780, '2019-01-28 09:11:40', '2019-01-28 09:11:40', 181, 10, 'R', 'Z', 0, 1, 0, NULL, NULL, NULL),
(781, '2019-01-28 09:11:40', '2019-01-28 09:11:40', 181, 69, 'A', 'D', 1, 1, 0, NULL, NULL, NULL),
(782, '2019-01-28 09:11:40', '2019-01-28 09:11:40', 181, 59, 'A', 'Z', 1, 1, 0, NULL, NULL, NULL),
(783, '2019-01-28 09:12:54', '2019-01-28 09:12:54', 179, 66, 'R', 'D', 1, 1, 0, NULL, NULL, NULL),
(784, '2019-01-28 09:12:54', '2019-01-28 09:12:54', 179, 42, 'R', 'Z', 1, 1, 0, NULL, NULL, NULL),
(785, '2019-01-28 09:12:54', '2019-01-28 09:12:54', 179, 54, 'A', 'D', 1, 1, 0, NULL, NULL, NULL),
(786, '2019-01-28 09:12:54', '2019-01-28 09:12:54', 179, 67, 'A', 'Z', 1, 1, 0, NULL, NULL, NULL),
(787, '2019-01-28 09:16:28', '2019-01-28 09:16:28', 185, 52, 'R', 'D', 1, 1, 0, NULL, NULL, NULL),
(788, '2019-01-28 09:16:28', '2019-01-28 09:16:28', 185, 58, 'R', 'Z', 1, 1, 0, NULL, NULL, NULL),
(789, '2019-01-28 09:16:28', '2019-01-28 09:16:28', 185, 74, 'A', 'D', 1, 1, 0, NULL, NULL, NULL),
(790, '2019-01-28 09:16:28', '2019-01-28 09:16:28', 185, 61, 'A', 'Z', 1, 1, 0, NULL, NULL, NULL),
(795, '2019-01-29 08:28:38', '2019-01-29 08:28:38', 187, 4, 'R', 'D', 0, 1, 0, NULL, NULL, NULL),
(796, '2019-01-29 08:28:38', '2019-01-29 08:28:38', 187, 26, 'R', 'Z', 0, 1, 0, NULL, NULL, NULL),
(797, '2019-01-29 08:28:38', '2019-01-29 08:28:38', 187, 53, 'A', 'D', 1, 1, 0, NULL, NULL, NULL),
(798, '2019-01-29 08:28:38', '2019-01-29 08:28:38', 187, 72, 'A', 'Z', 1, 1, 0, NULL, NULL, NULL),
(799, '2019-01-29 08:29:59', '2019-01-29 08:29:59', 188, 56, 'R', 'D', 1, 1, 0, NULL, NULL, NULL),
(800, '2019-01-29 08:29:59', '2019-01-29 08:29:59', 188, 62, 'R', 'Z', 1, 1, 0, NULL, NULL, NULL),
(801, '2019-01-29 08:29:59', '2019-01-29 08:29:59', 188, 3, 'A', 'D', 0, 1, 0, NULL, NULL, NULL),
(802, '2019-01-29 08:29:59', '2019-01-29 08:29:59', 188, 19, 'A', 'Z', 0, 1, 0, NULL, NULL, NULL),
(803, '2019-01-29 08:32:02', '2019-01-29 08:32:02', 189, 69, 'R', 'D', 1, 1, 0, NULL, NULL, NULL),
(804, '2019-01-29 08:32:02', '2019-01-29 08:32:02', 189, 46, 'R', 'Z', 1, 1, 0, NULL, NULL, NULL),
(805, '2019-01-29 08:32:02', '2019-01-29 08:32:02', 189, 25, 'A', 'D', 0, 1, 0, NULL, NULL, NULL),
(806, '2019-01-29 08:32:02', '2019-01-29 08:32:02', 189, 27, 'A', 'Z', 0, 1, 0, NULL, NULL, NULL),
(807, '2019-01-29 08:32:58', '2019-01-29 08:32:58', 190, 68, 'R', 'D', 1, 1, 0, NULL, NULL, NULL),
(808, '2019-01-29 08:32:58', '2019-01-29 08:32:58', 190, 51, 'R', 'Z', 1, 1, 0, NULL, NULL, NULL),
(809, '2019-01-29 08:32:58', '2019-01-29 08:32:58', 190, 6, 'A', 'D', 0, 1, 0, NULL, NULL, NULL),
(810, '2019-01-29 08:32:58', '2019-01-29 08:32:58', 190, 28, 'A', 'Z', 0, 1, 0, NULL, NULL, NULL),
(811, '2019-01-29 08:35:23', '2019-01-29 08:35:23', 191, 54, 'R', 'D', 1, 1, 0, NULL, NULL, NULL),
(812, '2019-01-29 08:35:23', '2019-01-29 08:35:23', 191, 67, 'R', 'Z', 1, 1, 0, NULL, NULL, NULL),
(813, '2019-01-29 08:35:23', '2019-01-29 08:35:23', 191, 7, 'A', 'D', 0, 1, 0, NULL, NULL, NULL),
(814, '2019-01-29 08:35:23', '2019-01-29 08:35:23', 191, 24, 'A', 'Z', 0, 1, 0, NULL, NULL, NULL),
(815, '2019-01-29 08:37:08', '2019-01-29 08:37:08', 192, 18, 'R', 'D', 0, 1, 0, NULL, NULL, NULL),
(816, '2019-01-29 08:37:08', '2019-01-29 08:37:08', 192, 5, 'R', 'Z', 0, 1, 0, NULL, NULL, NULL),
(817, '2019-01-29 08:37:08', '2019-01-29 08:37:08', 192, 9, 'A', 'D', 0, 1, 0, NULL, NULL, NULL),
(818, '2019-01-29 08:37:08', '2019-01-29 08:37:08', 192, 26, 'A', 'Z', 0, 1, 0, NULL, NULL, NULL),
(823, '2019-01-29 08:39:04', '2019-01-29 08:39:04', 194, 44, 'R', 'D', 1, 1, 0, NULL, NULL, NULL),
(824, '2019-01-29 08:39:04', '2019-01-29 08:39:04', 194, 70, 'R', 'Z', 1, 1, 0, NULL, NULL, NULL),
(825, '2019-01-29 08:39:04', '2019-01-29 08:39:04', 194, 22, 'A', 'D', 0, 1, 0, NULL, NULL, NULL),
(826, '2019-01-29 08:39:04', '2019-01-29 08:39:04', 194, 10, 'A', 'Z', 0, 1, 0, NULL, NULL, NULL),
(827, '2019-01-29 08:41:08', '2019-01-29 08:41:08', 195, 2, 'R', 'D', 0, 1, 0, NULL, NULL, NULL),
(828, '2019-01-29 08:41:08', '2019-01-29 08:41:08', 195, 20, 'R', 'Z', 0, 1, 0, NULL, NULL, NULL),
(829, '2019-01-29 08:41:08', '2019-01-29 08:41:08', 195, 77, 'A', 'D', 1, 1, 0, NULL, NULL, NULL),
(830, '2019-01-29 08:41:08', '2019-01-29 08:41:08', 195, 57, 'A', 'Z', 1, 1, 0, NULL, NULL, NULL),
(831, '2019-01-30 08:22:30', '2019-01-30 08:22:30', 196, 4, 'R', 'D', 0, 1, 0, NULL, NULL, NULL),
(832, '2019-01-30 08:22:30', '2019-01-30 08:22:30', 196, 26, 'R', 'Z', 0, 1, 0, NULL, NULL, NULL),
(833, '2019-01-30 08:22:30', '2019-01-30 08:22:30', 196, 69, 'A', 'D', 1, 1, 0, NULL, NULL, NULL),
(834, '2019-01-30 08:22:30', '2019-01-30 08:22:30', 196, 46, 'A', 'Z', 1, 1, 0, NULL, NULL, NULL),
(835, '2019-02-04 08:48:52', '2019-02-04 08:48:52', 197, 52, 'R', 'D', 1, 1, 0, NULL, NULL, NULL),
(836, '2019-02-04 08:48:52', '2019-02-04 08:48:52', 197, 65, 'R', 'Z', 1, 1, 0, NULL, NULL, NULL),
(837, '2019-02-04 08:48:52', '2019-02-04 08:48:52', 197, 53, 'A', 'D', 1, 1, 0, NULL, NULL, NULL),
(838, '2019-02-04 08:48:52', '2019-02-04 08:48:52', 197, 58, 'A', 'Z', 1, 1, 0, NULL, NULL, NULL),
(839, '2019-02-04 09:09:02', '2019-02-04 09:09:02', 193, 1, 'R', 'D', 0, 1, 0, NULL, NULL, NULL),
(840, '2019-02-04 09:09:02', '2019-02-04 09:09:02', 193, 12, 'R', 'Z', 0, 1, 0, NULL, NULL, NULL),
(841, '2019-02-04 09:09:02', '2019-02-04 09:09:02', 193, 74, 'A', 'D', 1, 1, 0, NULL, NULL, NULL),
(842, '2019-02-04 09:09:02', '2019-02-04 09:09:02', 193, 42, 'A', 'Z', 1, 1, 0, NULL, NULL, NULL),
(851, '2019-02-04 20:47:44', '2019-02-04 20:47:44', 200, 1, 'R', 'D', 0, 1, 0, NULL, NULL, NULL),
(852, '2019-02-04 20:47:44', '2019-02-04 20:47:44', 200, 12, 'R', 'Z', 0, 1, 0, NULL, NULL, NULL),
(853, '2019-02-04 20:47:44', '2019-02-04 20:47:44', 200, 3, 'A', 'D', 0, 1, 0, NULL, NULL, NULL),
(854, '2019-02-04 20:47:44', '2019-02-04 20:47:44', 200, 19, 'A', 'Z', 0, 1, 0, NULL, NULL, NULL),
(875, '2019-02-05 09:37:40', '2019-02-05 09:37:40', 206, 6, 'R', 'D', 0, 1, 0, NULL, NULL, NULL),
(876, '2019-02-05 09:37:40', '2019-02-05 09:37:40', 206, 28, 'R', 'Z', 0, 1, 0, NULL, NULL, NULL),
(877, '2019-02-05 09:37:40', '2019-02-05 09:37:40', 206, 7, 'A', 'D', 0, 1, 0, NULL, NULL, NULL),
(878, '2019-02-05 09:37:40', '2019-02-05 09:37:40', 206, 24, 'A', 'Z', 0, 1, 0, NULL, NULL, NULL),
(879, '2019-02-11 19:23:42', '2019-02-11 19:23:42', 198, 52, 'R', 'D', 1, 1, 0, NULL, NULL, NULL),
(880, '2019-02-11 19:23:42', '2019-02-11 19:23:42', 198, 72, 'R', 'Z', 1, 1, 0, NULL, NULL, NULL),
(881, '2019-02-11 19:23:42', '2019-02-11 19:23:42', 198, 25, 'A', 'D', 0, 1, 0, NULL, NULL, NULL),
(882, '2019-02-11 19:23:42', '2019-02-11 19:23:42', 198, 27, 'A', 'Z', 0, 1, 0, NULL, NULL, NULL),
(883, '2019-02-11 19:23:55', '2019-02-11 19:23:55', 199, 56, 'R', 'D', 1, 1, 0, NULL, NULL, NULL),
(884, '2019-02-11 19:23:55', '2019-02-11 19:23:55', 199, 62, 'R', 'Z', 1, 1, 0, NULL, NULL, NULL),
(885, '2019-02-11 19:23:55', '2019-02-11 19:23:55', 199, 74, 'A', 'D', 1, 1, 0, NULL, NULL, NULL),
(886, '2019-02-11 19:23:55', '2019-02-11 19:23:55', 199, 42, 'A', 'Z', 1, 1, 0, NULL, NULL, NULL),
(887, '2019-02-11 19:25:52', '2019-02-11 19:25:52', 205, 22, 'R', 'D', 0, 1, 0, NULL, NULL, NULL),
(888, '2019-02-11 19:25:52', '2019-02-11 19:25:52', 205, 5, 'R', 'Z', 0, 1, 0, NULL, NULL, NULL),
(889, '2019-02-11 19:25:52', '2019-02-11 19:25:52', 205, 77, 'A', 'D', 1, 1, 0, NULL, NULL, NULL),
(890, '2019-02-11 19:25:52', '2019-02-11 19:25:52', 205, 57, 'A', 'Z', 1, 1, 0, NULL, NULL, NULL),
(891, '2019-02-11 19:27:48', '2019-02-11 19:27:48', 204, 44, 'R', 'D', 1, 1, 0, NULL, NULL, NULL),
(892, '2019-02-11 19:27:48', '2019-02-11 19:27:48', 204, 63, 'R', 'Z', 1, 1, 0, NULL, NULL, NULL),
(893, '2019-02-11 19:27:48', '2019-02-11 19:27:48', 204, 4, 'A', 'D', 0, 1, 0, NULL, NULL, NULL),
(894, '2019-02-11 19:27:48', '2019-02-11 19:27:48', 204, 26, 'A', 'Z', 0, 1, 0, NULL, NULL, NULL),
(895, '2019-02-11 19:30:26', '2019-02-11 19:30:26', 207, 44, 'R', 'D', 1, 1, 0, NULL, NULL, NULL),
(896, '2019-02-11 19:30:26', '2019-02-11 19:30:26', 207, 61, 'R', 'Z', 1, 1, 0, NULL, NULL, NULL),
(897, '2019-02-11 19:30:26', '2019-02-11 19:30:26', 207, 77, 'A', 'D', 1, 1, 0, NULL, NULL, NULL),
(898, '2019-02-11 19:30:26', '2019-02-11 19:30:26', 207, 58, 'A', 'Z', 1, 1, 0, NULL, NULL, NULL),
(899, '2019-02-11 19:32:07', '2019-02-11 19:32:07', 201, 18, 'R', 'D', 0, 1, 0, NULL, NULL, NULL),
(900, '2019-02-11 19:32:07', '2019-02-11 19:32:07', 201, 29, 'R', 'Z', 0, 1, 0, NULL, NULL, NULL),
(901, '2019-02-11 19:32:07', '2019-02-11 19:32:07', 201, 25, 'A', 'D', 0, 1, 0, NULL, NULL, NULL),
(902, '2019-02-11 19:32:07', '2019-02-11 19:32:07', 201, 5, 'A', 'Z', 0, 1, 0, NULL, NULL, NULL),
(903, '2019-02-11 19:32:24', '2019-02-11 19:32:24', 202, 53, 'R', 'D', 1, 1, 0, NULL, NULL, NULL),
(904, '2019-02-11 19:32:24', '2019-02-11 19:32:24', 202, 51, 'R', 'Z', 1, 1, 0, NULL, NULL, NULL),
(905, '2019-02-11 19:32:24', '2019-02-11 19:32:24', 202, 54, 'A', 'D', 1, 1, 0, NULL, NULL, NULL),
(906, '2019-02-11 19:32:24', '2019-02-11 19:32:24', 202, 67, 'A', 'Z', 1, 1, 0, NULL, NULL, NULL),
(907, '2019-02-11 19:32:38', '2019-02-11 19:32:38', 203, 14, 'R', 'D', 0, 1, 0, NULL, NULL, NULL),
(908, '2019-02-11 19:32:38', '2019-02-11 19:32:38', 203, 20, 'R', 'Z', 0, 1, 0, NULL, NULL, NULL),
(909, '2019-02-11 19:32:38', '2019-02-11 19:32:38', 203, 69, 'A', 'D', 1, 1, 0, NULL, NULL, NULL),
(910, '2019-02-11 19:32:38', '2019-02-11 19:32:38', 203, 46, 'A', 'Z', 1, 1, 0, NULL, NULL, NULL),
(911, '2019-02-12 20:25:36', '2019-02-12 20:25:36', 208, 44, 'R', 'D', 1, 1, 0, NULL, NULL, NULL),
(912, '2019-02-12 20:25:36', '2019-02-12 20:25:36', 208, 70, 'R', 'Z', 1, 1, 0, NULL, NULL, NULL),
(913, '2019-02-12 20:25:36', '2019-02-12 20:25:36', 208, 2, 'A', 'D', 0, 1, 0, NULL, NULL, NULL),
(914, '2019-02-12 20:25:36', '2019-02-12 20:25:36', 208, 20, 'A', 'Z', 0, 1, 0, NULL, NULL, NULL),
(915, '2019-02-12 20:27:18', '2019-02-12 20:27:18', 209, 56, 'R', 'D', 1, 1, 0, NULL, NULL, NULL),
(916, '2019-02-12 20:27:18', '2019-02-12 20:27:18', 209, 62, 'R', 'Z', 1, 1, 0, NULL, NULL, NULL),
(917, '2019-02-12 20:27:18', '2019-02-12 20:27:18', 209, 6, 'A', 'D', 0, 1, 0, NULL, NULL, NULL),
(918, '2019-02-12 20:27:18', '2019-02-12 20:27:18', 209, 28, 'A', 'Z', 0, 1, 0, NULL, NULL, NULL),
(919, '2019-02-12 20:39:37', '2019-02-12 20:39:37', 210, 25, 'R', 'D', 0, 1, 0, NULL, NULL, NULL),
(920, '2019-02-12 20:39:37', '2019-02-12 20:39:37', 210, 29, 'R', 'Z', 0, 1, 0, NULL, NULL, NULL),
(921, '2019-02-12 20:39:37', '2019-02-12 20:39:37', 210, 9, 'A', 'D', 0, 1, 0, NULL, NULL, NULL),
(922, '2019-02-12 20:39:37', '2019-02-12 20:39:37', 210, 21, 'A', 'Z', 0, 1, 0, NULL, NULL, NULL),
(923, '2019-02-12 20:40:36', '2019-02-12 20:40:36', 211, 1, 'R', 'D', 0, 1, 0, NULL, NULL, NULL),
(924, '2019-02-12 20:40:36', '2019-02-12 20:40:36', 211, 12, 'R', 'Z', 0, 1, 0, NULL, NULL, NULL),
(925, '2019-02-12 20:40:36', '2019-02-12 20:40:36', 211, 54, 'A', 'D', 1, 1, 0, NULL, NULL, NULL),
(926, '2019-02-12 20:40:36', '2019-02-12 20:40:36', 211, 67, 'A', 'Z', 1, 1, 0, NULL, NULL, NULL),
(931, '2019-02-13 09:17:57', '2019-02-13 09:17:57', 213, 25, 'R', 'D', 0, 1, 0, NULL, NULL, NULL),
(932, '2019-02-13 09:17:57', '2019-02-13 09:17:57', 213, 27, 'R', 'Z', 0, 1, 0, NULL, NULL, NULL),
(933, '2019-02-13 09:17:57', '2019-02-13 09:17:57', 213, 77, 'A', 'D', 1, 1, 0, NULL, NULL, NULL),
(934, '2019-02-13 09:17:57', '2019-02-13 09:17:57', 213, 57, 'A', 'Z', 1, 1, 0, NULL, NULL, NULL),
(935, '2019-02-13 09:18:46', '2019-02-13 09:18:46', 214, 73, 'R', 'D', 1, 1, 0, NULL, NULL, NULL),
(936, '2019-02-13 09:18:46', '2019-02-13 09:18:46', 214, 42, 'R', 'Z', 1, 1, 0, NULL, NULL, NULL),
(937, '2019-02-13 09:18:46', '2019-02-13 09:18:46', 214, 7, 'A', 'D', 0, 1, 0, NULL, NULL, NULL),
(938, '2019-02-13 09:18:46', '2019-02-13 09:18:46', 214, 24, 'A', 'Z', 0, 1, 0, NULL, NULL, NULL),
(939, '2019-02-13 09:23:12', '2019-02-13 09:23:12', 215, 55, 'R', 'D', 1, 1, 0, NULL, NULL, NULL),
(940, '2019-02-13 09:23:12', '2019-02-13 09:23:12', 215, 63, 'R', 'Z', 1, 1, 0, NULL, NULL, NULL),
(941, '2019-02-13 09:23:12', '2019-02-13 09:23:12', 215, 77, 'A', 'D', 1, 1, 0, NULL, NULL, NULL),
(942, '2019-02-13 09:23:12', '2019-02-13 09:23:12', 215, 59, 'A', 'Z', 1, 1, 0, NULL, NULL, NULL),
(943, '2019-02-13 09:24:05', '2019-02-13 09:24:05', 216, 3, 'R', 'D', 0, 1, 0, NULL, NULL, NULL),
(944, '2019-02-13 09:24:05', '2019-02-13 09:24:05', 216, 19, 'R', 'Z', 0, 1, 0, NULL, NULL, NULL),
(945, '2019-02-13 09:24:05', '2019-02-13 09:24:05', 216, 74, 'A', 'D', 1, 1, 0, NULL, NULL, NULL),
(946, '2019-02-13 09:24:05', '2019-02-13 09:24:05', 216, 51, 'A', 'Z', 1, 1, 0, NULL, NULL, NULL),
(947, '2019-02-18 07:10:26', '2019-02-18 07:10:26', 212, 53, 'R', 'D', 1, 1, 0, NULL, NULL, NULL),
(948, '2019-02-18 07:10:26', '2019-02-18 07:10:26', 212, 63, 'R', 'Z', 1, 1, 0, NULL, NULL, NULL),
(949, '2019-02-18 07:10:26', '2019-02-18 07:10:26', 212, 14, 'A', 'D', 0, 1, 0, NULL, NULL, NULL),
(950, '2019-02-18 07:10:26', '2019-02-18 07:10:26', 212, 10, 'A', 'Z', 0, 1, 0, NULL, NULL, NULL),
(951, '2019-02-18 09:46:11', '2019-02-18 09:46:11', 217, 18, 'R', 'D', 0, 1, 0, NULL, NULL, NULL),
(952, '2019-02-18 09:46:11', '2019-02-18 09:46:11', 217, 5, 'R', 'Z', 0, 1, 0, NULL, NULL, NULL),
(953, '2019-02-18 09:46:11', '2019-02-18 09:46:11', 217, 9, 'A', 'D', 0, 1, 0, NULL, NULL, NULL),
(954, '2019-02-18 09:46:11', '2019-02-18 09:46:11', 217, 27, 'A', 'Z', 0, 1, 0, NULL, NULL, NULL),
(955, '2019-02-18 09:47:33', '2019-02-18 09:47:33', 218, 73, 'R', 'D', 1, 1, 0, NULL, NULL, NULL),
(956, '2019-02-18 09:47:33', '2019-02-18 09:47:33', 218, 42, 'R', 'Z', 1, 1, 0, NULL, NULL, NULL),
(957, '2019-02-18 09:47:33', '2019-02-18 09:47:33', 218, 3, 'A', 'D', 0, 1, 0, NULL, NULL, NULL),
(958, '2019-02-18 09:47:33', '2019-02-18 09:47:33', 218, 19, 'A', 'Z', 0, 1, 0, NULL, NULL, NULL),
(959, '2019-02-18 10:03:05', '2019-02-18 10:03:05', 219, 74, 'R', 'D', 1, 1, 0, NULL, NULL, NULL),
(960, '2019-02-18 10:03:05', '2019-02-18 10:03:05', 219, 51, 'R', 'Z', 1, 1, 0, NULL, NULL, NULL),
(961, '2019-02-18 10:03:05', '2019-02-18 10:03:05', 219, 7, 'A', 'D', 0, 1, 0, NULL, NULL, NULL),
(962, '2019-02-18 10:03:05', '2019-02-18 10:03:05', 219, 24, 'A', 'Z', 0, 1, 0, NULL, NULL, NULL),
(963, '2019-02-18 10:35:34', '2019-02-18 10:35:34', 220, 14, 'R', 'D', 0, 1, 0, NULL, NULL, NULL),
(964, '2019-02-18 10:35:34', '2019-02-18 10:35:34', 220, 21, 'R', 'Z', 0, 1, 0, NULL, NULL, NULL),
(965, '2019-02-18 10:35:34', '2019-02-18 10:35:34', 220, 25, 'A', 'D', 0, 1, 0, NULL, NULL, NULL),
(966, '2019-02-18 10:35:34', '2019-02-18 10:35:34', 220, 29, 'A', 'Z', 0, 1, 0, NULL, NULL, NULL),
(967, '2019-02-18 10:36:48', '2019-02-18 10:36:48', 221, 1, 'R', 'D', 0, 1, 0, NULL, NULL, NULL),
(968, '2019-02-18 10:36:48', '2019-02-18 10:36:48', 221, 12, 'R', 'Z', 0, 1, 0, NULL, NULL, NULL),
(969, '2019-02-18 10:36:48', '2019-02-18 10:36:48', 221, 56, 'A', 'D', 1, 1, 0, NULL, NULL, NULL),
(970, '2019-02-18 10:36:48', '2019-02-18 10:36:48', 221, 62, 'A', 'Z', 1, 1, 0, NULL, NULL, NULL),
(971, '2019-02-18 10:37:55', '2019-02-18 10:37:55', 222, 2, 'R', 'D', 0, 1, 0, NULL, NULL, NULL),
(972, '2019-02-18 10:37:55', '2019-02-18 10:37:55', 222, 26, 'R', 'Z', 0, 1, 0, NULL, NULL, NULL),
(973, '2019-02-18 10:37:55', '2019-02-18 10:37:55', 222, 4, 'A', 'D', 0, 1, 0, NULL, NULL, NULL),
(974, '2019-02-18 10:37:55', '2019-02-18 10:37:55', 222, 20, 'A', 'Z', 0, 1, 0, NULL, NULL, NULL),
(975, '2019-02-18 10:39:23', '2019-02-18 10:39:23', 223, 6, 'R', 'D', 0, 1, 0, NULL, NULL, NULL),
(976, '2019-02-18 10:39:23', '2019-02-18 10:39:23', 223, 28, 'R', 'Z', 0, 1, 0, NULL, NULL, NULL),
(977, '2019-02-18 10:39:23', '2019-02-18 10:39:23', 223, 54, 'A', 'D', 1, 1, 0, NULL, NULL, NULL),
(978, '2019-02-18 10:39:23', '2019-02-18 10:39:23', 223, 67, 'A', 'Z', 1, 1, 0, NULL, NULL, NULL),
(979, '2019-02-19 11:52:23', '2019-02-19 11:52:23', 224, 66, 'R', 'D', 1, 1, 0, NULL, NULL, NULL),
(980, '2019-02-19 11:52:23', '2019-02-19 11:52:23', 224, 46, 'R', 'Z', 1, 1, 0, NULL, NULL, NULL),
(981, '2019-02-19 11:52:23', '2019-02-19 11:52:23', 224, 69, 'A', 'D', 1, 1, 0, NULL, NULL, NULL),
(982, '2019-02-19 11:52:23', '2019-02-19 11:52:23', 224, 65, 'A', 'Z', 1, 1, 0, NULL, NULL, NULL),
(983, '2019-02-19 11:53:04', '2019-02-19 11:53:04', 225, 53, 'R', 'D', 1, 1, 0, NULL, NULL, NULL),
(984, '2019-02-19 11:53:04', '2019-02-19 11:53:04', 225, 58, 'R', 'Z', 1, 1, 0, NULL, NULL, NULL),
(985, '2019-02-19 11:53:04', '2019-02-19 11:53:04', 225, 55, 'A', 'D', 1, 1, 0, NULL, NULL, NULL),
(986, '2019-02-19 11:53:04', '2019-02-19 11:53:04', 225, 61, 'A', 'Z', 1, 1, 0, NULL, NULL, NULL),
(987, '2019-02-28 08:51:09', '2019-02-28 08:51:09', 226, 44, 'R', 'D', 1, 1, 0, NULL, NULL, NULL),
(988, '2019-02-28 08:51:09', '2019-02-28 08:51:09', 226, 70, 'R', 'Z', 1, 1, 0, NULL, NULL, NULL),
(989, '2019-02-28 08:51:09', '2019-02-28 08:51:09', 226, 4, 'A', 'D', 0, 1, 0, NULL, NULL, NULL),
(990, '2019-02-28 08:51:09', '2019-02-28 08:51:09', 226, 26, 'A', 'Z', 0, 1, 0, NULL, NULL, NULL),
(995, '2019-03-03 19:35:37', '2019-03-03 19:35:37', 228, 22, 'R', 'D', 0, 1, 0, NULL, NULL, NULL),
(996, '2019-03-03 19:35:37', '2019-03-03 19:35:37', 228, 10, 'R', 'Z', 0, 1, 0, NULL, NULL, NULL),
(997, '2019-03-03 19:35:37', '2019-03-03 19:35:37', 228, 25, 'A', 'D', 0, 1, 0, NULL, NULL, NULL),
(998, '2019-03-03 19:35:37', '2019-03-03 19:35:37', 228, 27, 'A', 'Z', 0, 1, 0, NULL, NULL, NULL),
(999, '2019-03-03 19:36:41', '2019-03-03 19:36:41', 229, 6, 'R', 'D', 0, 1, 0, NULL, NULL, NULL),
(1000, '2019-03-03 19:36:41', '2019-03-03 19:36:41', 229, 5, 'R', 'Z', 0, 1, 0, NULL, NULL, NULL),
(1001, '2019-03-03 19:36:41', '2019-03-03 19:36:41', 229, 9, 'A', 'D', 0, 1, 0, NULL, NULL, NULL),
(1002, '2019-03-03 19:36:41', '2019-03-03 19:36:41', 229, 28, 'A', 'Z', 0, 1, 0, NULL, NULL, NULL),
(1035, '2019-03-04 21:00:13', '2019-03-04 21:00:13', 237, 1, 'R', 'D', 0, 1, 0, NULL, NULL, NULL),
(1036, '2019-03-04 21:00:13', '2019-03-04 21:00:13', 237, 12, 'R', 'Z', 0, 1, 0, NULL, NULL, NULL),
(1037, '2019-03-04 21:00:13', '2019-03-04 21:00:13', 237, 7, 'A', 'D', 0, 1, 0, NULL, NULL, NULL),
(1038, '2019-03-04 21:00:13', '2019-03-04 21:00:13', 237, 24, 'A', 'Z', 0, 1, 0, NULL, NULL, NULL),
(1039, '2019-03-04 21:01:06', '2019-03-04 21:01:06', 238, 4, 'R', 'D', 0, 1, 0, NULL, NULL, NULL),
(1040, '2019-03-04 21:01:06', '2019-03-04 21:01:06', 238, 26, 'R', 'Z', 0, 1, 0, NULL, NULL, NULL),
(1041, '2019-03-04 21:01:06', '2019-03-04 21:01:06', 238, 25, 'A', 'D', 0, 1, 0, NULL, NULL, NULL),
(1042, '2019-03-04 21:01:06', '2019-03-04 21:01:06', 238, 27, 'A', 'Z', 0, 1, 0, NULL, NULL, NULL),
(1043, '2019-03-04 21:03:22', '2019-03-04 21:03:22', 239, 44, 'R', 'D', 1, 1, 0, NULL, NULL, NULL),
(1044, '2019-03-04 21:03:22', '2019-03-04 21:03:22', 239, 70, 'R', 'Z', 1, 1, 0, NULL, NULL, NULL),
(1045, '2019-03-04 21:03:22', '2019-03-04 21:03:22', 239, 22, 'A', 'D', 0, 1, 0, NULL, NULL, NULL),
(1046, '2019-03-04 21:03:22', '2019-03-04 21:03:22', 239, 10, 'A', 'Z', 0, 1, 0, NULL, NULL, NULL),
(1047, '2019-03-04 21:04:10', '2019-03-04 21:04:10', 240, 3, 'R', 'D', 0, 1, 0, NULL, NULL, NULL),
(1048, '2019-03-04 21:04:10', '2019-03-04 21:04:10', 240, 19, 'R', 'Z', 0, 1, 0, NULL, NULL, NULL),
(1049, '2019-03-04 21:04:10', '2019-03-04 21:04:10', 240, 74, 'A', 'D', 1, 1, 0, NULL, NULL, NULL),
(1050, '2019-03-04 21:04:10', '2019-03-04 21:04:10', 240, 51, 'A', 'Z', 1, 1, 0, NULL, NULL, NULL),
(1051, '2019-03-04 21:07:10', '2019-03-04 21:07:10', 227, 56, 'R', 'D', 1, 1, 0, NULL, NULL, NULL),
(1052, '2019-03-04 21:07:10', '2019-03-04 21:07:10', 227, 58, 'R', 'Z', 1, 1, 0, NULL, NULL, NULL),
(1053, '2019-03-04 21:07:10', '2019-03-04 21:07:10', 227, 66, 'A', 'D', 1, 1, 0, NULL, NULL, NULL),
(1054, '2019-03-04 21:07:10', '2019-03-04 21:07:10', 227, 62, 'A', 'Z', 1, 1, 0, NULL, NULL, NULL),
(1055, '2019-03-05 09:52:49', '2019-03-05 09:52:49', 241, 77, 'R', 'D', 1, 1, 0, NULL, NULL, NULL),
(1056, '2019-03-05 09:52:49', '2019-03-05 09:52:49', 241, 63, 'R', 'Z', 1, 1, 0, NULL, NULL, NULL),
(1057, '2019-03-05 09:52:49', '2019-03-05 09:52:49', 241, 78, 'A', 'D', 1, 1, 0, NULL, NULL, NULL),
(1058, '2019-03-05 09:52:49', '2019-03-05 09:52:49', 241, 57, 'A', 'Z', 1, 1, 0, NULL, NULL, NULL),
(1059, '2019-03-05 09:58:50', '2019-03-05 09:58:50', 230, 2, 'R', 'D', 0, 1, 0, NULL, NULL, NULL),
(1060, '2019-03-05 09:58:50', '2019-03-05 09:58:50', 230, 21, 'R', 'Z', 0, 1, 0, NULL, NULL, NULL),
(1061, '2019-03-05 09:58:50', '2019-03-05 09:58:50', 230, 55, 'A', 'D', 1, 1, 0, NULL, NULL, NULL),
(1062, '2019-03-05 09:58:50', '2019-03-05 09:58:50', 230, 46, 'A', 'Z', 1, 1, 0, NULL, NULL, NULL),
(1063, '2019-03-05 09:59:09', '2019-03-05 09:59:09', 231, 9, 'R', 'D', 0, 1, 0, NULL, NULL, NULL),
(1064, '2019-03-05 09:59:09', '2019-03-05 09:59:09', 231, 24, 'R', 'Z', 0, 1, 0, NULL, NULL, NULL),
(1065, '2019-03-05 09:59:09', '2019-03-05 09:59:09', 231, 66, 'A', 'D', 1, 1, 0, NULL, NULL, NULL),
(1066, '2019-03-05 09:59:09', '2019-03-05 09:59:09', 231, 67, 'A', 'Z', 1, 1, 0, NULL, NULL, NULL),
(1067, '2019-03-05 09:59:19', '2019-03-05 09:59:19', 232, 53, 'R', 'D', 1, 1, 0, NULL, NULL, NULL),
(1068, '2019-03-05 09:59:19', '2019-03-05 09:59:19', 232, 58, 'R', 'Z', 1, 1, 0, NULL, NULL, NULL),
(1069, '2019-03-05 09:59:19', '2019-03-05 09:59:19', 232, 4, 'A', 'D', 0, 1, 0, NULL, NULL, NULL),
(1070, '2019-03-05 09:59:19', '2019-03-05 09:59:19', 232, 5, 'A', 'Z', 0, 1, 0, NULL, NULL, NULL),
(1071, '2019-03-05 10:05:00', '2019-03-05 10:05:00', 233, 14, 'R', 'D', 0, 1, 0, NULL, NULL, NULL),
(1072, '2019-03-05 10:05:00', '2019-03-05 10:05:00', 233, 20, 'R', 'Z', 0, 1, 0, NULL, NULL, NULL),
(1073, '2019-03-05 10:05:00', '2019-03-05 10:05:00', 233, 77, 'A', 'D', 1, 1, 0, NULL, NULL, NULL),
(1074, '2019-03-05 10:05:00', '2019-03-05 10:05:00', 233, 59, 'A', 'Z', 1, 1, 0, NULL, NULL, NULL),
(1079, '2019-03-05 10:05:39', '2019-03-05 10:05:39', 235, 69, 'R', 'D', 1, 1, 0, NULL, NULL, NULL),
(1080, '2019-03-05 10:05:39', '2019-03-05 10:05:39', 235, 61, 'R', 'Z', 1, 1, 0, NULL, NULL, NULL),
(1081, '2019-03-05 10:05:39', '2019-03-05 10:05:39', 235, 25, 'A', 'D', 0, 1, 0, NULL, NULL, NULL),
(1082, '2019-03-05 10:05:39', '2019-03-05 10:05:39', 235, 29, 'A', 'Z', 0, 1, 0, NULL, NULL, NULL),
(1091, '2019-03-06 10:55:50', '2019-03-06 10:55:50', 234, 56, 'R', 'D', 1, 1, 0, NULL, NULL, NULL),
(1092, '2019-03-06 10:55:50', '2019-03-06 10:55:50', 234, 65, 'R', 'Z', 1, 1, 0, NULL, NULL, NULL),
(1093, '2019-03-06 10:55:50', '2019-03-06 10:55:50', 234, 6, 'A', 'D', 0, 1, 0, NULL, NULL, NULL),
(1094, '2019-03-06 10:55:50', '2019-03-06 10:55:50', 234, 28, 'A', 'Z', 0, 1, 0, NULL, NULL, NULL),
(1095, '2019-03-14 10:52:19', '2019-03-14 10:52:19', 236, 18, 'R', 'D', 0, 1, 0, NULL, NULL, NULL),
(1096, '2019-03-14 10:52:19', '2019-03-14 10:52:19', 236, 29, 'R', 'Z', 0, 1, 0, NULL, NULL, NULL),
(1097, '2019-03-14 10:52:19', '2019-03-14 10:52:19', 236, 9, 'A', 'D', 0, 1, 0, NULL, NULL, NULL),
(1098, '2019-03-14 10:52:19', '2019-03-14 10:52:19', 236, 20, 'A', 'Z', 0, 1, 0, NULL, NULL, NULL),
(1107, '2019-03-14 11:03:35', '2019-03-14 11:03:35', 245, 44, 'R', 'D', 1, 1, 0, NULL, NULL, NULL),
(1108, '2019-03-14 11:03:35', '2019-03-14 11:03:35', 245, 70, 'R', 'Z', 1, 1, 0, NULL, NULL, NULL),
(1109, '2019-03-14 11:03:35', '2019-03-14 11:03:35', 245, 25, 'A', 'D', 0, 1, 0, NULL, NULL, NULL),
(1110, '2019-03-14 11:03:35', '2019-03-14 11:03:35', 245, 27, 'A', 'Z', 0, 1, 0, NULL, NULL, NULL),
(1111, '2019-03-14 11:08:25', '2019-03-14 11:08:25', 246, 1, 'R', 'D', 0, 1, 0, NULL, NULL, NULL),
(1112, '2019-03-14 11:08:25', '2019-03-14 11:08:25', 246, 12, 'R', 'Z', 0, 1, 0, NULL, NULL, NULL),
(1113, '2019-03-14 11:08:25', '2019-03-14 11:08:25', 246, 74, 'A', 'D', 1, 1, 0, NULL, NULL, NULL),
(1114, '2019-03-14 11:08:25', '2019-03-14 11:08:25', 246, 51, 'A', 'Z', 1, 1, 0, NULL, NULL, NULL),
(1115, '2019-03-14 11:09:07', '2019-03-14 11:09:07', 247, 53, 'R', 'D', 1, 1, 0, NULL, NULL, NULL),
(1116, '2019-03-14 11:09:07', '2019-03-14 11:09:07', 247, 57, 'R', 'Z', 1, 1, 0, NULL, NULL, NULL),
(1117, '2019-03-14 11:09:07', '2019-03-14 11:09:07', 247, 55, 'A', 'D', 1, 1, 0, NULL, NULL, NULL),
(1118, '2019-03-14 11:09:07', '2019-03-14 11:09:07', 247, 46, 'A', 'Z', 1, 1, 0, NULL, NULL, NULL),
(1119, '2019-03-14 11:10:57', '2019-03-14 11:10:57', 248, 18, 'R', 'D', 0, 1, 0, NULL, NULL, NULL),
(1120, '2019-03-14 11:10:57', '2019-03-14 11:10:57', 248, 21, 'R', 'Z', 0, 1, 0, NULL, NULL, NULL),
(1121, '2019-03-14 11:10:57', '2019-03-14 11:10:57', 248, 4, 'A', 'D', 0, 1, 0, NULL, NULL, NULL),
(1122, '2019-03-14 11:10:57', '2019-03-14 11:10:57', 248, 5, 'A', 'Z', 0, 1, 0, NULL, NULL, NULL),
(1123, '2019-03-14 11:11:59', '2019-03-14 11:11:59', 249, 3, 'R', 'D', 0, 1, 0, NULL, NULL, NULL),
(1124, '2019-03-14 11:11:59', '2019-03-14 11:11:59', 249, 19, 'R', 'Z', 0, 1, 0, NULL, NULL, NULL),
(1125, '2019-03-14 11:11:59', '2019-03-14 11:11:59', 249, 7, 'A', 'D', 0, 1, 0, NULL, NULL, NULL),
(1126, '2019-03-14 11:11:59', '2019-03-14 11:11:59', 249, 24, 'A', 'Z', 0, 1, 0, NULL, NULL, NULL),
(1127, '2019-03-14 11:13:17', '2019-03-14 11:13:17', 250, 14, 'R', 'D', 0, 1, 0, NULL, NULL, NULL),
(1128, '2019-03-14 11:13:17', '2019-03-14 11:13:17', 250, 20, 'R', 'Z', 0, 1, 0, NULL, NULL, NULL),
(1129, '2019-03-14 11:13:17', '2019-03-14 11:13:17', 250, 2, 'A', 'D', 0, 1, 0, NULL, NULL, NULL),
(1130, '2019-03-14 11:13:17', '2019-03-14 11:13:17', 250, 10, 'A', 'Z', 0, 1, 0, NULL, NULL, NULL),
(1131, '2019-03-18 08:00:57', '2019-03-18 08:00:57', 244, 4, 'R', 'D', 0, 1, 0, NULL, NULL, NULL),
(1132, '2019-03-18 08:00:57', '2019-03-18 08:00:57', 244, 29, 'R', 'Z', 0, 1, 0, NULL, NULL, NULL),
(1133, '2019-03-18 08:00:57', '2019-03-18 08:00:57', 244, 22, 'A', 'D', 0, 1, 0, NULL, NULL, NULL),
(1134, '2019-03-18 08:00:57', '2019-03-18 08:00:57', 244, 10, 'A', 'Z', 0, 1, 0, NULL, NULL, NULL),
(1135, '2019-03-18 08:09:14', '2019-03-18 08:09:14', 251, 6, 'R', 'D', 0, 1, 0, NULL, NULL, NULL),
(1136, '2019-03-18 08:09:14', '2019-03-18 08:09:14', 251, 5, 'R', 'Z', 0, 1, 0, NULL, NULL, NULL),
(1137, '2019-03-18 08:09:14', '2019-03-18 08:09:14', 251, 9, 'A', 'D', 0, 1, 0, NULL, NULL, NULL),
(1138, '2019-03-18 08:09:14', '2019-03-18 08:09:14', 251, 28, 'A', 'Z', 0, 1, 0, NULL, NULL, NULL),
(1139, '2019-03-18 08:34:42', '2019-03-18 08:34:42', 252, 74, 'R', 'D', 1, 1, 0, NULL, NULL, NULL),
(1140, '2019-03-18 08:34:42', '2019-03-18 08:34:42', 252, 51, 'R', 'Z', 1, 1, 0, NULL, NULL, NULL),
(1141, '2019-03-18 08:34:42', '2019-03-18 08:34:42', 252, 7, 'A', 'D', 0, 1, 0, NULL, NULL, NULL),
(1142, '2019-03-18 08:34:42', '2019-03-18 08:34:42', 252, 24, 'A', 'Z', 0, 1, 0, NULL, NULL, NULL),
(1143, '2019-03-18 08:44:26', '2019-03-18 08:44:26', 253, 1, 'R', 'D', 0, 1, 0, NULL, NULL, NULL),
(1144, '2019-03-18 08:44:26', '2019-03-18 08:44:26', 253, 12, 'R', 'Z', 0, 1, 0, NULL, NULL, NULL),
(1145, '2019-03-18 08:44:26', '2019-03-18 08:44:26', 253, 3, 'A', 'D', 0, 1, 0, NULL, NULL, NULL),
(1146, '2019-03-18 08:44:26', '2019-03-18 08:44:26', 253, 19, 'A', 'Z', 0, 1, 0, NULL, NULL, NULL),
(1147, '2019-03-18 14:44:12', '2019-03-18 14:44:12', 254, 54, 'R', 'D', 1, 1, 0, NULL, NULL, NULL),
(1148, '2019-03-18 14:44:12', '2019-03-18 14:44:12', 254, 62, 'R', 'Z', 1, 1, 0, NULL, NULL, NULL),
(1149, '2019-03-18 14:44:12', '2019-03-18 14:44:12', 254, 53, 'A', 'D', 1, 1, 0, NULL, NULL, NULL),
(1150, '2019-03-18 14:44:12', '2019-03-18 14:44:12', 254, 51, 'A', 'Z', 1, 1, 0, NULL, NULL, NULL),
(1151, '2019-03-18 21:28:14', '2019-03-18 21:28:14', 255, 74, 'R', 'D', 1, 1, 0, NULL, NULL, NULL),
(1152, '2019-03-18 21:28:14', '2019-03-18 21:28:14', 255, 51, 'R', 'Z', 1, 1, 0, NULL, NULL, NULL),
(1153, '2019-03-18 21:28:14', '2019-03-18 21:28:14', 255, 7, 'A', 'D', 0, 1, 0, NULL, NULL, NULL),
(1154, '2019-03-18 21:28:14', '2019-03-18 21:28:14', 255, 24, 'A', 'Z', 0, 1, 0, NULL, NULL, NULL),
(1155, '2019-03-18 21:30:58', '2019-03-18 21:30:58', 256, 54, 'R', 'D', 1, 1, 0, NULL, NULL, NULL),
(1156, '2019-03-18 21:30:58', '2019-03-18 21:30:58', 256, 65, 'R', 'Z', 1, 1, 0, NULL, NULL, NULL),
(1157, '2019-03-18 21:30:58', '2019-03-18 21:30:58', 256, 53, 'A', 'D', 1, 1, 0, NULL, NULL, NULL),
(1158, '2019-03-18 21:30:58', '2019-03-18 21:30:58', 256, 58, 'A', 'Z', 1, 1, 0, NULL, NULL, NULL),
(1159, '2019-03-18 21:32:42', '2019-03-18 21:32:42', 257, 52, 'R', 'D', 1, 1, 0, NULL, NULL, NULL),
(1160, '2019-03-18 21:32:42', '2019-03-18 21:32:42', 257, 59, 'R', 'Z', 1, 1, 0, NULL, NULL, NULL),
(1161, '2019-03-18 21:32:42', '2019-03-18 21:32:42', 257, 77, 'A', 'D', 1, 1, 0, NULL, NULL, NULL),
(1162, '2019-03-18 21:32:42', '2019-03-18 21:32:42', 257, 72, 'A', 'Z', 1, 1, 0, NULL, NULL, NULL),
(1164, '2019-03-18 21:35:33', '2019-03-18 21:43:16', 242, 55, 'R', 'D', 1, 1, 0, NULL, NULL, NULL),
(1165, '2019-03-18 21:35:33', '2019-03-18 21:35:33', 242, 63, 'R', 'Z', 1, 1, 0, NULL, NULL, NULL),
(1166, '2019-03-18 21:35:33', '2019-03-18 21:35:33', 242, 77, 'A', 'D', 1, 1, 0, NULL, NULL, NULL),
(1167, '2019-03-18 21:35:33', '2019-03-18 21:35:33', 242, 46, 'A', 'Z', 1, 1, 0, NULL, NULL, NULL),
(1168, '2019-03-18 21:35:54', '2019-03-18 21:35:54', 243, 56, 'R', 'D', 1, 1, 0, NULL, NULL, NULL),
(1169, '2019-03-18 21:35:54', '2019-03-18 21:35:54', 243, 62, 'R', 'Z', 1, 1, 0, NULL, NULL, NULL),
(1170, '2019-03-18 21:35:54', '2019-03-18 21:35:54', 243, 73, 'A', 'D', 1, 1, 0, NULL, NULL, NULL),
(1171, '2019-03-18 21:35:54', '2019-03-18 21:35:54', 243, 67, 'A', 'Z', 1, 1, 0, NULL, NULL, NULL),
(1173, '2019-03-24 20:03:09', '2019-03-24 20:03:09', 258, 6, 'R', 'D', 0, 1, 0, NULL, NULL, NULL),
(1174, '2019-03-24 20:03:09', '2019-03-24 20:03:09', 258, 21, 'R', 'Z', 0, 1, 0, NULL, NULL, NULL),
(1175, '2019-03-24 20:03:09', '2019-03-24 20:03:09', 258, 9, 'A', 'D', 0, 1, 0, NULL, NULL, NULL),
(1176, '2019-03-24 20:03:09', '2019-03-24 20:03:09', 258, 28, 'A', 'Z', 0, 1, 0, NULL, NULL, NULL),
(1177, '2019-03-24 20:04:20', '2019-03-24 20:04:20', 259, 14, 'R', 'D', 0, 1, 0, NULL, NULL, NULL),
(1178, '2019-03-24 20:04:20', '2019-03-24 20:04:20', 259, 27, 'R', 'Z', 0, 1, 0, NULL, NULL, NULL),
(1179, '2019-03-24 20:04:20', '2019-03-24 20:04:20', 259, 2, 'A', 'D', 0, 1, 0, NULL, NULL, NULL),
(1180, '2019-03-24 20:04:20', '2019-03-24 20:04:20', 259, 20, 'A', 'Z', 0, 1, 0, NULL, NULL, NULL),
(1185, '2019-03-26 09:13:50', '2019-03-26 09:13:50', 261, 74, 'R', 'D', 1, 1, 0, NULL, NULL, NULL),
(1186, '2019-03-26 09:13:50', '2019-03-26 09:13:50', 261, 67, 'R', 'Z', 1, 1, 0, NULL, NULL, NULL),
(1187, '2019-03-26 09:13:50', '2019-03-26 09:13:50', 261, 9, 'A', 'D', 0, 1, 0, NULL, NULL, NULL),
(1188, '2019-03-26 09:13:50', '2019-03-26 09:13:50', 261, 28, 'A', 'Z', 0, 1, 0, NULL, NULL, NULL),
(1189, '2019-03-26 09:14:46', '2019-03-26 09:14:46', 262, 44, 'R', 'D', 1, 1, 0, NULL, NULL, NULL),
(1190, '2019-03-26 09:14:46', '2019-03-26 09:14:46', 262, 70, 'R', 'Z', 1, 1, 0, NULL, NULL, NULL),
(1191, '2019-03-26 09:14:46', '2019-03-26 09:14:46', 262, 4, 'A', 'D', 0, 1, 0, NULL, NULL, NULL),
(1192, '2019-03-26 09:14:46', '2019-03-26 09:14:46', 262, 26, 'A', 'Z', 0, 1, 0, NULL, NULL, NULL),
(1193, '2019-03-26 09:16:21', '2019-03-26 09:16:21', 263, 52, 'R', 'D', 1, 1, 0, NULL, NULL, NULL),
(1194, '2019-03-26 09:16:21', '2019-03-26 09:16:21', 263, 61, 'R', 'Z', 1, 1, 0, NULL, NULL, NULL),
(1195, '2019-03-26 09:16:21', '2019-03-26 09:16:21', 263, 22, 'A', 'D', 0, 1, 0, NULL, NULL, NULL),
(1196, '2019-03-26 09:16:21', '2019-03-26 09:16:21', 263, 21, 'A', 'Z', 0, 1, 0, NULL, NULL, NULL),
(1197, '2019-03-26 09:23:47', '2019-03-26 09:23:47', 264, 46, 'R', 'D', 1, 1, 0, NULL, NULL, NULL),
(1198, '2019-03-26 09:23:47', '2019-03-26 09:23:47', 264, 77, 'A', 'D', 1, 1, 0, NULL, NULL, NULL),
(1199, '2019-03-26 09:24:29', '2019-03-26 09:24:29', 265, 56, 'R', 'D', 1, 1, 0, NULL, NULL, NULL),
(1200, '2019-03-26 09:24:29', '2019-03-26 09:24:29', 265, 67, 'R', 'Z', 1, 1, 0, NULL, NULL, NULL),
(1201, '2019-03-26 09:24:29', '2019-03-26 09:24:29', 265, 54, 'A', 'D', 1, 1, 0, NULL, NULL, NULL),
(1202, '2019-03-26 09:24:29', '2019-03-26 09:24:29', 265, 51, 'A', 'Z', 1, 1, 0, NULL, NULL, NULL),
(1203, '2019-03-28 08:13:25', '2019-03-28 08:13:25', 260, 52, 'R', 'D', 1, 1, 0, NULL, NULL, NULL),
(1204, '2019-03-28 08:13:25', '2019-03-28 08:13:25', 260, 65, 'R', 'Z', 1, 1, 0, NULL, NULL, NULL),
(1205, '2019-03-28 08:13:25', '2019-03-28 08:13:25', 260, 77, 'A', 'D', 1, 1, 0, NULL, NULL, NULL),
(1206, '2019-03-28 08:13:25', '2019-03-28 08:13:25', 260, 57, 'A', 'Z', 1, 1, 0, NULL, NULL, NULL);

-- --------------------------------------------------------

--
-- Estructura de tabla para la tabla `festival_partido_tanteo`
--

CREATE TABLE `festival_partido_tanteo` (
  `id` int(10) UNSIGNED NOT NULL,
  `created_at` timestamp NULL DEFAULT NULL,
  `updated_at` timestamp NULL DEFAULT NULL,
  `festival_partido_id` int(11) DEFAULT NULL,
  `pelotari_id` int(11) DEFAULT NULL,
  `tanteo_order` tinyint(4) DEFAULT NULL,
  `tanteo_desc` tinytext COLLATE utf8_unicode_ci,
  `tanteo` tinyint(4) DEFAULT NULL
) ENGINE=InnoDB DEFAULT CHARSET=utf8 COLLATE=utf8_unicode_ci;

--
-- Volcado de datos para la tabla `festival_partido_tanteo`
--

INSERT INTO `festival_partido_tanteo` (`id`, `created_at`, `updated_at`, `festival_partido_id`, `pelotari_id`, `tanteo_order`, `tanteo_desc`, `tanteo`) VALUES
(49, '2019-01-23 06:24:40', '2019-01-23 06:24:40', 141, 18, 10, 'saque', 0),
(50, '2019-01-23 06:24:40', '2019-01-23 06:24:40', 141, 5, 10, 'saque', 0),
(51, '2019-01-23 06:24:40', '2019-01-23 06:24:40', 141, 9, 10, 'saque', 0),
(52, '2019-01-23 06:24:40', '2019-01-23 06:24:40', 141, 10, 10, 'saque', 0),
(53, '2019-01-23 06:24:40', '2019-01-23 06:24:40', 141, 18, 20, 'dos_paredes', 0),
(54, '2019-01-23 06:24:40', '2019-01-23 06:24:40', 141, 5, 20, 'dos_paredes', 0),
(55, '2019-01-23 06:24:40', '2019-01-23 06:24:40', 141, 9, 20, 'dos_paredes', 0),
(56, '2019-01-23 06:24:40', '2019-01-23 06:24:40', 141, 10, 20, 'dos_paredes', 0),
(57, '2019-01-23 06:24:40', '2019-01-23 06:24:40', 141, 18, 30, 'dejada', 0),
(58, '2019-01-23 06:24:40', '2019-01-23 06:24:40', 141, 5, 30, 'dejada', 0),
(59, '2019-01-23 06:24:40', '2019-01-23 06:24:40', 141, 9, 30, 'dejada', 0),
(60, '2019-01-23 06:24:40', '2019-01-23 06:24:40', 141, 10, 30, 'dejada', 0),
(61, '2019-01-23 06:24:40', '2019-01-23 06:24:40', 141, 18, 40, 'aire', 0),
(62, '2019-01-23 06:24:40', '2019-01-23 06:24:40', 141, 5, 40, 'aire', 0),
(63, '2019-01-23 06:24:40', '2019-01-23 06:24:40', 141, 9, 40, 'aire', 0),
(64, '2019-01-23 06:24:40', '2019-01-23 06:24:40', 141, 10, 40, 'aire', 0),
(65, '2019-01-23 06:24:40', '2019-01-23 06:24:40', 141, 18, 50, 'bote', 0),
(66, '2019-01-23 06:24:40', '2019-01-23 06:24:40', 141, 5, 50, 'bote', 0),
(67, '2019-01-23 06:24:40', '2019-01-23 06:24:40', 141, 9, 50, 'bote', 0),
(68, '2019-01-23 06:24:40', '2019-01-23 06:24:40', 141, 10, 50, 'bote', 0),
(69, '2019-01-23 06:24:40', '2019-01-23 06:24:40', 141, 18, 60, 'cortadas', 0),
(70, '2019-01-23 06:24:40', '2019-01-23 06:24:40', 141, 5, 60, 'cortadas', 0),
(71, '2019-01-23 06:24:40', '2019-01-23 06:24:40', 141, 9, 60, 'cortadas', 0),
(72, '2019-01-23 06:24:40', '2019-01-23 06:24:40', 141, 10, 60, 'cortadas', 0),
(73, '2019-01-23 06:24:40', '2019-01-23 06:24:40', 141, 18, 70, 'escapadas', 0),
(74, '2019-01-23 06:24:40', '2019-01-23 06:24:40', 141, 5, 70, 'escapadas', 0),
(75, '2019-01-23 06:24:40', '2019-01-23 06:24:40', 141, 9, 70, 'escapadas', 0),
(76, '2019-01-23 06:24:40', '2019-01-23 06:24:40', 141, 10, 70, 'escapadas', 0),
(77, '2019-01-23 06:24:40', '2019-01-23 06:24:40', 141, 18, 80, 'atras', 0),
(78, '2019-01-23 06:24:40', '2019-01-23 06:24:40', 141, 5, 80, 'atras', 0),
(79, '2019-01-23 06:24:40', '2019-01-23 06:24:40', 141, 9, 80, 'atras', 0),
(80, '2019-01-23 06:24:40', '2019-01-23 06:24:40', 141, 10, 80, 'atras', 0),
(81, '2019-01-23 06:24:40', '2019-01-23 06:24:40', 141, 18, 90, 'falta_saque', 0),
(82, '2019-01-23 06:24:40', '2019-01-23 06:24:40', 141, 5, 90, 'falta_saque', 0),
(83, '2019-01-23 06:24:40', '2019-01-23 06:24:40', 141, 9, 90, 'falta_saque', 0),
(84, '2019-01-23 06:24:40', '2019-01-23 06:24:40', 141, 10, 90, 'falta_saque', 0),
(85, '2019-01-23 06:24:40', '2019-01-23 06:24:40', 141, 18, 100, 'errores', 0),
(86, '2019-01-23 06:24:40', '2019-01-23 06:24:40', 141, 5, 100, 'errores', 0),
(87, '2019-01-23 06:24:40', '2019-01-23 06:24:40', 141, 9, 100, 'errores', 0),
(88, '2019-01-23 06:24:40', '2019-01-23 06:24:40', 141, 10, 100, 'errores', 0),
(89, '2019-01-23 06:24:40', '2019-01-23 06:24:40', 141, 18, 110, 'total_tantos', 0),
(90, '2019-01-23 06:24:40', '2019-01-23 06:24:40', 141, 5, 110, 'total_tantos', 0),
(91, '2019-01-23 06:24:40', '2019-01-23 06:24:40', 141, 9, 110, 'total_tantos', 0),
(92, '2019-01-23 06:24:40', '2019-01-23 06:24:40', 141, 10, 110, 'total_tantos', 0),
(93, '2019-01-23 06:24:40', '2019-01-23 06:24:40', 141, 18, 120, 'total_fallos', 0),
(94, '2019-01-23 06:24:40', '2019-01-23 06:24:40', 141, 5, 120, 'total_fallos', 0),
(95, '2019-01-23 06:24:40', '2019-01-23 06:24:40', 141, 9, 120, 'total_fallos', 0),
(96, '2019-01-23 06:24:40', '2019-01-23 06:24:40', 141, 10, 120, 'total_fallos', 0),
(97, '2019-01-23 06:25:00', '2019-01-23 06:25:00', 142, 68, 10, 'saque', 0),
(98, '2019-01-23 06:25:00', '2019-01-23 06:25:00', 142, 51, 10, 'saque', 0),
(99, '2019-01-23 06:25:00', '2019-01-23 06:25:00', 142, 1, 10, 'saque', 0),
(100, '2019-01-23 06:25:00', '2019-01-23 06:25:00', 142, 12, 10, 'saque', 0),
(101, '2019-01-23 06:25:00', '2019-01-23 06:25:00', 142, 68, 20, 'dos_paredes', 0),
(102, '2019-01-23 06:25:00', '2019-01-23 06:25:00', 142, 51, 20, 'dos_paredes', 0),
(103, '2019-01-23 06:25:00', '2019-01-23 06:25:00', 142, 1, 20, 'dos_paredes', 0),
(104, '2019-01-23 06:25:00', '2019-01-23 06:25:00', 142, 12, 20, 'dos_paredes', 0),
(105, '2019-01-23 06:25:00', '2019-01-23 06:25:00', 142, 68, 30, 'dejada', 0),
(106, '2019-01-23 06:25:00', '2019-01-23 06:25:00', 142, 51, 30, 'dejada', 0),
(107, '2019-01-23 06:25:00', '2019-01-23 06:25:00', 142, 1, 30, 'dejada', 0),
(108, '2019-01-23 06:25:00', '2019-01-23 06:25:00', 142, 12, 30, 'dejada', 0),
(109, '2019-01-23 06:25:00', '2019-01-23 06:25:00', 142, 68, 40, 'aire', 0),
(110, '2019-01-23 06:25:00', '2019-01-23 06:25:00', 142, 51, 40, 'aire', 0),
(111, '2019-01-23 06:25:00', '2019-01-23 06:25:00', 142, 1, 40, 'aire', 0),
(112, '2019-01-23 06:25:00', '2019-01-23 06:25:00', 142, 12, 40, 'aire', 0),
(113, '2019-01-23 06:25:00', '2019-01-23 06:25:00', 142, 68, 50, 'bote', 0),
(114, '2019-01-23 06:25:00', '2019-01-23 06:25:00', 142, 51, 50, 'bote', 0),
(115, '2019-01-23 06:25:00', '2019-01-23 06:25:00', 142, 1, 50, 'bote', 0),
(116, '2019-01-23 06:25:00', '2019-01-23 06:25:00', 142, 12, 50, 'bote', 0),
(117, '2019-01-23 06:25:00', '2019-01-23 06:25:00', 142, 68, 60, 'cortadas', 0),
(118, '2019-01-23 06:25:00', '2019-01-23 06:25:00', 142, 51, 60, 'cortadas', 0),
(119, '2019-01-23 06:25:00', '2019-01-23 06:25:00', 142, 1, 60, 'cortadas', 0),
(120, '2019-01-23 06:25:00', '2019-01-23 06:25:00', 142, 12, 60, 'cortadas', 0),
(121, '2019-01-23 06:25:00', '2019-01-23 06:25:00', 142, 68, 70, 'escapadas', 0),
(122, '2019-01-23 06:25:00', '2019-01-23 06:25:00', 142, 51, 70, 'escapadas', 0),
(123, '2019-01-23 06:25:00', '2019-01-23 06:25:00', 142, 1, 70, 'escapadas', 0),
(124, '2019-01-23 06:25:00', '2019-01-23 06:25:00', 142, 12, 70, 'escapadas', 0),
(125, '2019-01-23 06:25:00', '2019-01-23 06:25:00', 142, 68, 80, 'atras', 0),
(126, '2019-01-23 06:25:00', '2019-01-23 06:25:00', 142, 51, 80, 'atras', 0),
(127, '2019-01-23 06:25:00', '2019-01-23 06:25:00', 142, 1, 80, 'atras', 0),
(128, '2019-01-23 06:25:00', '2019-01-23 06:25:00', 142, 12, 80, 'atras', 0),
(129, '2019-01-23 06:25:00', '2019-01-23 06:25:00', 142, 68, 90, 'falta_saque', 0),
(130, '2019-01-23 06:25:00', '2019-01-23 06:25:00', 142, 51, 90, 'falta_saque', 0),
(131, '2019-01-23 06:25:00', '2019-01-23 06:25:00', 142, 1, 90, 'falta_saque', 0),
(132, '2019-01-23 06:25:00', '2019-01-23 06:25:00', 142, 12, 90, 'falta_saque', 0),
(133, '2019-01-23 06:25:00', '2019-01-23 06:25:00', 142, 68, 100, 'errores', 0),
(134, '2019-01-23 06:25:00', '2019-01-23 06:25:00', 142, 51, 100, 'errores', 0),
(135, '2019-01-23 06:25:00', '2019-01-23 06:25:00', 142, 1, 100, 'errores', 0),
(136, '2019-01-23 06:25:00', '2019-01-23 06:25:00', 142, 12, 100, 'errores', 0),
(137, '2019-01-23 06:25:00', '2019-01-23 06:25:00', 142, 68, 110, 'total_tantos', 0),
(138, '2019-01-23 06:25:00', '2019-01-23 06:25:00', 142, 51, 110, 'total_tantos', 0),
(139, '2019-01-23 06:25:00', '2019-01-23 06:25:00', 142, 1, 110, 'total_tantos', 0),
(140, '2019-01-23 06:25:00', '2019-01-23 06:25:00', 142, 12, 110, 'total_tantos', 0),
(141, '2019-01-23 06:25:00', '2019-01-23 06:25:00', 142, 68, 120, 'total_fallos', 0),
(142, '2019-01-23 06:25:00', '2019-01-23 06:25:00', 142, 51, 120, 'total_fallos', 0),
(143, '2019-01-23 06:25:00', '2019-01-23 06:25:00', 142, 1, 120, 'total_fallos', 0),
(144, '2019-01-23 06:25:00', '2019-01-23 06:25:00', 142, 12, 120, 'total_fallos', 0),
(145, '2019-01-23 06:25:26', '2019-01-23 06:25:26', 143, 14, 10, 'saque', 0),
(146, '2019-01-23 06:25:26', '2019-01-23 06:25:26', 143, 63, 10, 'saque', 0),
(147, '2019-01-23 06:25:26', '2019-01-23 06:25:26', 143, 4, 10, 'saque', 0),
(148, '2019-01-23 06:25:26', '2019-01-23 06:25:26', 143, 71, 10, 'saque', 0),
(149, '2019-01-23 06:25:26', '2019-01-23 06:25:26', 143, 14, 20, 'dos_paredes', 0),
(150, '2019-01-23 06:25:26', '2019-01-23 06:25:26', 143, 63, 20, 'dos_paredes', 0),
(151, '2019-01-23 06:25:26', '2019-01-23 06:25:26', 143, 4, 20, 'dos_paredes', 0),
(152, '2019-01-23 06:25:26', '2019-01-23 06:25:26', 143, 71, 20, 'dos_paredes', 0),
(153, '2019-01-23 06:25:26', '2019-01-23 06:25:26', 143, 14, 30, 'dejada', 0),
(154, '2019-01-23 06:25:26', '2019-01-23 06:25:26', 143, 63, 30, 'dejada', 0),
(155, '2019-01-23 06:25:26', '2019-01-23 06:25:26', 143, 4, 30, 'dejada', 0),
(156, '2019-01-23 06:25:26', '2019-01-23 06:25:26', 143, 71, 30, 'dejada', 0),
(157, '2019-01-23 06:25:26', '2019-01-23 06:25:26', 143, 14, 40, 'aire', 0),
(158, '2019-01-23 06:25:26', '2019-01-23 06:25:26', 143, 63, 40, 'aire', 0),
(159, '2019-01-23 06:25:26', '2019-01-23 06:25:26', 143, 4, 40, 'aire', 0),
(160, '2019-01-23 06:25:26', '2019-01-23 06:25:26', 143, 71, 40, 'aire', 0),
(161, '2019-01-23 06:25:26', '2019-01-23 06:25:26', 143, 14, 50, 'bote', 0),
(162, '2019-01-23 06:25:26', '2019-01-23 06:25:26', 143, 63, 50, 'bote', 0),
(163, '2019-01-23 06:25:26', '2019-01-23 06:25:26', 143, 4, 50, 'bote', 0),
(164, '2019-01-23 06:25:26', '2019-01-23 06:25:26', 143, 71, 50, 'bote', 0),
(165, '2019-01-23 06:25:26', '2019-01-23 06:25:26', 143, 14, 60, 'cortadas', 0),
(166, '2019-01-23 06:25:26', '2019-01-23 06:25:26', 143, 63, 60, 'cortadas', 0),
(167, '2019-01-23 06:25:26', '2019-01-23 06:25:26', 143, 4, 60, 'cortadas', 0),
(168, '2019-01-23 06:25:26', '2019-01-23 06:25:26', 143, 71, 60, 'cortadas', 0),
(169, '2019-01-23 06:25:26', '2019-01-23 06:25:26', 143, 14, 70, 'escapadas', 0),
(170, '2019-01-23 06:25:26', '2019-01-23 06:25:26', 143, 63, 70, 'escapadas', 0),
(171, '2019-01-23 06:25:26', '2019-01-23 06:25:26', 143, 4, 70, 'escapadas', 0),
(172, '2019-01-23 06:25:26', '2019-01-23 06:25:26', 143, 71, 70, 'escapadas', 0),
(173, '2019-01-23 06:25:26', '2019-01-23 06:25:26', 143, 14, 80, 'atras', 0),
(174, '2019-01-23 06:25:26', '2019-01-23 06:25:26', 143, 63, 80, 'atras', 0),
(175, '2019-01-23 06:25:26', '2019-01-23 06:25:26', 143, 4, 80, 'atras', 0),
(176, '2019-01-23 06:25:26', '2019-01-23 06:25:26', 143, 71, 80, 'atras', 0),
(177, '2019-01-23 06:25:26', '2019-01-23 06:25:26', 143, 14, 90, 'falta_saque', 0),
(178, '2019-01-23 06:25:26', '2019-01-23 06:25:26', 143, 63, 90, 'falta_saque', 0),
(179, '2019-01-23 06:25:26', '2019-01-23 06:25:26', 143, 4, 90, 'falta_saque', 0),
(180, '2019-01-23 06:25:26', '2019-01-23 06:25:26', 143, 71, 90, 'falta_saque', 0),
(181, '2019-01-23 06:25:26', '2019-01-23 06:25:26', 143, 14, 100, 'errores', 0),
(182, '2019-01-23 06:25:26', '2019-01-23 06:25:26', 143, 63, 100, 'errores', 0),
(183, '2019-01-23 06:25:26', '2019-01-23 06:25:26', 143, 4, 100, 'errores', 0),
(184, '2019-01-23 06:25:26', '2019-01-23 06:25:26', 143, 71, 100, 'errores', 0),
(185, '2019-01-23 06:25:26', '2019-01-23 06:25:26', 143, 14, 110, 'total_tantos', 0),
(186, '2019-01-23 06:25:26', '2019-01-23 06:25:26', 143, 63, 110, 'total_tantos', 0),
(187, '2019-01-23 06:25:26', '2019-01-23 06:25:26', 143, 4, 110, 'total_tantos', 0),
(188, '2019-01-23 06:25:26', '2019-01-23 06:25:26', 143, 71, 110, 'total_tantos', 0),
(189, '2019-01-23 06:25:26', '2019-01-23 06:25:26', 143, 14, 120, 'total_fallos', 0),
(190, '2019-01-23 06:25:26', '2019-01-23 06:25:26', 143, 63, 120, 'total_fallos', 0),
(191, '2019-01-23 06:25:26', '2019-01-23 06:25:26', 143, 4, 120, 'total_fallos', 0),
(192, '2019-01-23 06:25:26', '2019-01-23 06:25:26', 143, 71, 120, 'total_fallos', 0),
(193, '2019-01-23 06:27:04', '2019-01-23 06:27:04', 144, 53, 10, 'saque', 0),
(194, '2019-01-23 06:27:04', '2019-01-23 06:27:04', 144, 72, 10, 'saque', 0),
(195, '2019-01-23 06:27:04', '2019-01-23 06:27:04', 144, 77, 10, 'saque', 0),
(196, '2019-01-23 06:27:04', '2019-01-23 06:27:04', 144, 57, 10, 'saque', 0),
(197, '2019-01-23 06:27:04', '2019-01-23 06:27:04', 144, 53, 20, 'dos_paredes', 0),
(198, '2019-01-23 06:27:04', '2019-01-23 06:27:04', 144, 72, 20, 'dos_paredes', 0),
(199, '2019-01-23 06:27:04', '2019-01-23 06:27:04', 144, 77, 20, 'dos_paredes', 0),
(200, '2019-01-23 06:27:04', '2019-01-23 06:27:04', 144, 57, 20, 'dos_paredes', 0),
(201, '2019-01-23 06:27:04', '2019-01-23 06:27:04', 144, 53, 30, 'dejada', 0),
(202, '2019-01-23 06:27:04', '2019-01-23 06:27:04', 144, 72, 30, 'dejada', 0),
(203, '2019-01-23 06:27:04', '2019-01-23 06:27:04', 144, 77, 30, 'dejada', 0),
(204, '2019-01-23 06:27:04', '2019-01-23 06:27:04', 144, 57, 30, 'dejada', 0),
(205, '2019-01-23 06:27:04', '2019-01-23 06:27:04', 144, 53, 40, 'aire', 0),
(206, '2019-01-23 06:27:04', '2019-01-23 06:27:04', 144, 72, 40, 'aire', 0),
(207, '2019-01-23 06:27:04', '2019-01-23 06:27:04', 144, 77, 40, 'aire', 0),
(208, '2019-01-23 06:27:04', '2019-01-23 06:27:04', 144, 57, 40, 'aire', 0),
(209, '2019-01-23 06:27:04', '2019-01-23 06:27:04', 144, 53, 50, 'bote', 0),
(210, '2019-01-23 06:27:04', '2019-01-23 06:27:04', 144, 72, 50, 'bote', 0),
(211, '2019-01-23 06:27:04', '2019-01-23 06:27:04', 144, 77, 50, 'bote', 0),
(212, '2019-01-23 06:27:04', '2019-01-23 06:27:04', 144, 57, 50, 'bote', 0),
(213, '2019-01-23 06:27:04', '2019-01-23 06:27:04', 144, 53, 60, 'cortadas', 0),
(214, '2019-01-23 06:27:04', '2019-01-23 06:27:04', 144, 72, 60, 'cortadas', 0),
(215, '2019-01-23 06:27:04', '2019-01-23 06:27:04', 144, 77, 60, 'cortadas', 0),
(216, '2019-01-23 06:27:04', '2019-01-23 06:27:04', 144, 57, 60, 'cortadas', 0),
(217, '2019-01-23 06:27:04', '2019-01-23 06:27:04', 144, 53, 70, 'escapadas', 0),
(218, '2019-01-23 06:27:04', '2019-01-23 06:27:04', 144, 72, 70, 'escapadas', 0),
(219, '2019-01-23 06:27:04', '2019-01-23 06:27:04', 144, 77, 70, 'escapadas', 0),
(220, '2019-01-23 06:27:04', '2019-01-23 06:27:04', 144, 57, 70, 'escapadas', 0),
(221, '2019-01-23 06:27:04', '2019-01-23 06:27:04', 144, 53, 80, 'atras', 0),
(222, '2019-01-23 06:27:04', '2019-01-23 06:27:04', 144, 72, 80, 'atras', 0),
(223, '2019-01-23 06:27:04', '2019-01-23 06:27:04', 144, 77, 80, 'atras', 0),
(224, '2019-01-23 06:27:04', '2019-01-23 06:27:04', 144, 57, 80, 'atras', 0),
(225, '2019-01-23 06:27:04', '2019-01-23 06:27:04', 144, 53, 90, 'falta_saque', 0),
(226, '2019-01-23 06:27:04', '2019-01-23 06:27:04', 144, 72, 90, 'falta_saque', 0),
(227, '2019-01-23 06:27:04', '2019-01-23 06:27:04', 144, 77, 90, 'falta_saque', 0),
(228, '2019-01-23 06:27:04', '2019-01-23 06:27:04', 144, 57, 90, 'falta_saque', 0),
(229, '2019-01-23 06:27:04', '2019-01-23 06:27:04', 144, 53, 100, 'errores', 0),
(230, '2019-01-23 06:27:04', '2019-01-23 06:27:04', 144, 72, 100, 'errores', 0),
(231, '2019-01-23 06:27:04', '2019-01-23 06:27:04', 144, 77, 100, 'errores', 0),
(232, '2019-01-23 06:27:04', '2019-01-23 06:27:04', 144, 57, 100, 'errores', 0),
(233, '2019-01-23 06:27:04', '2019-01-23 06:27:04', 144, 53, 110, 'total_tantos', 0),
(234, '2019-01-23 06:27:04', '2019-01-23 06:27:04', 144, 72, 110, 'total_tantos', 0),
(235, '2019-01-23 06:27:04', '2019-01-23 06:27:04', 144, 77, 110, 'total_tantos', 0),
(236, '2019-01-23 06:27:04', '2019-01-23 06:27:04', 144, 57, 110, 'total_tantos', 0),
(237, '2019-01-23 06:27:04', '2019-01-23 06:27:04', 144, 53, 120, 'total_fallos', 0),
(238, '2019-01-23 06:27:04', '2019-01-23 06:27:04', 144, 72, 120, 'total_fallos', 0),
(239, '2019-01-23 06:27:04', '2019-01-23 06:27:04', 144, 77, 120, 'total_fallos', 0),
(240, '2019-01-23 06:27:04', '2019-01-23 06:27:04', 144, 57, 120, 'total_fallos', 0),
(241, '2019-01-23 06:27:29', '2019-01-23 06:27:29', 145, 73, 10, 'saque', 0),
(242, '2019-01-23 06:27:29', '2019-01-23 06:27:29', 145, 42, 10, 'saque', 0),
(243, '2019-01-23 06:27:29', '2019-01-23 06:27:29', 145, 3, 10, 'saque', 0),
(244, '2019-01-23 06:27:29', '2019-01-23 06:27:29', 145, 19, 10, 'saque', 0),
(245, '2019-01-23 06:27:29', '2019-01-23 06:27:29', 145, 73, 20, 'dos_paredes', 0),
(246, '2019-01-23 06:27:29', '2019-01-23 06:27:29', 145, 42, 20, 'dos_paredes', 0),
(247, '2019-01-23 06:27:29', '2019-01-23 06:27:29', 145, 3, 20, 'dos_paredes', 0),
(248, '2019-01-23 06:27:29', '2019-01-23 06:27:29', 145, 19, 20, 'dos_paredes', 0),
(249, '2019-01-23 06:27:29', '2019-01-23 06:27:29', 145, 73, 30, 'dejada', 0),
(250, '2019-01-23 06:27:29', '2019-01-23 06:27:29', 145, 42, 30, 'dejada', 0),
(251, '2019-01-23 06:27:29', '2019-01-23 06:27:29', 145, 3, 30, 'dejada', 0),
(252, '2019-01-23 06:27:29', '2019-01-23 06:27:29', 145, 19, 30, 'dejada', 0),
(253, '2019-01-23 06:27:29', '2019-01-23 06:27:29', 145, 73, 40, 'aire', 0),
(254, '2019-01-23 06:27:29', '2019-01-23 06:27:29', 145, 42, 40, 'aire', 0),
(255, '2019-01-23 06:27:29', '2019-01-23 06:27:29', 145, 3, 40, 'aire', 0),
(256, '2019-01-23 06:27:29', '2019-01-23 06:27:29', 145, 19, 40, 'aire', 0),
(257, '2019-01-23 06:27:29', '2019-01-23 06:27:29', 145, 73, 50, 'bote', 0),
(258, '2019-01-23 06:27:29', '2019-01-23 06:27:29', 145, 42, 50, 'bote', 0),
(259, '2019-01-23 06:27:29', '2019-01-23 06:27:29', 145, 3, 50, 'bote', 0),
(260, '2019-01-23 06:27:29', '2019-01-23 06:27:29', 145, 19, 50, 'bote', 0),
(261, '2019-01-23 06:27:29', '2019-01-23 06:27:29', 145, 73, 60, 'cortadas', 0),
(262, '2019-01-23 06:27:29', '2019-01-23 06:27:29', 145, 42, 60, 'cortadas', 0),
(263, '2019-01-23 06:27:29', '2019-01-23 06:27:29', 145, 3, 60, 'cortadas', 0),
(264, '2019-01-23 06:27:29', '2019-01-23 06:27:29', 145, 19, 60, 'cortadas', 0),
(265, '2019-01-23 06:27:29', '2019-01-23 06:27:29', 145, 73, 70, 'escapadas', 0),
(266, '2019-01-23 06:27:29', '2019-01-23 06:27:29', 145, 42, 70, 'escapadas', 0),
(267, '2019-01-23 06:27:29', '2019-01-23 06:27:29', 145, 3, 70, 'escapadas', 0),
(268, '2019-01-23 06:27:29', '2019-01-23 06:27:29', 145, 19, 70, 'escapadas', 0),
(269, '2019-01-23 06:27:29', '2019-01-23 06:27:29', 145, 73, 80, 'atras', 0),
(270, '2019-01-23 06:27:29', '2019-01-23 06:27:29', 145, 42, 80, 'atras', 0),
(271, '2019-01-23 06:27:29', '2019-01-23 06:27:29', 145, 3, 80, 'atras', 0),
(272, '2019-01-23 06:27:29', '2019-01-23 06:27:29', 145, 19, 80, 'atras', 0),
(273, '2019-01-23 06:27:29', '2019-01-23 06:27:29', 145, 73, 90, 'falta_saque', 0),
(274, '2019-01-23 06:27:29', '2019-01-23 06:27:29', 145, 42, 90, 'falta_saque', 0),
(275, '2019-01-23 06:27:29', '2019-01-23 06:27:29', 145, 3, 90, 'falta_saque', 0),
(276, '2019-01-23 06:27:29', '2019-01-23 06:27:29', 145, 19, 90, 'falta_saque', 0),
(277, '2019-01-23 06:27:29', '2019-01-23 06:27:29', 145, 73, 100, 'errores', 0),
(278, '2019-01-23 06:27:29', '2019-01-23 06:27:29', 145, 42, 100, 'errores', 0),
(279, '2019-01-23 06:27:29', '2019-01-23 06:27:29', 145, 3, 100, 'errores', 0),
(280, '2019-01-23 06:27:29', '2019-01-23 06:27:29', 145, 19, 100, 'errores', 0),
(281, '2019-01-23 06:27:29', '2019-01-23 06:27:29', 145, 73, 110, 'total_tantos', 0),
(282, '2019-01-23 06:27:29', '2019-01-23 06:27:29', 145, 42, 110, 'total_tantos', 0),
(283, '2019-01-23 06:27:29', '2019-01-23 06:27:29', 145, 3, 110, 'total_tantos', 0),
(284, '2019-01-23 06:27:29', '2019-01-23 06:27:29', 145, 19, 110, 'total_tantos', 0),
(285, '2019-01-23 06:27:29', '2019-01-23 06:27:29', 145, 73, 120, 'total_fallos', 0),
(286, '2019-01-23 06:27:29', '2019-01-23 06:27:29', 145, 42, 120, 'total_fallos', 0),
(287, '2019-01-23 06:27:29', '2019-01-23 06:27:29', 145, 3, 120, 'total_fallos', 0),
(288, '2019-01-23 06:27:29', '2019-01-23 06:27:29', 145, 19, 120, 'total_fallos', 0),
(289, '2019-01-23 06:35:02', '2019-01-23 06:35:02', 146, 22, 10, 'saque', 0),
(290, '2019-01-23 06:35:02', '2019-01-23 06:35:02', 146, 10, 10, 'saque', 0),
(291, '2019-01-23 06:35:02', '2019-01-23 06:35:02', 146, 25, 10, 'saque', 0),
(292, '2019-01-23 06:35:02', '2019-01-23 06:35:02', 146, 27, 10, 'saque', 0),
(293, '2019-01-23 06:35:02', '2019-01-23 06:35:02', 146, 22, 20, 'dos_paredes', 0),
(294, '2019-01-23 06:35:02', '2019-01-23 06:35:02', 146, 10, 20, 'dos_paredes', 0),
(295, '2019-01-23 06:35:02', '2019-01-23 06:35:02', 146, 25, 20, 'dos_paredes', 0),
(296, '2019-01-23 06:35:02', '2019-01-23 06:35:02', 146, 27, 20, 'dos_paredes', 0),
(297, '2019-01-23 06:35:02', '2019-01-23 06:35:02', 146, 22, 30, 'dejada', 0),
(298, '2019-01-23 06:35:02', '2019-01-23 06:35:02', 146, 10, 30, 'dejada', 0),
(299, '2019-01-23 06:35:02', '2019-01-23 06:35:02', 146, 25, 30, 'dejada', 0),
(300, '2019-01-23 06:35:02', '2019-01-23 06:35:02', 146, 27, 30, 'dejada', 0),
(301, '2019-01-23 06:35:02', '2019-01-23 06:35:02', 146, 22, 40, 'aire', 0),
(302, '2019-01-23 06:35:02', '2019-01-23 06:35:02', 146, 10, 40, 'aire', 0),
(303, '2019-01-23 06:35:02', '2019-01-23 06:35:02', 146, 25, 40, 'aire', 0),
(304, '2019-01-23 06:35:02', '2019-01-23 06:35:02', 146, 27, 40, 'aire', 0),
(305, '2019-01-23 06:35:02', '2019-01-23 06:35:02', 146, 22, 50, 'bote', 0),
(306, '2019-01-23 06:35:02', '2019-01-23 06:35:02', 146, 10, 50, 'bote', 0),
(307, '2019-01-23 06:35:02', '2019-01-23 06:35:02', 146, 25, 50, 'bote', 0),
(308, '2019-01-23 06:35:02', '2019-01-23 06:35:02', 146, 27, 50, 'bote', 0),
(309, '2019-01-23 06:35:02', '2019-01-23 06:35:02', 146, 22, 60, 'cortadas', 0),
(310, '2019-01-23 06:35:02', '2019-01-23 06:35:02', 146, 10, 60, 'cortadas', 0),
(311, '2019-01-23 06:35:02', '2019-01-23 06:35:02', 146, 25, 60, 'cortadas', 0),
(312, '2019-01-23 06:35:02', '2019-01-23 06:35:02', 146, 27, 60, 'cortadas', 0),
(313, '2019-01-23 06:35:02', '2019-01-23 06:35:02', 146, 22, 70, 'escapadas', 0),
(314, '2019-01-23 06:35:02', '2019-01-23 06:35:02', 146, 10, 70, 'escapadas', 0),
(315, '2019-01-23 06:35:02', '2019-01-23 06:35:02', 146, 25, 70, 'escapadas', 0),
(316, '2019-01-23 06:35:02', '2019-01-23 06:35:02', 146, 27, 70, 'escapadas', 0),
(317, '2019-01-23 06:35:02', '2019-01-23 06:35:02', 146, 22, 80, 'atras', 0),
(318, '2019-01-23 06:35:02', '2019-01-23 06:35:02', 146, 10, 80, 'atras', 0),
(319, '2019-01-23 06:35:02', '2019-01-23 06:35:02', 146, 25, 80, 'atras', 0),
(320, '2019-01-23 06:35:02', '2019-01-23 06:35:02', 146, 27, 80, 'atras', 0),
(321, '2019-01-23 06:35:02', '2019-01-23 06:35:02', 146, 22, 90, 'falta_saque', 0),
(322, '2019-01-23 06:35:02', '2019-01-23 06:35:02', 146, 10, 90, 'falta_saque', 0),
(323, '2019-01-23 06:35:02', '2019-01-23 06:35:02', 146, 25, 90, 'falta_saque', 0),
(324, '2019-01-23 06:35:02', '2019-01-23 06:35:02', 146, 27, 90, 'falta_saque', 0),
(325, '2019-01-23 06:35:02', '2019-01-23 06:35:02', 146, 22, 100, 'errores', 0),
(326, '2019-01-23 06:35:02', '2019-01-23 06:35:02', 146, 10, 100, 'errores', 0),
(327, '2019-01-23 06:35:02', '2019-01-23 06:35:02', 146, 25, 100, 'errores', 0),
(328, '2019-01-23 06:35:02', '2019-01-23 06:35:02', 146, 27, 100, 'errores', 0),
(329, '2019-01-23 06:35:02', '2019-01-23 06:35:02', 146, 22, 110, 'total_tantos', 0),
(330, '2019-01-23 06:35:02', '2019-01-23 06:35:02', 146, 10, 110, 'total_tantos', 0),
(331, '2019-01-23 06:35:02', '2019-01-23 06:35:02', 146, 25, 110, 'total_tantos', 0),
(332, '2019-01-23 06:35:02', '2019-01-23 06:35:02', 146, 27, 110, 'total_tantos', 0),
(333, '2019-01-23 06:35:02', '2019-01-23 06:35:02', 146, 22, 120, 'total_fallos', 0),
(334, '2019-01-23 06:35:02', '2019-01-23 06:35:02', 146, 10, 120, 'total_fallos', 0),
(335, '2019-01-23 06:35:02', '2019-01-23 06:35:02', 146, 25, 120, 'total_fallos', 0),
(336, '2019-01-23 06:35:02', '2019-01-23 06:35:02', 146, 27, 120, 'total_fallos', 0),
(337, '2019-01-23 06:35:24', '2019-01-23 06:35:24', 149, 6, 10, 'saque', 0),
(338, '2019-01-23 06:35:24', '2019-01-23 06:35:24', 149, 28, 10, 'saque', 0),
(339, '2019-01-23 06:35:24', '2019-01-23 06:35:24', 149, 54, 10, 'saque', 0),
(340, '2019-01-23 06:35:24', '2019-01-23 06:35:24', 149, 67, 10, 'saque', 0),
(341, '2019-01-23 06:35:24', '2019-01-23 06:35:24', 149, 6, 20, 'dos_paredes', 0),
(342, '2019-01-23 06:35:24', '2019-01-23 06:35:24', 149, 28, 20, 'dos_paredes', 0),
(343, '2019-01-23 06:35:24', '2019-01-23 06:35:24', 149, 54, 20, 'dos_paredes', 0),
(344, '2019-01-23 06:35:24', '2019-01-23 06:35:24', 149, 67, 20, 'dos_paredes', 0),
(345, '2019-01-23 06:35:24', '2019-01-23 06:35:24', 149, 6, 30, 'dejada', 0),
(346, '2019-01-23 06:35:24', '2019-01-23 06:35:24', 149, 28, 30, 'dejada', 0),
(347, '2019-01-23 06:35:24', '2019-01-23 06:35:24', 149, 54, 30, 'dejada', 0),
(348, '2019-01-23 06:35:24', '2019-01-23 06:35:24', 149, 67, 30, 'dejada', 0),
(349, '2019-01-23 06:35:24', '2019-01-23 06:35:24', 149, 6, 40, 'aire', 0),
(350, '2019-01-23 06:35:24', '2019-01-23 06:35:24', 149, 28, 40, 'aire', 0),
(351, '2019-01-23 06:35:24', '2019-01-23 06:35:24', 149, 54, 40, 'aire', 0),
(352, '2019-01-23 06:35:24', '2019-01-23 06:35:24', 149, 67, 40, 'aire', 0),
(353, '2019-01-23 06:35:24', '2019-01-23 06:35:24', 149, 6, 50, 'bote', 0),
(354, '2019-01-23 06:35:24', '2019-01-23 06:35:24', 149, 28, 50, 'bote', 0),
(355, '2019-01-23 06:35:24', '2019-01-23 06:35:24', 149, 54, 50, 'bote', 0),
(356, '2019-01-23 06:35:24', '2019-01-23 06:35:24', 149, 67, 50, 'bote', 0),
(357, '2019-01-23 06:35:24', '2019-01-23 06:35:24', 149, 6, 60, 'cortadas', 0),
(358, '2019-01-23 06:35:24', '2019-01-23 06:35:24', 149, 28, 60, 'cortadas', 0),
(359, '2019-01-23 06:35:24', '2019-01-23 06:35:24', 149, 54, 60, 'cortadas', 0),
(360, '2019-01-23 06:35:24', '2019-01-23 06:35:24', 149, 67, 60, 'cortadas', 0),
(361, '2019-01-23 06:35:24', '2019-01-23 06:35:24', 149, 6, 70, 'escapadas', 0),
(362, '2019-01-23 06:35:24', '2019-01-23 06:35:24', 149, 28, 70, 'escapadas', 0),
(363, '2019-01-23 06:35:24', '2019-01-23 06:35:24', 149, 54, 70, 'escapadas', 0),
(364, '2019-01-23 06:35:24', '2019-01-23 06:35:24', 149, 67, 70, 'escapadas', 0),
(365, '2019-01-23 06:35:24', '2019-01-23 06:35:24', 149, 6, 80, 'atras', 0),
(366, '2019-01-23 06:35:24', '2019-01-23 06:35:24', 149, 28, 80, 'atras', 0),
(367, '2019-01-23 06:35:24', '2019-01-23 06:35:24', 149, 54, 80, 'atras', 0),
(368, '2019-01-23 06:35:24', '2019-01-23 06:35:24', 149, 67, 80, 'atras', 0),
(369, '2019-01-23 06:35:24', '2019-01-23 06:35:24', 149, 6, 90, 'falta_saque', 0),
(370, '2019-01-23 06:35:24', '2019-01-23 06:35:24', 149, 28, 90, 'falta_saque', 0),
(371, '2019-01-23 06:35:24', '2019-01-23 06:35:24', 149, 54, 90, 'falta_saque', 0),
(372, '2019-01-23 06:35:24', '2019-01-23 06:35:24', 149, 67, 90, 'falta_saque', 0),
(373, '2019-01-23 06:35:24', '2019-01-23 06:35:24', 149, 6, 100, 'errores', 0),
(374, '2019-01-23 06:35:24', '2019-01-23 06:35:24', 149, 28, 100, 'errores', 0),
(375, '2019-01-23 06:35:24', '2019-01-23 06:35:24', 149, 54, 100, 'errores', 0),
(376, '2019-01-23 06:35:24', '2019-01-23 06:35:24', 149, 67, 100, 'errores', 0),
(377, '2019-01-23 06:35:24', '2019-01-23 06:35:24', 149, 6, 110, 'total_tantos', 0),
(378, '2019-01-23 06:35:24', '2019-01-23 06:35:24', 149, 28, 110, 'total_tantos', 0),
(379, '2019-01-23 06:35:24', '2019-01-23 06:35:24', 149, 54, 110, 'total_tantos', 0),
(380, '2019-01-23 06:35:24', '2019-01-23 06:35:24', 149, 67, 110, 'total_tantos', 0),
(381, '2019-01-23 06:35:24', '2019-01-23 06:35:24', 149, 6, 120, 'total_fallos', 0),
(382, '2019-01-23 06:35:24', '2019-01-23 06:35:24', 149, 28, 120, 'total_fallos', 0),
(383, '2019-01-23 06:35:24', '2019-01-23 06:35:24', 149, 54, 120, 'total_fallos', 0),
(384, '2019-01-23 06:35:24', '2019-01-23 06:35:24', 149, 67, 120, 'total_fallos', 0),
(385, '2019-01-23 06:36:07', '2019-01-23 06:36:07', 147, 44, 10, 'saque', 0),
(386, '2019-01-23 06:36:07', '2019-01-23 06:36:07', 147, 70, 10, 'saque', 0),
(387, '2019-01-23 06:36:07', '2019-01-23 06:36:07', 147, 69, 10, 'saque', 0),
(388, '2019-01-23 06:36:07', '2019-01-23 06:36:07', 147, 46, 10, 'saque', 0),
(389, '2019-01-23 06:36:07', '2019-01-23 06:36:07', 147, 44, 20, 'dos_paredes', 0),
(390, '2019-01-23 06:36:07', '2019-01-23 06:36:07', 147, 70, 20, 'dos_paredes', 0),
(391, '2019-01-23 06:36:07', '2019-01-23 06:36:07', 147, 69, 20, 'dos_paredes', 0),
(392, '2019-01-23 06:36:07', '2019-01-23 06:36:07', 147, 46, 20, 'dos_paredes', 0),
(393, '2019-01-23 06:36:07', '2019-01-23 06:36:07', 147, 44, 30, 'dejada', 0),
(394, '2019-01-23 06:36:07', '2019-01-23 06:36:07', 147, 70, 30, 'dejada', 0),
(395, '2019-01-23 06:36:07', '2019-01-23 06:36:07', 147, 69, 30, 'dejada', 0),
(396, '2019-01-23 06:36:07', '2019-01-23 06:36:07', 147, 46, 30, 'dejada', 0),
(397, '2019-01-23 06:36:07', '2019-01-23 06:36:07', 147, 44, 40, 'aire', 0),
(398, '2019-01-23 06:36:07', '2019-01-23 06:36:07', 147, 70, 40, 'aire', 0),
(399, '2019-01-23 06:36:07', '2019-01-23 06:36:07', 147, 69, 40, 'aire', 0),
(400, '2019-01-23 06:36:07', '2019-01-23 06:36:07', 147, 46, 40, 'aire', 0),
(401, '2019-01-23 06:36:07', '2019-01-23 06:36:07', 147, 44, 50, 'bote', 0),
(402, '2019-01-23 06:36:07', '2019-01-23 06:36:07', 147, 70, 50, 'bote', 0),
(403, '2019-01-23 06:36:07', '2019-01-23 06:36:07', 147, 69, 50, 'bote', 0),
(404, '2019-01-23 06:36:07', '2019-01-23 06:36:07', 147, 46, 50, 'bote', 0),
(405, '2019-01-23 06:36:07', '2019-01-23 06:36:07', 147, 44, 60, 'cortadas', 0),
(406, '2019-01-23 06:36:07', '2019-01-23 06:36:07', 147, 70, 60, 'cortadas', 0),
(407, '2019-01-23 06:36:07', '2019-01-23 06:36:07', 147, 69, 60, 'cortadas', 0),
(408, '2019-01-23 06:36:07', '2019-01-23 06:36:07', 147, 46, 60, 'cortadas', 0),
(409, '2019-01-23 06:36:07', '2019-01-23 06:36:07', 147, 44, 70, 'escapadas', 0),
(410, '2019-01-23 06:36:07', '2019-01-23 06:36:07', 147, 70, 70, 'escapadas', 0),
(411, '2019-01-23 06:36:07', '2019-01-23 06:36:07', 147, 69, 70, 'escapadas', 0),
(412, '2019-01-23 06:36:07', '2019-01-23 06:36:07', 147, 46, 70, 'escapadas', 0),
(413, '2019-01-23 06:36:07', '2019-01-23 06:36:07', 147, 44, 80, 'atras', 0),
(414, '2019-01-23 06:36:07', '2019-01-23 06:36:07', 147, 70, 80, 'atras', 0),
(415, '2019-01-23 06:36:07', '2019-01-23 06:36:07', 147, 69, 80, 'atras', 0),
(416, '2019-01-23 06:36:07', '2019-01-23 06:36:07', 147, 46, 80, 'atras', 0),
(417, '2019-01-23 06:36:07', '2019-01-23 06:36:07', 147, 44, 90, 'falta_saque', 0),
(418, '2019-01-23 06:36:07', '2019-01-23 06:36:07', 147, 70, 90, 'falta_saque', 0),
(419, '2019-01-23 06:36:07', '2019-01-23 06:36:07', 147, 69, 90, 'falta_saque', 0),
(420, '2019-01-23 06:36:07', '2019-01-23 06:36:07', 147, 46, 90, 'falta_saque', 0),
(421, '2019-01-23 06:36:07', '2019-01-23 06:36:07', 147, 44, 100, 'errores', 0),
(422, '2019-01-23 06:36:07', '2019-01-23 06:36:07', 147, 70, 100, 'errores', 0),
(423, '2019-01-23 06:36:07', '2019-01-23 06:36:07', 147, 69, 100, 'errores', 0),
(424, '2019-01-23 06:36:07', '2019-01-23 06:36:07', 147, 46, 100, 'errores', 0),
(425, '2019-01-23 06:36:07', '2019-01-23 06:36:07', 147, 44, 110, 'total_tantos', 0),
(426, '2019-01-23 06:36:07', '2019-01-23 06:36:07', 147, 70, 110, 'total_tantos', 0),
(427, '2019-01-23 06:36:07', '2019-01-23 06:36:07', 147, 69, 110, 'total_tantos', 0),
(428, '2019-01-23 06:36:07', '2019-01-23 06:36:07', 147, 46, 110, 'total_tantos', 0),
(429, '2019-01-23 06:36:07', '2019-01-23 06:36:07', 147, 44, 120, 'total_fallos', 0),
(430, '2019-01-23 06:36:07', '2019-01-23 06:36:07', 147, 70, 120, 'total_fallos', 0),
(431, '2019-01-23 06:36:07', '2019-01-23 06:36:07', 147, 69, 120, 'total_fallos', 0),
(432, '2019-01-23 06:36:07', '2019-01-23 06:36:07', 147, 46, 120, 'total_fallos', 0),
(433, '2019-01-23 06:36:44', '2019-01-23 06:36:44', 148, 1, 10, 'saque', 0),
(434, '2019-01-23 06:36:44', '2019-01-23 06:36:44', 148, 12, 10, 'saque', 0),
(435, '2019-01-23 06:36:44', '2019-01-23 06:36:44', 148, 56, 10, 'saque', 0),
(436, '2019-01-23 06:36:44', '2019-01-23 06:36:44', 148, 62, 10, 'saque', 0),
(437, '2019-01-23 06:36:44', '2019-01-23 06:36:44', 148, 1, 20, 'dos_paredes', 0),
(438, '2019-01-23 06:36:44', '2019-01-23 06:36:44', 148, 12, 20, 'dos_paredes', 0),
(439, '2019-01-23 06:36:44', '2019-01-23 06:36:44', 148, 56, 20, 'dos_paredes', 0),
(440, '2019-01-23 06:36:44', '2019-01-23 06:36:44', 148, 62, 20, 'dos_paredes', 0),
(441, '2019-01-23 06:36:44', '2019-01-23 06:36:44', 148, 1, 30, 'dejada', 0),
(442, '2019-01-23 06:36:44', '2019-01-23 06:36:44', 148, 12, 30, 'dejada', 0),
(443, '2019-01-23 06:36:44', '2019-01-23 06:36:44', 148, 56, 30, 'dejada', 0),
(444, '2019-01-23 06:36:44', '2019-01-23 06:36:44', 148, 62, 30, 'dejada', 0),
(445, '2019-01-23 06:36:44', '2019-01-23 06:36:44', 148, 1, 40, 'aire', 0),
(446, '2019-01-23 06:36:44', '2019-01-23 06:36:44', 148, 12, 40, 'aire', 0),
(447, '2019-01-23 06:36:44', '2019-01-23 06:36:44', 148, 56, 40, 'aire', 0),
(448, '2019-01-23 06:36:44', '2019-01-23 06:36:44', 148, 62, 40, 'aire', 0),
(449, '2019-01-23 06:36:44', '2019-01-23 06:36:44', 148, 1, 50, 'bote', 0),
(450, '2019-01-23 06:36:44', '2019-01-23 06:36:44', 148, 12, 50, 'bote', 0),
(451, '2019-01-23 06:36:44', '2019-01-23 06:36:44', 148, 56, 50, 'bote', 0),
(452, '2019-01-23 06:36:44', '2019-01-23 06:36:44', 148, 62, 50, 'bote', 0),
(453, '2019-01-23 06:36:44', '2019-01-23 06:36:44', 148, 1, 60, 'cortadas', 0),
(454, '2019-01-23 06:36:44', '2019-01-23 06:36:44', 148, 12, 60, 'cortadas', 0),
(455, '2019-01-23 06:36:44', '2019-01-23 06:36:44', 148, 56, 60, 'cortadas', 0),
(456, '2019-01-23 06:36:44', '2019-01-23 06:36:44', 148, 62, 60, 'cortadas', 0),
(457, '2019-01-23 06:36:44', '2019-01-23 06:36:44', 148, 1, 70, 'escapadas', 0),
(458, '2019-01-23 06:36:44', '2019-01-23 06:36:44', 148, 12, 70, 'escapadas', 0),
(459, '2019-01-23 06:36:44', '2019-01-23 06:36:44', 148, 56, 70, 'escapadas', 0),
(460, '2019-01-23 06:36:44', '2019-01-23 06:36:44', 148, 62, 70, 'escapadas', 0),
(461, '2019-01-23 06:36:44', '2019-01-23 06:36:44', 148, 1, 80, 'atras', 0),
(462, '2019-01-23 06:36:44', '2019-01-23 06:36:44', 148, 12, 80, 'atras', 0),
(463, '2019-01-23 06:36:44', '2019-01-23 06:36:44', 148, 56, 80, 'atras', 0),
(464, '2019-01-23 06:36:44', '2019-01-23 06:36:44', 148, 62, 80, 'atras', 0),
(465, '2019-01-23 06:36:44', '2019-01-23 06:36:44', 148, 1, 90, 'falta_saque', 0),
(466, '2019-01-23 06:36:44', '2019-01-23 06:36:44', 148, 12, 90, 'falta_saque', 0),
(467, '2019-01-23 06:36:44', '2019-01-23 06:36:44', 148, 56, 90, 'falta_saque', 0),
(468, '2019-01-23 06:36:44', '2019-01-23 06:36:44', 148, 62, 90, 'falta_saque', 0),
(469, '2019-01-23 06:36:44', '2019-01-23 06:36:44', 148, 1, 100, 'errores', 0),
(470, '2019-01-23 06:36:44', '2019-01-23 06:36:44', 148, 12, 100, 'errores', 0),
(471, '2019-01-23 06:36:44', '2019-01-23 06:36:44', 148, 56, 100, 'errores', 0),
(472, '2019-01-23 06:36:44', '2019-01-23 06:36:44', 148, 62, 100, 'errores', 0),
(473, '2019-01-23 06:36:44', '2019-01-23 06:36:44', 148, 1, 110, 'total_tantos', 0),
(474, '2019-01-23 06:36:44', '2019-01-23 06:36:44', 148, 12, 110, 'total_tantos', 0),
(475, '2019-01-23 06:36:44', '2019-01-23 06:36:44', 148, 56, 110, 'total_tantos', 0),
(476, '2019-01-23 06:36:44', '2019-01-23 06:36:44', 148, 62, 110, 'total_tantos', 0),
(477, '2019-01-23 06:36:44', '2019-01-23 06:36:44', 148, 1, 120, 'total_fallos', 0),
(478, '2019-01-23 06:36:44', '2019-01-23 06:36:44', 148, 12, 120, 'total_fallos', 0),
(479, '2019-01-23 06:36:44', '2019-01-23 06:36:44', 148, 56, 120, 'total_fallos', 0),
(480, '2019-01-23 06:36:44', '2019-01-23 06:36:44', 148, 62, 120, 'total_fallos', 0),
(481, '2019-01-23 06:38:06', '2019-01-23 06:38:06', 150, 18, 10, 'saque', 0),
(482, '2019-01-23 06:38:06', '2019-01-23 06:38:06', 150, 5, 10, 'saque', 0),
(483, '2019-01-23 06:38:06', '2019-01-23 06:38:06', 150, 9, 10, 'saque', 0),
(484, '2019-01-23 06:38:06', '2019-01-23 06:38:06', 150, 29, 10, 'saque', 0),
(485, '2019-01-23 06:38:06', '2019-01-23 06:38:06', 150, 18, 20, 'dos_paredes', 0),
(486, '2019-01-23 06:38:06', '2019-01-23 06:38:06', 150, 5, 20, 'dos_paredes', 0),
(487, '2019-01-23 06:38:06', '2019-01-23 06:38:06', 150, 9, 20, 'dos_paredes', 0),
(488, '2019-01-23 06:38:06', '2019-01-23 06:38:06', 150, 29, 20, 'dos_paredes', 0),
(489, '2019-01-23 06:38:06', '2019-01-23 06:38:06', 150, 18, 30, 'dejada', 0),
(490, '2019-01-23 06:38:06', '2019-01-23 06:38:06', 150, 5, 30, 'dejada', 0),
(491, '2019-01-23 06:38:06', '2019-01-23 06:38:06', 150, 9, 30, 'dejada', 0),
(492, '2019-01-23 06:38:06', '2019-01-23 06:38:06', 150, 29, 30, 'dejada', 0),
(493, '2019-01-23 06:38:06', '2019-01-23 06:38:06', 150, 18, 40, 'aire', 0),
(494, '2019-01-23 06:38:06', '2019-01-23 06:38:06', 150, 5, 40, 'aire', 0),
(495, '2019-01-23 06:38:06', '2019-01-23 06:38:06', 150, 9, 40, 'aire', 0),
(496, '2019-01-23 06:38:06', '2019-01-23 06:38:06', 150, 29, 40, 'aire', 0),
(497, '2019-01-23 06:38:06', '2019-01-23 06:38:06', 150, 18, 50, 'bote', 0),
(498, '2019-01-23 06:38:06', '2019-01-23 06:38:06', 150, 5, 50, 'bote', 0),
(499, '2019-01-23 06:38:06', '2019-01-23 06:38:06', 150, 9, 50, 'bote', 0),
(500, '2019-01-23 06:38:06', '2019-01-23 06:38:06', 150, 29, 50, 'bote', 0),
(501, '2019-01-23 06:38:06', '2019-01-23 06:38:06', 150, 18, 60, 'cortadas', 0),
(502, '2019-01-23 06:38:06', '2019-01-23 06:38:06', 150, 5, 60, 'cortadas', 0),
(503, '2019-01-23 06:38:06', '2019-01-23 06:38:06', 150, 9, 60, 'cortadas', 0),
(504, '2019-01-23 06:38:06', '2019-01-23 06:38:06', 150, 29, 60, 'cortadas', 0),
(505, '2019-01-23 06:38:06', '2019-01-23 06:38:06', 150, 18, 70, 'escapadas', 0),
(506, '2019-01-23 06:38:06', '2019-01-23 06:38:06', 150, 5, 70, 'escapadas', 0),
(507, '2019-01-23 06:38:06', '2019-01-23 06:38:06', 150, 9, 70, 'escapadas', 0),
(508, '2019-01-23 06:38:06', '2019-01-23 06:38:06', 150, 29, 70, 'escapadas', 0),
(509, '2019-01-23 06:38:06', '2019-01-23 06:38:06', 150, 18, 80, 'atras', 0),
(510, '2019-01-23 06:38:06', '2019-01-23 06:38:06', 150, 5, 80, 'atras', 0),
(511, '2019-01-23 06:38:06', '2019-01-23 06:38:06', 150, 9, 80, 'atras', 0),
(512, '2019-01-23 06:38:06', '2019-01-23 06:38:06', 150, 29, 80, 'atras', 0),
(513, '2019-01-23 06:38:06', '2019-01-23 06:38:06', 150, 18, 90, 'falta_saque', 0),
(514, '2019-01-23 06:38:06', '2019-01-23 06:38:06', 150, 5, 90, 'falta_saque', 0),
(515, '2019-01-23 06:38:06', '2019-01-23 06:38:06', 150, 9, 90, 'falta_saque', 0),
(516, '2019-01-23 06:38:06', '2019-01-23 06:38:06', 150, 29, 90, 'falta_saque', 0),
(517, '2019-01-23 06:38:06', '2019-01-23 06:38:06', 150, 18, 100, 'errores', 0),
(518, '2019-01-23 06:38:06', '2019-01-23 06:38:06', 150, 5, 100, 'errores', 0),
(519, '2019-01-23 06:38:06', '2019-01-23 06:38:06', 150, 9, 100, 'errores', 0),
(520, '2019-01-23 06:38:06', '2019-01-23 06:38:06', 150, 29, 100, 'errores', 0),
(521, '2019-01-23 06:38:06', '2019-01-23 06:38:06', 150, 18, 110, 'total_tantos', 0),
(522, '2019-01-23 06:38:06', '2019-01-23 06:38:06', 150, 5, 110, 'total_tantos', 0),
(523, '2019-01-23 06:38:06', '2019-01-23 06:38:06', 150, 9, 110, 'total_tantos', 0),
(524, '2019-01-23 06:38:06', '2019-01-23 06:38:06', 150, 29, 110, 'total_tantos', 0),
(525, '2019-01-23 06:38:06', '2019-01-23 06:38:06', 150, 18, 120, 'total_fallos', 0),
(526, '2019-01-23 06:38:06', '2019-01-23 06:38:06', 150, 5, 120, 'total_fallos', 0),
(527, '2019-01-23 06:38:06', '2019-01-23 06:38:06', 150, 9, 120, 'total_fallos', 0),
(528, '2019-01-23 06:38:06', '2019-01-23 06:38:06', 150, 29, 120, 'total_fallos', 0),
(529, '2019-01-23 06:38:33', '2019-01-23 06:38:33', 151, 7, 10, 'saque', 0),
(530, '2019-01-23 06:38:33', '2019-01-23 06:38:33', 151, 24, 10, 'saque', 0),
(531, '2019-01-23 06:38:33', '2019-01-23 06:38:33', 151, 68, 10, 'saque', 0),
(532, '2019-01-23 06:38:33', '2019-01-23 06:38:33', 151, 51, 10, 'saque', 0),
(533, '2019-01-23 06:38:33', '2019-01-23 06:38:33', 151, 7, 20, 'dos_paredes', 0),
(534, '2019-01-23 06:38:33', '2019-01-23 06:38:33', 151, 24, 20, 'dos_paredes', 0),
(535, '2019-01-23 06:38:33', '2019-01-23 06:38:33', 151, 68, 20, 'dos_paredes', 0),
(536, '2019-01-23 06:38:33', '2019-01-23 06:38:33', 151, 51, 20, 'dos_paredes', 0),
(537, '2019-01-23 06:38:33', '2019-01-23 06:38:33', 151, 7, 30, 'dejada', 0),
(538, '2019-01-23 06:38:33', '2019-01-23 06:38:33', 151, 24, 30, 'dejada', 0),
(539, '2019-01-23 06:38:33', '2019-01-23 06:38:33', 151, 68, 30, 'dejada', 0),
(540, '2019-01-23 06:38:33', '2019-01-23 06:38:33', 151, 51, 30, 'dejada', 0),
(541, '2019-01-23 06:38:33', '2019-01-23 06:38:33', 151, 7, 40, 'aire', 0),
(542, '2019-01-23 06:38:33', '2019-01-23 06:38:33', 151, 24, 40, 'aire', 0),
(543, '2019-01-23 06:38:33', '2019-01-23 06:38:33', 151, 68, 40, 'aire', 0),
(544, '2019-01-23 06:38:33', '2019-01-23 06:38:33', 151, 51, 40, 'aire', 0),
(545, '2019-01-23 06:38:33', '2019-01-23 06:38:33', 151, 7, 50, 'bote', 0),
(546, '2019-01-23 06:38:33', '2019-01-23 06:38:33', 151, 24, 50, 'bote', 0),
(547, '2019-01-23 06:38:33', '2019-01-23 06:38:33', 151, 68, 50, 'bote', 0),
(548, '2019-01-23 06:38:33', '2019-01-23 06:38:33', 151, 51, 50, 'bote', 0),
(549, '2019-01-23 06:38:33', '2019-01-23 06:38:33', 151, 7, 60, 'cortadas', 0),
(550, '2019-01-23 06:38:33', '2019-01-23 06:38:33', 151, 24, 60, 'cortadas', 0),
(551, '2019-01-23 06:38:33', '2019-01-23 06:38:33', 151, 68, 60, 'cortadas', 0),
(552, '2019-01-23 06:38:33', '2019-01-23 06:38:33', 151, 51, 60, 'cortadas', 0),
(553, '2019-01-23 06:38:33', '2019-01-23 06:38:33', 151, 7, 70, 'escapadas', 0),
(554, '2019-01-23 06:38:33', '2019-01-23 06:38:33', 151, 24, 70, 'escapadas', 0),
(555, '2019-01-23 06:38:33', '2019-01-23 06:38:33', 151, 68, 70, 'escapadas', 0),
(556, '2019-01-23 06:38:33', '2019-01-23 06:38:33', 151, 51, 70, 'escapadas', 0),
(557, '2019-01-23 06:38:33', '2019-01-23 06:38:33', 151, 7, 80, 'atras', 0),
(558, '2019-01-23 06:38:33', '2019-01-23 06:38:33', 151, 24, 80, 'atras', 0),
(559, '2019-01-23 06:38:33', '2019-01-23 06:38:33', 151, 68, 80, 'atras', 0),
(560, '2019-01-23 06:38:33', '2019-01-23 06:38:33', 151, 51, 80, 'atras', 0),
(561, '2019-01-23 06:38:33', '2019-01-23 06:38:33', 151, 7, 90, 'falta_saque', 0),
(562, '2019-01-23 06:38:33', '2019-01-23 06:38:33', 151, 24, 90, 'falta_saque', 0),
(563, '2019-01-23 06:38:33', '2019-01-23 06:38:33', 151, 68, 90, 'falta_saque', 0),
(564, '2019-01-23 06:38:33', '2019-01-23 06:38:33', 151, 51, 90, 'falta_saque', 0),
(565, '2019-01-23 06:38:33', '2019-01-23 06:38:33', 151, 7, 100, 'errores', 0),
(566, '2019-01-23 06:38:33', '2019-01-23 06:38:33', 151, 24, 100, 'errores', 0),
(567, '2019-01-23 06:38:33', '2019-01-23 06:38:33', 151, 68, 100, 'errores', 0),
(568, '2019-01-23 06:38:33', '2019-01-23 06:38:33', 151, 51, 100, 'errores', 0),
(569, '2019-01-23 06:38:33', '2019-01-23 06:38:33', 151, 7, 110, 'total_tantos', 0),
(570, '2019-01-23 06:38:33', '2019-01-23 06:38:33', 151, 24, 110, 'total_tantos', 0),
(571, '2019-01-23 06:38:33', '2019-01-23 06:38:33', 151, 68, 110, 'total_tantos', 0),
(572, '2019-01-23 06:38:33', '2019-01-23 06:38:33', 151, 51, 110, 'total_tantos', 0),
(573, '2019-01-23 06:38:33', '2019-01-23 06:38:33', 151, 7, 120, 'total_fallos', 0),
(574, '2019-01-23 06:38:33', '2019-01-23 06:38:33', 151, 24, 120, 'total_fallos', 0),
(575, '2019-01-23 06:38:33', '2019-01-23 06:38:33', 151, 68, 120, 'total_fallos', 0),
(576, '2019-01-23 06:38:33', '2019-01-23 06:38:33', 151, 51, 120, 'total_fallos', 0),
(577, '2019-01-23 06:38:54', '2019-01-23 06:38:54', 152, 2, 10, 'saque', 0),
(578, '2019-01-23 06:38:54', '2019-01-23 06:38:54', 152, 20, 10, 'saque', 0),
(579, '2019-01-23 06:38:54', '2019-01-23 06:38:54', 152, 4, 10, 'saque', 0),
(580, '2019-01-23 06:38:54', '2019-01-23 06:38:54', 152, 26, 10, 'saque', 0),
(581, '2019-01-23 06:38:54', '2019-01-23 06:38:54', 152, 2, 20, 'dos_paredes', 0),
(582, '2019-01-23 06:38:54', '2019-01-23 06:38:54', 152, 20, 20, 'dos_paredes', 0),
(583, '2019-01-23 06:38:54', '2019-01-23 06:38:54', 152, 4, 20, 'dos_paredes', 0),
(584, '2019-01-23 06:38:54', '2019-01-23 06:38:54', 152, 26, 20, 'dos_paredes', 0),
(585, '2019-01-23 06:38:54', '2019-01-23 06:38:54', 152, 2, 30, 'dejada', 0),
(586, '2019-01-23 06:38:54', '2019-01-23 06:38:54', 152, 20, 30, 'dejada', 0),
(587, '2019-01-23 06:38:54', '2019-01-23 06:38:54', 152, 4, 30, 'dejada', 0),
(588, '2019-01-23 06:38:54', '2019-01-23 06:38:54', 152, 26, 30, 'dejada', 0),
(589, '2019-01-23 06:38:54', '2019-01-23 06:38:54', 152, 2, 40, 'aire', 0),
(590, '2019-01-23 06:38:54', '2019-01-23 06:38:54', 152, 20, 40, 'aire', 0),
(591, '2019-01-23 06:38:54', '2019-01-23 06:38:54', 152, 4, 40, 'aire', 0),
(592, '2019-01-23 06:38:54', '2019-01-23 06:38:54', 152, 26, 40, 'aire', 0),
(593, '2019-01-23 06:38:54', '2019-01-23 06:38:54', 152, 2, 50, 'bote', 0),
(594, '2019-01-23 06:38:54', '2019-01-23 06:38:54', 152, 20, 50, 'bote', 0),
(595, '2019-01-23 06:38:54', '2019-01-23 06:38:54', 152, 4, 50, 'bote', 0),
(596, '2019-01-23 06:38:54', '2019-01-23 06:38:54', 152, 26, 50, 'bote', 0),
(597, '2019-01-23 06:38:54', '2019-01-23 06:38:54', 152, 2, 60, 'cortadas', 0),
(598, '2019-01-23 06:38:54', '2019-01-23 06:38:54', 152, 20, 60, 'cortadas', 0),
(599, '2019-01-23 06:38:54', '2019-01-23 06:38:54', 152, 4, 60, 'cortadas', 0),
(600, '2019-01-23 06:38:54', '2019-01-23 06:38:54', 152, 26, 60, 'cortadas', 0),
(601, '2019-01-23 06:38:54', '2019-01-23 06:38:54', 152, 2, 70, 'escapadas', 0),
(602, '2019-01-23 06:38:54', '2019-01-23 06:38:54', 152, 20, 70, 'escapadas', 0),
(603, '2019-01-23 06:38:54', '2019-01-23 06:38:54', 152, 4, 70, 'escapadas', 0),
(604, '2019-01-23 06:38:54', '2019-01-23 06:38:54', 152, 26, 70, 'escapadas', 0),
(605, '2019-01-23 06:38:54', '2019-01-23 06:38:54', 152, 2, 80, 'atras', 0),
(606, '2019-01-23 06:38:54', '2019-01-23 06:38:54', 152, 20, 80, 'atras', 0),
(607, '2019-01-23 06:38:54', '2019-01-23 06:38:54', 152, 4, 80, 'atras', 0),
(608, '2019-01-23 06:38:54', '2019-01-23 06:38:54', 152, 26, 80, 'atras', 0),
(609, '2019-01-23 06:38:54', '2019-01-23 06:38:54', 152, 2, 90, 'falta_saque', 0),
(610, '2019-01-23 06:38:54', '2019-01-23 06:38:54', 152, 20, 90, 'falta_saque', 0),
(611, '2019-01-23 06:38:54', '2019-01-23 06:38:54', 152, 4, 90, 'falta_saque', 0),
(612, '2019-01-23 06:38:54', '2019-01-23 06:38:54', 152, 26, 90, 'falta_saque', 0),
(613, '2019-01-23 06:38:54', '2019-01-23 06:38:54', 152, 2, 100, 'errores', 0),
(614, '2019-01-23 06:38:54', '2019-01-23 06:38:54', 152, 20, 100, 'errores', 0),
(615, '2019-01-23 06:38:54', '2019-01-23 06:38:54', 152, 4, 100, 'errores', 0),
(616, '2019-01-23 06:38:54', '2019-01-23 06:38:54', 152, 26, 100, 'errores', 0),
(617, '2019-01-23 06:38:54', '2019-01-23 06:38:54', 152, 2, 110, 'total_tantos', 0),
(618, '2019-01-23 06:38:54', '2019-01-23 06:38:54', 152, 20, 110, 'total_tantos', 0),
(619, '2019-01-23 06:38:54', '2019-01-23 06:38:54', 152, 4, 110, 'total_tantos', 0),
(620, '2019-01-23 06:38:54', '2019-01-23 06:38:54', 152, 26, 110, 'total_tantos', 0),
(621, '2019-01-23 06:38:54', '2019-01-23 06:38:54', 152, 2, 120, 'total_fallos', 0),
(622, '2019-01-23 06:38:54', '2019-01-23 06:38:54', 152, 20, 120, 'total_fallos', 0),
(623, '2019-01-23 06:38:54', '2019-01-23 06:38:54', 152, 4, 120, 'total_fallos', 0),
(624, '2019-01-23 06:38:54', '2019-01-23 06:38:54', 152, 26, 120, 'total_fallos', 0),
(625, '2019-01-23 06:39:42', '2019-01-23 06:39:42', 157, 44, 10, 'saque', 0),
(626, '2019-01-23 06:39:42', '2019-01-23 06:39:42', 157, 70, 10, 'saque', 0),
(627, '2019-01-23 06:39:42', '2019-01-23 06:39:42', 157, 77, 10, 'saque', 0),
(628, '2019-01-23 06:39:42', '2019-01-23 06:39:42', 157, 57, 10, 'saque', 0),
(629, '2019-01-23 06:39:42', '2019-01-23 06:39:42', 157, 44, 20, 'dos_paredes', 0),
(630, '2019-01-23 06:39:42', '2019-01-23 06:39:42', 157, 70, 20, 'dos_paredes', 0),
(631, '2019-01-23 06:39:42', '2019-01-23 06:39:42', 157, 77, 20, 'dos_paredes', 0),
(632, '2019-01-23 06:39:42', '2019-01-23 06:39:42', 157, 57, 20, 'dos_paredes', 0),
(633, '2019-01-23 06:39:42', '2019-01-23 06:39:42', 157, 44, 30, 'dejada', 0),
(634, '2019-01-23 06:39:42', '2019-01-23 06:39:42', 157, 70, 30, 'dejada', 0),
(635, '2019-01-23 06:39:42', '2019-01-23 06:39:42', 157, 77, 30, 'dejada', 0),
(636, '2019-01-23 06:39:42', '2019-01-23 06:39:42', 157, 57, 30, 'dejada', 0),
(637, '2019-01-23 06:39:42', '2019-01-23 06:39:42', 157, 44, 40, 'aire', 0),
(638, '2019-01-23 06:39:42', '2019-01-23 06:39:42', 157, 70, 40, 'aire', 0),
(639, '2019-01-23 06:39:42', '2019-01-23 06:39:42', 157, 77, 40, 'aire', 0),
(640, '2019-01-23 06:39:42', '2019-01-23 06:39:42', 157, 57, 40, 'aire', 0),
(641, '2019-01-23 06:39:42', '2019-01-23 06:39:42', 157, 44, 50, 'bote', 0),
(642, '2019-01-23 06:39:42', '2019-01-23 06:39:42', 157, 70, 50, 'bote', 0),
(643, '2019-01-23 06:39:42', '2019-01-23 06:39:42', 157, 77, 50, 'bote', 0),
(644, '2019-01-23 06:39:42', '2019-01-23 06:39:42', 157, 57, 50, 'bote', 0),
(645, '2019-01-23 06:39:42', '2019-01-23 06:39:42', 157, 44, 60, 'cortadas', 0),
(646, '2019-01-23 06:39:42', '2019-01-23 06:39:42', 157, 70, 60, 'cortadas', 0),
(647, '2019-01-23 06:39:42', '2019-01-23 06:39:42', 157, 77, 60, 'cortadas', 0),
(648, '2019-01-23 06:39:42', '2019-01-23 06:39:42', 157, 57, 60, 'cortadas', 0),
(649, '2019-01-23 06:39:42', '2019-01-23 06:39:42', 157, 44, 70, 'escapadas', 0),
(650, '2019-01-23 06:39:42', '2019-01-23 06:39:42', 157, 70, 70, 'escapadas', 0),
(651, '2019-01-23 06:39:42', '2019-01-23 06:39:42', 157, 77, 70, 'escapadas', 0),
(652, '2019-01-23 06:39:42', '2019-01-23 06:39:42', 157, 57, 70, 'escapadas', 0),
(653, '2019-01-23 06:39:42', '2019-01-23 06:39:42', 157, 44, 80, 'atras', 0),
(654, '2019-01-23 06:39:42', '2019-01-23 06:39:42', 157, 70, 80, 'atras', 0),
(655, '2019-01-23 06:39:42', '2019-01-23 06:39:42', 157, 77, 80, 'atras', 0),
(656, '2019-01-23 06:39:42', '2019-01-23 06:39:42', 157, 57, 80, 'atras', 0),
(657, '2019-01-23 06:39:42', '2019-01-23 06:39:42', 157, 44, 90, 'falta_saque', 0),
(658, '2019-01-23 06:39:42', '2019-01-23 06:39:42', 157, 70, 90, 'falta_saque', 0),
(659, '2019-01-23 06:39:42', '2019-01-23 06:39:42', 157, 77, 90, 'falta_saque', 0),
(660, '2019-01-23 06:39:42', '2019-01-23 06:39:42', 157, 57, 90, 'falta_saque', 0),
(661, '2019-01-23 06:39:42', '2019-01-23 06:39:42', 157, 44, 100, 'errores', 0),
(662, '2019-01-23 06:39:42', '2019-01-23 06:39:42', 157, 70, 100, 'errores', 0),
(663, '2019-01-23 06:39:42', '2019-01-23 06:39:42', 157, 77, 100, 'errores', 0),
(664, '2019-01-23 06:39:42', '2019-01-23 06:39:42', 157, 57, 100, 'errores', 0),
(665, '2019-01-23 06:39:42', '2019-01-23 06:39:42', 157, 44, 110, 'total_tantos', 0),
(666, '2019-01-23 06:39:42', '2019-01-23 06:39:42', 157, 70, 110, 'total_tantos', 0),
(667, '2019-01-23 06:39:42', '2019-01-23 06:39:42', 157, 77, 110, 'total_tantos', 0),
(668, '2019-01-23 06:39:42', '2019-01-23 06:39:42', 157, 57, 110, 'total_tantos', 0),
(669, '2019-01-23 06:39:42', '2019-01-23 06:39:42', 157, 44, 120, 'total_fallos', 0),
(670, '2019-01-23 06:39:42', '2019-01-23 06:39:42', 157, 70, 120, 'total_fallos', 0),
(671, '2019-01-23 06:39:42', '2019-01-23 06:39:42', 157, 77, 120, 'total_fallos', 0),
(672, '2019-01-23 06:39:42', '2019-01-23 06:39:42', 157, 57, 120, 'total_fallos', 0),
(673, '2019-01-23 06:40:06', '2019-01-23 06:40:06', 163, 56, 10, 'saque', 0),
(674, '2019-01-23 06:40:06', '2019-01-23 06:40:06', 163, 62, 10, 'saque', 0),
(675, '2019-01-23 06:40:06', '2019-01-23 06:40:06', 163, 54, 10, 'saque', 0),
(676, '2019-01-23 06:40:06', '2019-01-23 06:40:06', 163, 67, 10, 'saque', 0),
(677, '2019-01-23 06:40:06', '2019-01-23 06:40:06', 163, 56, 20, 'dos_paredes', 0),
(678, '2019-01-23 06:40:06', '2019-01-23 06:40:06', 163, 62, 20, 'dos_paredes', 0),
(679, '2019-01-23 06:40:06', '2019-01-23 06:40:06', 163, 54, 20, 'dos_paredes', 0),
(680, '2019-01-23 06:40:06', '2019-01-23 06:40:06', 163, 67, 20, 'dos_paredes', 0);
INSERT INTO `festival_partido_tanteo` (`id`, `created_at`, `updated_at`, `festival_partido_id`, `pelotari_id`, `tanteo_order`, `tanteo_desc`, `tanteo`) VALUES
(681, '2019-01-23 06:40:06', '2019-01-23 06:40:06', 163, 56, 30, 'dejada', 0),
(682, '2019-01-23 06:40:06', '2019-01-23 06:40:06', 163, 62, 30, 'dejada', 0),
(683, '2019-01-23 06:40:06', '2019-01-23 06:40:06', 163, 54, 30, 'dejada', 0),
(684, '2019-01-23 06:40:06', '2019-01-23 06:40:06', 163, 67, 30, 'dejada', 0),
(685, '2019-01-23 06:40:06', '2019-01-23 06:40:06', 163, 56, 40, 'aire', 0),
(686, '2019-01-23 06:40:06', '2019-01-23 06:40:06', 163, 62, 40, 'aire', 0),
(687, '2019-01-23 06:40:06', '2019-01-23 06:40:06', 163, 54, 40, 'aire', 0),
(688, '2019-01-23 06:40:06', '2019-01-23 06:40:06', 163, 67, 40, 'aire', 0),
(689, '2019-01-23 06:40:06', '2019-01-23 06:40:06', 163, 56, 50, 'bote', 0),
(690, '2019-01-23 06:40:06', '2019-01-23 06:40:06', 163, 62, 50, 'bote', 0),
(691, '2019-01-23 06:40:06', '2019-01-23 06:40:06', 163, 54, 50, 'bote', 0),
(692, '2019-01-23 06:40:06', '2019-01-23 06:40:06', 163, 67, 50, 'bote', 0),
(693, '2019-01-23 06:40:06', '2019-01-23 06:40:06', 163, 56, 60, 'cortadas', 0),
(694, '2019-01-23 06:40:06', '2019-01-23 06:40:06', 163, 62, 60, 'cortadas', 0),
(695, '2019-01-23 06:40:06', '2019-01-23 06:40:06', 163, 54, 60, 'cortadas', 0),
(696, '2019-01-23 06:40:06', '2019-01-23 06:40:06', 163, 67, 60, 'cortadas', 0),
(697, '2019-01-23 06:40:06', '2019-01-23 06:40:06', 163, 56, 70, 'escapadas', 0),
(698, '2019-01-23 06:40:06', '2019-01-23 06:40:06', 163, 62, 70, 'escapadas', 0),
(699, '2019-01-23 06:40:06', '2019-01-23 06:40:06', 163, 54, 70, 'escapadas', 0),
(700, '2019-01-23 06:40:06', '2019-01-23 06:40:06', 163, 67, 70, 'escapadas', 0),
(701, '2019-01-23 06:40:06', '2019-01-23 06:40:06', 163, 56, 80, 'atras', 0),
(702, '2019-01-23 06:40:06', '2019-01-23 06:40:06', 163, 62, 80, 'atras', 0),
(703, '2019-01-23 06:40:06', '2019-01-23 06:40:06', 163, 54, 80, 'atras', 0),
(704, '2019-01-23 06:40:06', '2019-01-23 06:40:06', 163, 67, 80, 'atras', 0),
(705, '2019-01-23 06:40:06', '2019-01-23 06:40:06', 163, 56, 90, 'falta_saque', 0),
(706, '2019-01-23 06:40:06', '2019-01-23 06:40:06', 163, 62, 90, 'falta_saque', 0),
(707, '2019-01-23 06:40:06', '2019-01-23 06:40:06', 163, 54, 90, 'falta_saque', 0),
(708, '2019-01-23 06:40:06', '2019-01-23 06:40:06', 163, 67, 90, 'falta_saque', 0),
(709, '2019-01-23 06:40:06', '2019-01-23 06:40:06', 163, 56, 100, 'errores', 0),
(710, '2019-01-23 06:40:06', '2019-01-23 06:40:06', 163, 62, 100, 'errores', 0),
(711, '2019-01-23 06:40:06', '2019-01-23 06:40:06', 163, 54, 100, 'errores', 0),
(712, '2019-01-23 06:40:06', '2019-01-23 06:40:06', 163, 67, 100, 'errores', 0),
(713, '2019-01-23 06:40:06', '2019-01-23 06:40:06', 163, 56, 110, 'total_tantos', 0),
(714, '2019-01-23 06:40:06', '2019-01-23 06:40:06', 163, 62, 110, 'total_tantos', 0),
(715, '2019-01-23 06:40:06', '2019-01-23 06:40:06', 163, 54, 110, 'total_tantos', 0),
(716, '2019-01-23 06:40:06', '2019-01-23 06:40:06', 163, 67, 110, 'total_tantos', 0),
(717, '2019-01-23 06:40:06', '2019-01-23 06:40:06', 163, 56, 120, 'total_fallos', 0),
(718, '2019-01-23 06:40:06', '2019-01-23 06:40:06', 163, 62, 120, 'total_fallos', 0),
(719, '2019-01-23 06:40:06', '2019-01-23 06:40:06', 163, 54, 120, 'total_fallos', 0),
(720, '2019-01-23 06:40:06', '2019-01-23 06:40:06', 163, 67, 120, 'total_fallos', 0),
(721, '2019-01-23 06:41:41', '2019-01-23 06:41:41', 158, 74, 10, 'saque', 0),
(722, '2019-01-23 06:41:41', '2019-01-23 06:41:41', 158, 65, 10, 'saque', 0),
(723, '2019-01-23 06:41:41', '2019-01-23 06:41:41', 158, 66, 10, 'saque', 0),
(724, '2019-01-23 06:41:41', '2019-01-23 06:41:41', 158, 58, 10, 'saque', 0),
(725, '2019-01-23 06:41:41', '2019-01-23 06:41:41', 158, 74, 20, 'dos_paredes', 0),
(726, '2019-01-23 06:41:41', '2019-01-23 06:41:41', 158, 65, 20, 'dos_paredes', 0),
(727, '2019-01-23 06:41:41', '2019-01-23 06:41:41', 158, 66, 20, 'dos_paredes', 0),
(728, '2019-01-23 06:41:41', '2019-01-23 06:41:41', 158, 58, 20, 'dos_paredes', 0),
(729, '2019-01-23 06:41:41', '2019-01-23 06:41:41', 158, 74, 30, 'dejada', 0),
(730, '2019-01-23 06:41:41', '2019-01-23 06:41:41', 158, 65, 30, 'dejada', 0),
(731, '2019-01-23 06:41:41', '2019-01-23 06:41:41', 158, 66, 30, 'dejada', 0),
(732, '2019-01-23 06:41:41', '2019-01-23 06:41:41', 158, 58, 30, 'dejada', 0),
(733, '2019-01-23 06:41:41', '2019-01-23 06:41:41', 158, 74, 40, 'aire', 0),
(734, '2019-01-23 06:41:41', '2019-01-23 06:41:41', 158, 65, 40, 'aire', 0),
(735, '2019-01-23 06:41:41', '2019-01-23 06:41:41', 158, 66, 40, 'aire', 0),
(736, '2019-01-23 06:41:41', '2019-01-23 06:41:41', 158, 58, 40, 'aire', 0),
(737, '2019-01-23 06:41:41', '2019-01-23 06:41:41', 158, 74, 50, 'bote', 0),
(738, '2019-01-23 06:41:41', '2019-01-23 06:41:41', 158, 65, 50, 'bote', 0),
(739, '2019-01-23 06:41:41', '2019-01-23 06:41:41', 158, 66, 50, 'bote', 0),
(740, '2019-01-23 06:41:41', '2019-01-23 06:41:41', 158, 58, 50, 'bote', 0),
(741, '2019-01-23 06:41:41', '2019-01-23 06:41:41', 158, 74, 60, 'cortadas', 0),
(742, '2019-01-23 06:41:41', '2019-01-23 06:41:41', 158, 65, 60, 'cortadas', 0),
(743, '2019-01-23 06:41:41', '2019-01-23 06:41:41', 158, 66, 60, 'cortadas', 0),
(744, '2019-01-23 06:41:41', '2019-01-23 06:41:41', 158, 58, 60, 'cortadas', 0),
(745, '2019-01-23 06:41:41', '2019-01-23 06:41:41', 158, 74, 70, 'escapadas', 0),
(746, '2019-01-23 06:41:41', '2019-01-23 06:41:41', 158, 65, 70, 'escapadas', 0),
(747, '2019-01-23 06:41:41', '2019-01-23 06:41:41', 158, 66, 70, 'escapadas', 0),
(748, '2019-01-23 06:41:41', '2019-01-23 06:41:41', 158, 58, 70, 'escapadas', 0),
(749, '2019-01-23 06:41:41', '2019-01-23 06:41:41', 158, 74, 80, 'atras', 0),
(750, '2019-01-23 06:41:41', '2019-01-23 06:41:41', 158, 65, 80, 'atras', 0),
(751, '2019-01-23 06:41:41', '2019-01-23 06:41:41', 158, 66, 80, 'atras', 0),
(752, '2019-01-23 06:41:41', '2019-01-23 06:41:41', 158, 58, 80, 'atras', 0),
(753, '2019-01-23 06:41:41', '2019-01-23 06:41:41', 158, 74, 90, 'falta_saque', 0),
(754, '2019-01-23 06:41:41', '2019-01-23 06:41:41', 158, 65, 90, 'falta_saque', 0),
(755, '2019-01-23 06:41:41', '2019-01-23 06:41:41', 158, 66, 90, 'falta_saque', 0),
(756, '2019-01-23 06:41:41', '2019-01-23 06:41:41', 158, 58, 90, 'falta_saque', 0),
(757, '2019-01-23 06:41:41', '2019-01-23 06:41:41', 158, 74, 100, 'errores', 0),
(758, '2019-01-23 06:41:41', '2019-01-23 06:41:41', 158, 65, 100, 'errores', 0),
(759, '2019-01-23 06:41:41', '2019-01-23 06:41:41', 158, 66, 100, 'errores', 0),
(760, '2019-01-23 06:41:41', '2019-01-23 06:41:41', 158, 58, 100, 'errores', 0),
(761, '2019-01-23 06:41:41', '2019-01-23 06:41:41', 158, 74, 110, 'total_tantos', 0),
(762, '2019-01-23 06:41:41', '2019-01-23 06:41:41', 158, 65, 110, 'total_tantos', 0),
(763, '2019-01-23 06:41:41', '2019-01-23 06:41:41', 158, 66, 110, 'total_tantos', 0),
(764, '2019-01-23 06:41:41', '2019-01-23 06:41:41', 158, 58, 110, 'total_tantos', 0),
(765, '2019-01-23 06:41:41', '2019-01-23 06:41:41', 158, 74, 120, 'total_fallos', 0),
(766, '2019-01-23 06:41:41', '2019-01-23 06:41:41', 158, 65, 120, 'total_fallos', 0),
(767, '2019-01-23 06:41:41', '2019-01-23 06:41:41', 158, 66, 120, 'total_fallos', 0),
(768, '2019-01-23 06:41:41', '2019-01-23 06:41:41', 158, 58, 120, 'total_fallos', 0),
(769, '2019-01-23 06:42:08', '2019-01-23 06:42:08', 159, 1, 10, 'saque', 0),
(770, '2019-01-23 06:42:08', '2019-01-23 06:42:08', 159, 12, 10, 'saque', 0),
(771, '2019-01-23 06:42:08', '2019-01-23 06:42:08', 159, 6, 10, 'saque', 0),
(772, '2019-01-23 06:42:08', '2019-01-23 06:42:08', 159, 28, 10, 'saque', 0),
(773, '2019-01-23 06:42:08', '2019-01-23 06:42:08', 159, 1, 20, 'dos_paredes', 0),
(774, '2019-01-23 06:42:08', '2019-01-23 06:42:08', 159, 12, 20, 'dos_paredes', 0),
(775, '2019-01-23 06:42:08', '2019-01-23 06:42:08', 159, 6, 20, 'dos_paredes', 0),
(776, '2019-01-23 06:42:08', '2019-01-23 06:42:08', 159, 28, 20, 'dos_paredes', 0),
(777, '2019-01-23 06:42:08', '2019-01-23 06:42:08', 159, 1, 30, 'dejada', 0),
(778, '2019-01-23 06:42:08', '2019-01-23 06:42:08', 159, 12, 30, 'dejada', 0),
(779, '2019-01-23 06:42:08', '2019-01-23 06:42:08', 159, 6, 30, 'dejada', 0),
(780, '2019-01-23 06:42:08', '2019-01-23 06:42:08', 159, 28, 30, 'dejada', 0),
(781, '2019-01-23 06:42:08', '2019-01-23 06:42:08', 159, 1, 40, 'aire', 0),
(782, '2019-01-23 06:42:08', '2019-01-23 06:42:08', 159, 12, 40, 'aire', 0),
(783, '2019-01-23 06:42:08', '2019-01-23 06:42:08', 159, 6, 40, 'aire', 0),
(784, '2019-01-23 06:42:08', '2019-01-23 06:42:08', 159, 28, 40, 'aire', 0),
(785, '2019-01-23 06:42:08', '2019-01-23 06:42:08', 159, 1, 50, 'bote', 0),
(786, '2019-01-23 06:42:08', '2019-01-23 06:42:08', 159, 12, 50, 'bote', 0),
(787, '2019-01-23 06:42:08', '2019-01-23 06:42:08', 159, 6, 50, 'bote', 0),
(788, '2019-01-23 06:42:08', '2019-01-23 06:42:08', 159, 28, 50, 'bote', 0),
(789, '2019-01-23 06:42:08', '2019-01-23 06:42:08', 159, 1, 60, 'cortadas', 0),
(790, '2019-01-23 06:42:08', '2019-01-23 06:42:08', 159, 12, 60, 'cortadas', 0),
(791, '2019-01-23 06:42:08', '2019-01-23 06:42:08', 159, 6, 60, 'cortadas', 0),
(792, '2019-01-23 06:42:08', '2019-01-23 06:42:08', 159, 28, 60, 'cortadas', 0),
(793, '2019-01-23 06:42:08', '2019-01-23 06:42:08', 159, 1, 70, 'escapadas', 0),
(794, '2019-01-23 06:42:08', '2019-01-23 06:42:08', 159, 12, 70, 'escapadas', 0),
(795, '2019-01-23 06:42:08', '2019-01-23 06:42:08', 159, 6, 70, 'escapadas', 0),
(796, '2019-01-23 06:42:08', '2019-01-23 06:42:08', 159, 28, 70, 'escapadas', 0),
(797, '2019-01-23 06:42:08', '2019-01-23 06:42:08', 159, 1, 80, 'atras', 0),
(798, '2019-01-23 06:42:08', '2019-01-23 06:42:08', 159, 12, 80, 'atras', 0),
(799, '2019-01-23 06:42:08', '2019-01-23 06:42:08', 159, 6, 80, 'atras', 0),
(800, '2019-01-23 06:42:08', '2019-01-23 06:42:08', 159, 28, 80, 'atras', 0),
(801, '2019-01-23 06:42:08', '2019-01-23 06:42:08', 159, 1, 90, 'falta_saque', 0),
(802, '2019-01-23 06:42:08', '2019-01-23 06:42:08', 159, 12, 90, 'falta_saque', 0),
(803, '2019-01-23 06:42:08', '2019-01-23 06:42:08', 159, 6, 90, 'falta_saque', 0),
(804, '2019-01-23 06:42:08', '2019-01-23 06:42:08', 159, 28, 90, 'falta_saque', 0),
(805, '2019-01-23 06:42:08', '2019-01-23 06:42:08', 159, 1, 100, 'errores', 0),
(806, '2019-01-23 06:42:08', '2019-01-23 06:42:08', 159, 12, 100, 'errores', 0),
(807, '2019-01-23 06:42:08', '2019-01-23 06:42:08', 159, 6, 100, 'errores', 0),
(808, '2019-01-23 06:42:08', '2019-01-23 06:42:08', 159, 28, 100, 'errores', 0),
(809, '2019-01-23 06:42:08', '2019-01-23 06:42:08', 159, 1, 110, 'total_tantos', 0),
(810, '2019-01-23 06:42:08', '2019-01-23 06:42:08', 159, 12, 110, 'total_tantos', 0),
(811, '2019-01-23 06:42:08', '2019-01-23 06:42:08', 159, 6, 110, 'total_tantos', 0),
(812, '2019-01-23 06:42:08', '2019-01-23 06:42:08', 159, 28, 110, 'total_tantos', 0),
(813, '2019-01-23 06:42:08', '2019-01-23 06:42:08', 159, 1, 120, 'total_fallos', 0),
(814, '2019-01-23 06:42:08', '2019-01-23 06:42:08', 159, 12, 120, 'total_fallos', 0),
(815, '2019-01-23 06:42:08', '2019-01-23 06:42:08', 159, 6, 120, 'total_fallos', 0),
(816, '2019-01-23 06:42:08', '2019-01-23 06:42:08', 159, 28, 120, 'total_fallos', 0),
(817, '2019-01-23 06:42:26', '2019-01-23 06:42:26', 160, 2, 10, 'saque', 0),
(818, '2019-01-23 06:42:26', '2019-01-23 06:42:26', 160, 20, 10, 'saque', 0),
(819, '2019-01-23 06:42:26', '2019-01-23 06:42:26', 160, 22, 10, 'saque', 0),
(820, '2019-01-23 06:42:26', '2019-01-23 06:42:26', 160, 10, 10, 'saque', 0),
(821, '2019-01-23 06:42:26', '2019-01-23 06:42:26', 160, 2, 20, 'dos_paredes', 0),
(822, '2019-01-23 06:42:26', '2019-01-23 06:42:26', 160, 20, 20, 'dos_paredes', 0),
(823, '2019-01-23 06:42:26', '2019-01-23 06:42:26', 160, 22, 20, 'dos_paredes', 0),
(824, '2019-01-23 06:42:26', '2019-01-23 06:42:26', 160, 10, 20, 'dos_paredes', 0),
(825, '2019-01-23 06:42:26', '2019-01-23 06:42:26', 160, 2, 30, 'dejada', 0),
(826, '2019-01-23 06:42:26', '2019-01-23 06:42:26', 160, 20, 30, 'dejada', 0),
(827, '2019-01-23 06:42:26', '2019-01-23 06:42:26', 160, 22, 30, 'dejada', 0),
(828, '2019-01-23 06:42:26', '2019-01-23 06:42:26', 160, 10, 30, 'dejada', 0),
(829, '2019-01-23 06:42:26', '2019-01-23 06:42:26', 160, 2, 40, 'aire', 0),
(830, '2019-01-23 06:42:26', '2019-01-23 06:42:26', 160, 20, 40, 'aire', 0),
(831, '2019-01-23 06:42:26', '2019-01-23 06:42:26', 160, 22, 40, 'aire', 0),
(832, '2019-01-23 06:42:26', '2019-01-23 06:42:26', 160, 10, 40, 'aire', 0),
(833, '2019-01-23 06:42:26', '2019-01-23 06:42:26', 160, 2, 50, 'bote', 0),
(834, '2019-01-23 06:42:26', '2019-01-23 06:42:26', 160, 20, 50, 'bote', 0),
(835, '2019-01-23 06:42:26', '2019-01-23 06:42:26', 160, 22, 50, 'bote', 0),
(836, '2019-01-23 06:42:26', '2019-01-23 06:42:26', 160, 10, 50, 'bote', 0),
(837, '2019-01-23 06:42:26', '2019-01-23 06:42:26', 160, 2, 60, 'cortadas', 0),
(838, '2019-01-23 06:42:26', '2019-01-23 06:42:26', 160, 20, 60, 'cortadas', 0),
(839, '2019-01-23 06:42:26', '2019-01-23 06:42:26', 160, 22, 60, 'cortadas', 0),
(840, '2019-01-23 06:42:26', '2019-01-23 06:42:26', 160, 10, 60, 'cortadas', 0),
(841, '2019-01-23 06:42:26', '2019-01-23 06:42:26', 160, 2, 70, 'escapadas', 0),
(842, '2019-01-23 06:42:26', '2019-01-23 06:42:26', 160, 20, 70, 'escapadas', 0),
(843, '2019-01-23 06:42:26', '2019-01-23 06:42:26', 160, 22, 70, 'escapadas', 0),
(844, '2019-01-23 06:42:26', '2019-01-23 06:42:26', 160, 10, 70, 'escapadas', 0),
(845, '2019-01-23 06:42:26', '2019-01-23 06:42:26', 160, 2, 80, 'atras', 0),
(846, '2019-01-23 06:42:26', '2019-01-23 06:42:26', 160, 20, 80, 'atras', 0),
(847, '2019-01-23 06:42:26', '2019-01-23 06:42:26', 160, 22, 80, 'atras', 0),
(848, '2019-01-23 06:42:26', '2019-01-23 06:42:26', 160, 10, 80, 'atras', 0),
(849, '2019-01-23 06:42:26', '2019-01-23 06:42:26', 160, 2, 90, 'falta_saque', 0),
(850, '2019-01-23 06:42:26', '2019-01-23 06:42:26', 160, 20, 90, 'falta_saque', 0),
(851, '2019-01-23 06:42:26', '2019-01-23 06:42:26', 160, 22, 90, 'falta_saque', 0),
(852, '2019-01-23 06:42:26', '2019-01-23 06:42:26', 160, 10, 90, 'falta_saque', 0),
(853, '2019-01-23 06:42:26', '2019-01-23 06:42:26', 160, 2, 100, 'errores', 0),
(854, '2019-01-23 06:42:26', '2019-01-23 06:42:26', 160, 20, 100, 'errores', 0),
(855, '2019-01-23 06:42:26', '2019-01-23 06:42:26', 160, 22, 100, 'errores', 0),
(856, '2019-01-23 06:42:26', '2019-01-23 06:42:26', 160, 10, 100, 'errores', 0),
(857, '2019-01-23 06:42:26', '2019-01-23 06:42:26', 160, 2, 110, 'total_tantos', 0),
(858, '2019-01-23 06:42:26', '2019-01-23 06:42:26', 160, 20, 110, 'total_tantos', 0),
(859, '2019-01-23 06:42:26', '2019-01-23 06:42:26', 160, 22, 110, 'total_tantos', 0),
(860, '2019-01-23 06:42:26', '2019-01-23 06:42:26', 160, 10, 110, 'total_tantos', 0),
(861, '2019-01-23 06:42:26', '2019-01-23 06:42:26', 160, 2, 120, 'total_fallos', 0),
(862, '2019-01-23 06:42:26', '2019-01-23 06:42:26', 160, 20, 120, 'total_fallos', 0),
(863, '2019-01-23 06:42:26', '2019-01-23 06:42:26', 160, 22, 120, 'total_fallos', 0),
(864, '2019-01-23 06:42:26', '2019-01-23 06:42:26', 160, 10, 120, 'total_fallos', 0),
(865, '2019-01-23 06:43:02', '2019-01-23 06:43:02', 164, 18, 10, 'saque', 0),
(866, '2019-01-23 06:43:02', '2019-01-23 06:43:02', 164, 29, 10, 'saque', 0),
(867, '2019-01-23 06:43:02', '2019-01-23 06:43:02', 164, 9, 10, 'saque', 0),
(868, '2019-01-23 06:43:02', '2019-01-23 06:43:02', 164, 5, 10, 'saque', 0),
(869, '2019-01-23 06:43:02', '2019-01-23 06:43:02', 164, 18, 20, 'dos_paredes', 0),
(870, '2019-01-23 06:43:02', '2019-01-23 06:43:02', 164, 29, 20, 'dos_paredes', 0),
(871, '2019-01-23 06:43:02', '2019-01-23 06:43:02', 164, 9, 20, 'dos_paredes', 0),
(872, '2019-01-23 06:43:02', '2019-01-23 06:43:02', 164, 5, 20, 'dos_paredes', 0),
(873, '2019-01-23 06:43:02', '2019-01-23 06:43:02', 164, 18, 30, 'dejada', 0),
(874, '2019-01-23 06:43:02', '2019-01-23 06:43:02', 164, 29, 30, 'dejada', 0),
(875, '2019-01-23 06:43:02', '2019-01-23 06:43:02', 164, 9, 30, 'dejada', 0),
(876, '2019-01-23 06:43:02', '2019-01-23 06:43:02', 164, 5, 30, 'dejada', 0),
(877, '2019-01-23 06:43:02', '2019-01-23 06:43:02', 164, 18, 40, 'aire', 0),
(878, '2019-01-23 06:43:02', '2019-01-23 06:43:02', 164, 29, 40, 'aire', 0),
(879, '2019-01-23 06:43:02', '2019-01-23 06:43:02', 164, 9, 40, 'aire', 0),
(880, '2019-01-23 06:43:02', '2019-01-23 06:43:02', 164, 5, 40, 'aire', 0),
(881, '2019-01-23 06:43:02', '2019-01-23 06:43:02', 164, 18, 50, 'bote', 0),
(882, '2019-01-23 06:43:02', '2019-01-23 06:43:02', 164, 29, 50, 'bote', 0),
(883, '2019-01-23 06:43:02', '2019-01-23 06:43:02', 164, 9, 50, 'bote', 0),
(884, '2019-01-23 06:43:02', '2019-01-23 06:43:02', 164, 5, 50, 'bote', 0),
(885, '2019-01-23 06:43:02', '2019-01-23 06:43:02', 164, 18, 60, 'cortadas', 0),
(886, '2019-01-23 06:43:02', '2019-01-23 06:43:02', 164, 29, 60, 'cortadas', 0),
(887, '2019-01-23 06:43:02', '2019-01-23 06:43:02', 164, 9, 60, 'cortadas', 0),
(888, '2019-01-23 06:43:02', '2019-01-23 06:43:02', 164, 5, 60, 'cortadas', 0),
(889, '2019-01-23 06:43:02', '2019-01-23 06:43:02', 164, 18, 70, 'escapadas', 0),
(890, '2019-01-23 06:43:02', '2019-01-23 06:43:02', 164, 29, 70, 'escapadas', 0),
(891, '2019-01-23 06:43:02', '2019-01-23 06:43:02', 164, 9, 70, 'escapadas', 0),
(892, '2019-01-23 06:43:02', '2019-01-23 06:43:02', 164, 5, 70, 'escapadas', 0),
(893, '2019-01-23 06:43:02', '2019-01-23 06:43:02', 164, 18, 80, 'atras', 0),
(894, '2019-01-23 06:43:02', '2019-01-23 06:43:02', 164, 29, 80, 'atras', 0),
(895, '2019-01-23 06:43:02', '2019-01-23 06:43:02', 164, 9, 80, 'atras', 0),
(896, '2019-01-23 06:43:02', '2019-01-23 06:43:02', 164, 5, 80, 'atras', 0),
(897, '2019-01-23 06:43:02', '2019-01-23 06:43:02', 164, 18, 90, 'falta_saque', 0),
(898, '2019-01-23 06:43:02', '2019-01-23 06:43:02', 164, 29, 90, 'falta_saque', 0),
(899, '2019-01-23 06:43:02', '2019-01-23 06:43:02', 164, 9, 90, 'falta_saque', 0),
(900, '2019-01-23 06:43:02', '2019-01-23 06:43:02', 164, 5, 90, 'falta_saque', 0),
(901, '2019-01-23 06:43:02', '2019-01-23 06:43:02', 164, 18, 100, 'errores', 0),
(902, '2019-01-23 06:43:02', '2019-01-23 06:43:02', 164, 29, 100, 'errores', 0),
(903, '2019-01-23 06:43:02', '2019-01-23 06:43:02', 164, 9, 100, 'errores', 0),
(904, '2019-01-23 06:43:02', '2019-01-23 06:43:02', 164, 5, 100, 'errores', 0),
(905, '2019-01-23 06:43:02', '2019-01-23 06:43:02', 164, 18, 110, 'total_tantos', 0),
(906, '2019-01-23 06:43:02', '2019-01-23 06:43:02', 164, 29, 110, 'total_tantos', 0),
(907, '2019-01-23 06:43:02', '2019-01-23 06:43:02', 164, 9, 110, 'total_tantos', 0),
(908, '2019-01-23 06:43:02', '2019-01-23 06:43:02', 164, 5, 110, 'total_tantos', 0),
(909, '2019-01-23 06:43:02', '2019-01-23 06:43:02', 164, 18, 120, 'total_fallos', 0),
(910, '2019-01-23 06:43:02', '2019-01-23 06:43:02', 164, 29, 120, 'total_fallos', 0),
(911, '2019-01-23 06:43:02', '2019-01-23 06:43:02', 164, 9, 120, 'total_fallos', 0),
(912, '2019-01-23 06:43:02', '2019-01-23 06:43:02', 164, 5, 120, 'total_fallos', 0),
(913, '2019-01-23 06:43:28', '2019-01-23 06:43:28', 162, 3, 10, 'saque', 0),
(914, '2019-01-23 06:43:28', '2019-01-23 06:43:28', 162, 19, 10, 'saque', 0),
(915, '2019-01-23 06:43:28', '2019-01-23 06:43:28', 162, 7, 10, 'saque', 0),
(916, '2019-01-23 06:43:28', '2019-01-23 06:43:28', 162, 24, 10, 'saque', 0),
(917, '2019-01-23 06:43:28', '2019-01-23 06:43:28', 162, 3, 20, 'dos_paredes', 0),
(918, '2019-01-23 06:43:28', '2019-01-23 06:43:28', 162, 19, 20, 'dos_paredes', 0),
(919, '2019-01-23 06:43:28', '2019-01-23 06:43:28', 162, 7, 20, 'dos_paredes', 0),
(920, '2019-01-23 06:43:28', '2019-01-23 06:43:28', 162, 24, 20, 'dos_paredes', 0),
(921, '2019-01-23 06:43:28', '2019-01-23 06:43:28', 162, 3, 30, 'dejada', 0),
(922, '2019-01-23 06:43:28', '2019-01-23 06:43:28', 162, 19, 30, 'dejada', 0),
(923, '2019-01-23 06:43:28', '2019-01-23 06:43:28', 162, 7, 30, 'dejada', 0),
(924, '2019-01-23 06:43:28', '2019-01-23 06:43:28', 162, 24, 30, 'dejada', 0),
(925, '2019-01-23 06:43:28', '2019-01-23 06:43:28', 162, 3, 40, 'aire', 0),
(926, '2019-01-23 06:43:28', '2019-01-23 06:43:28', 162, 19, 40, 'aire', 0),
(927, '2019-01-23 06:43:28', '2019-01-23 06:43:28', 162, 7, 40, 'aire', 0),
(928, '2019-01-23 06:43:28', '2019-01-23 06:43:28', 162, 24, 40, 'aire', 0),
(929, '2019-01-23 06:43:28', '2019-01-23 06:43:28', 162, 3, 50, 'bote', 0),
(930, '2019-01-23 06:43:28', '2019-01-23 06:43:28', 162, 19, 50, 'bote', 0),
(931, '2019-01-23 06:43:28', '2019-01-23 06:43:28', 162, 7, 50, 'bote', 0),
(932, '2019-01-23 06:43:28', '2019-01-23 06:43:28', 162, 24, 50, 'bote', 0),
(933, '2019-01-23 06:43:28', '2019-01-23 06:43:28', 162, 3, 60, 'cortadas', 0),
(934, '2019-01-23 06:43:28', '2019-01-23 06:43:28', 162, 19, 60, 'cortadas', 0),
(935, '2019-01-23 06:43:28', '2019-01-23 06:43:28', 162, 7, 60, 'cortadas', 0),
(936, '2019-01-23 06:43:28', '2019-01-23 06:43:28', 162, 24, 60, 'cortadas', 0),
(937, '2019-01-23 06:43:28', '2019-01-23 06:43:28', 162, 3, 70, 'escapadas', 0),
(938, '2019-01-23 06:43:28', '2019-01-23 06:43:28', 162, 19, 70, 'escapadas', 0),
(939, '2019-01-23 06:43:28', '2019-01-23 06:43:28', 162, 7, 70, 'escapadas', 0),
(940, '2019-01-23 06:43:28', '2019-01-23 06:43:28', 162, 24, 70, 'escapadas', 0),
(941, '2019-01-23 06:43:28', '2019-01-23 06:43:28', 162, 3, 80, 'atras', 0),
(942, '2019-01-23 06:43:28', '2019-01-23 06:43:28', 162, 19, 80, 'atras', 0),
(943, '2019-01-23 06:43:28', '2019-01-23 06:43:28', 162, 7, 80, 'atras', 0),
(944, '2019-01-23 06:43:28', '2019-01-23 06:43:28', 162, 24, 80, 'atras', 0),
(945, '2019-01-23 06:43:28', '2019-01-23 06:43:28', 162, 3, 90, 'falta_saque', 0),
(946, '2019-01-23 06:43:28', '2019-01-23 06:43:28', 162, 19, 90, 'falta_saque', 0),
(947, '2019-01-23 06:43:28', '2019-01-23 06:43:28', 162, 7, 90, 'falta_saque', 0),
(948, '2019-01-23 06:43:28', '2019-01-23 06:43:28', 162, 24, 90, 'falta_saque', 0),
(949, '2019-01-23 06:43:28', '2019-01-23 06:43:28', 162, 3, 100, 'errores', 0),
(950, '2019-01-23 06:43:28', '2019-01-23 06:43:28', 162, 19, 100, 'errores', 0),
(951, '2019-01-23 06:43:28', '2019-01-23 06:43:28', 162, 7, 100, 'errores', 0),
(952, '2019-01-23 06:43:28', '2019-01-23 06:43:28', 162, 24, 100, 'errores', 0),
(953, '2019-01-23 06:43:28', '2019-01-23 06:43:28', 162, 3, 110, 'total_tantos', 0),
(954, '2019-01-23 06:43:28', '2019-01-23 06:43:28', 162, 19, 110, 'total_tantos', 0),
(955, '2019-01-23 06:43:28', '2019-01-23 06:43:28', 162, 7, 110, 'total_tantos', 0),
(956, '2019-01-23 06:43:28', '2019-01-23 06:43:28', 162, 24, 110, 'total_tantos', 0),
(957, '2019-01-23 06:43:28', '2019-01-23 06:43:28', 162, 3, 120, 'total_fallos', 0),
(958, '2019-01-23 06:43:28', '2019-01-23 06:43:28', 162, 19, 120, 'total_fallos', 0),
(959, '2019-01-23 06:43:28', '2019-01-23 06:43:28', 162, 7, 120, 'total_fallos', 0),
(960, '2019-01-23 06:43:28', '2019-01-23 06:43:28', 162, 24, 120, 'total_fallos', 0),
(961, '2019-01-23 06:44:13', '2019-01-23 06:44:13', 166, 4, 10, 'saque', 0),
(962, '2019-01-23 06:44:13', '2019-01-23 06:44:13', 166, 26, 10, 'saque', 0),
(963, '2019-01-23 06:44:13', '2019-01-23 06:44:13', 166, 22, 10, 'saque', 0),
(964, '2019-01-23 06:44:13', '2019-01-23 06:44:13', 166, 10, 10, 'saque', 0),
(965, '2019-01-23 06:44:13', '2019-01-23 06:44:13', 166, 4, 20, 'dos_paredes', 0),
(966, '2019-01-23 06:44:13', '2019-01-23 06:44:13', 166, 26, 20, 'dos_paredes', 0),
(967, '2019-01-23 06:44:13', '2019-01-23 06:44:13', 166, 22, 20, 'dos_paredes', 0),
(968, '2019-01-23 06:44:13', '2019-01-23 06:44:13', 166, 10, 20, 'dos_paredes', 0),
(969, '2019-01-23 06:44:13', '2019-01-23 06:44:13', 166, 4, 30, 'dejada', 0),
(970, '2019-01-23 06:44:13', '2019-01-23 06:44:13', 166, 26, 30, 'dejada', 0),
(971, '2019-01-23 06:44:13', '2019-01-23 06:44:13', 166, 22, 30, 'dejada', 0),
(972, '2019-01-23 06:44:13', '2019-01-23 06:44:13', 166, 10, 30, 'dejada', 0),
(973, '2019-01-23 06:44:13', '2019-01-23 06:44:13', 166, 4, 40, 'aire', 0),
(974, '2019-01-23 06:44:13', '2019-01-23 06:44:13', 166, 26, 40, 'aire', 0),
(975, '2019-01-23 06:44:13', '2019-01-23 06:44:13', 166, 22, 40, 'aire', 0),
(976, '2019-01-23 06:44:13', '2019-01-23 06:44:13', 166, 10, 40, 'aire', 0),
(977, '2019-01-23 06:44:13', '2019-01-23 06:44:13', 166, 4, 50, 'bote', 0),
(978, '2019-01-23 06:44:13', '2019-01-23 06:44:13', 166, 26, 50, 'bote', 0),
(979, '2019-01-23 06:44:13', '2019-01-23 06:44:13', 166, 22, 50, 'bote', 0),
(980, '2019-01-23 06:44:13', '2019-01-23 06:44:13', 166, 10, 50, 'bote', 0),
(981, '2019-01-23 06:44:13', '2019-01-23 06:44:13', 166, 4, 60, 'cortadas', 0),
(982, '2019-01-23 06:44:13', '2019-01-23 06:44:13', 166, 26, 60, 'cortadas', 0),
(983, '2019-01-23 06:44:13', '2019-01-23 06:44:13', 166, 22, 60, 'cortadas', 0),
(984, '2019-01-23 06:44:13', '2019-01-23 06:44:13', 166, 10, 60, 'cortadas', 0),
(985, '2019-01-23 06:44:13', '2019-01-23 06:44:13', 166, 4, 70, 'escapadas', 0),
(986, '2019-01-23 06:44:13', '2019-01-23 06:44:13', 166, 26, 70, 'escapadas', 0),
(987, '2019-01-23 06:44:13', '2019-01-23 06:44:13', 166, 22, 70, 'escapadas', 0),
(988, '2019-01-23 06:44:13', '2019-01-23 06:44:13', 166, 10, 70, 'escapadas', 0),
(989, '2019-01-23 06:44:13', '2019-01-23 06:44:13', 166, 4, 80, 'atras', 0),
(990, '2019-01-23 06:44:13', '2019-01-23 06:44:13', 166, 26, 80, 'atras', 0),
(991, '2019-01-23 06:44:13', '2019-01-23 06:44:13', 166, 22, 80, 'atras', 0),
(992, '2019-01-23 06:44:13', '2019-01-23 06:44:13', 166, 10, 80, 'atras', 0),
(993, '2019-01-23 06:44:13', '2019-01-23 06:44:13', 166, 4, 90, 'falta_saque', 0),
(994, '2019-01-23 06:44:13', '2019-01-23 06:44:13', 166, 26, 90, 'falta_saque', 0),
(995, '2019-01-23 06:44:13', '2019-01-23 06:44:13', 166, 22, 90, 'falta_saque', 0),
(996, '2019-01-23 06:44:13', '2019-01-23 06:44:13', 166, 10, 90, 'falta_saque', 0),
(997, '2019-01-23 06:44:13', '2019-01-23 06:44:13', 166, 4, 100, 'errores', 0),
(998, '2019-01-23 06:44:13', '2019-01-23 06:44:13', 166, 26, 100, 'errores', 0),
(999, '2019-01-23 06:44:13', '2019-01-23 06:44:13', 166, 22, 100, 'errores', 0),
(1000, '2019-01-23 06:44:13', '2019-01-23 06:44:13', 166, 10, 100, 'errores', 0),
(1001, '2019-01-23 06:44:13', '2019-01-23 06:44:13', 166, 4, 110, 'total_tantos', 0),
(1002, '2019-01-23 06:44:13', '2019-01-23 06:44:13', 166, 26, 110, 'total_tantos', 0),
(1003, '2019-01-23 06:44:13', '2019-01-23 06:44:13', 166, 22, 110, 'total_tantos', 0),
(1004, '2019-01-23 06:44:13', '2019-01-23 06:44:13', 166, 10, 110, 'total_tantos', 0),
(1005, '2019-01-23 06:44:13', '2019-01-23 06:44:13', 166, 4, 120, 'total_fallos', 0),
(1006, '2019-01-23 06:44:13', '2019-01-23 06:44:13', 166, 26, 120, 'total_fallos', 0),
(1007, '2019-01-23 06:44:13', '2019-01-23 06:44:13', 166, 22, 120, 'total_fallos', 0),
(1008, '2019-01-23 06:44:13', '2019-01-23 06:44:13', 166, 10, 120, 'total_fallos', 0),
(1009, '2019-01-23 06:44:33', '2019-01-23 06:44:33', 168, 6, 10, 'saque', 0),
(1010, '2019-01-23 06:44:33', '2019-01-23 06:44:33', 168, 28, 10, 'saque', 0),
(1011, '2019-01-23 06:44:33', '2019-01-23 06:44:33', 168, 66, 10, 'saque', 0),
(1012, '2019-01-23 06:44:33', '2019-01-23 06:44:33', 168, 42, 10, 'saque', 0),
(1013, '2019-01-23 06:44:33', '2019-01-23 06:44:33', 168, 6, 20, 'dos_paredes', 0),
(1014, '2019-01-23 06:44:33', '2019-01-23 06:44:33', 168, 28, 20, 'dos_paredes', 0),
(1015, '2019-01-23 06:44:33', '2019-01-23 06:44:33', 168, 66, 20, 'dos_paredes', 0),
(1016, '2019-01-23 06:44:33', '2019-01-23 06:44:33', 168, 42, 20, 'dos_paredes', 0),
(1017, '2019-01-23 06:44:33', '2019-01-23 06:44:33', 168, 6, 30, 'dejada', 0),
(1018, '2019-01-23 06:44:33', '2019-01-23 06:44:33', 168, 28, 30, 'dejada', 0),
(1019, '2019-01-23 06:44:33', '2019-01-23 06:44:33', 168, 66, 30, 'dejada', 0),
(1020, '2019-01-23 06:44:33', '2019-01-23 06:44:33', 168, 42, 30, 'dejada', 0),
(1021, '2019-01-23 06:44:33', '2019-01-23 06:44:33', 168, 6, 40, 'aire', 0),
(1022, '2019-01-23 06:44:33', '2019-01-23 06:44:33', 168, 28, 40, 'aire', 0),
(1023, '2019-01-23 06:44:33', '2019-01-23 06:44:33', 168, 66, 40, 'aire', 0),
(1024, '2019-01-23 06:44:33', '2019-01-23 06:44:33', 168, 42, 40, 'aire', 0),
(1025, '2019-01-23 06:44:33', '2019-01-23 06:44:33', 168, 6, 50, 'bote', 0),
(1026, '2019-01-23 06:44:33', '2019-01-23 06:44:33', 168, 28, 50, 'bote', 0),
(1027, '2019-01-23 06:44:33', '2019-01-23 06:44:33', 168, 66, 50, 'bote', 0),
(1028, '2019-01-23 06:44:33', '2019-01-23 06:44:33', 168, 42, 50, 'bote', 0),
(1029, '2019-01-23 06:44:33', '2019-01-23 06:44:33', 168, 6, 60, 'cortadas', 0),
(1030, '2019-01-23 06:44:33', '2019-01-23 06:44:33', 168, 28, 60, 'cortadas', 0),
(1031, '2019-01-23 06:44:33', '2019-01-23 06:44:33', 168, 66, 60, 'cortadas', 0),
(1032, '2019-01-23 06:44:33', '2019-01-23 06:44:33', 168, 42, 60, 'cortadas', 0),
(1033, '2019-01-23 06:44:33', '2019-01-23 06:44:33', 168, 6, 70, 'escapadas', 0),
(1034, '2019-01-23 06:44:33', '2019-01-23 06:44:33', 168, 28, 70, 'escapadas', 0),
(1035, '2019-01-23 06:44:33', '2019-01-23 06:44:33', 168, 66, 70, 'escapadas', 0),
(1036, '2019-01-23 06:44:33', '2019-01-23 06:44:33', 168, 42, 70, 'escapadas', 0),
(1037, '2019-01-23 06:44:33', '2019-01-23 06:44:33', 168, 6, 80, 'atras', 0),
(1038, '2019-01-23 06:44:33', '2019-01-23 06:44:33', 168, 28, 80, 'atras', 0),
(1039, '2019-01-23 06:44:33', '2019-01-23 06:44:33', 168, 66, 80, 'atras', 0),
(1040, '2019-01-23 06:44:33', '2019-01-23 06:44:33', 168, 42, 80, 'atras', 0),
(1041, '2019-01-23 06:44:33', '2019-01-23 06:44:33', 168, 6, 90, 'falta_saque', 0),
(1042, '2019-01-23 06:44:33', '2019-01-23 06:44:33', 168, 28, 90, 'falta_saque', 0),
(1043, '2019-01-23 06:44:33', '2019-01-23 06:44:33', 168, 66, 90, 'falta_saque', 0),
(1044, '2019-01-23 06:44:33', '2019-01-23 06:44:33', 168, 42, 90, 'falta_saque', 0),
(1045, '2019-01-23 06:44:33', '2019-01-23 06:44:33', 168, 6, 100, 'errores', 0),
(1046, '2019-01-23 06:44:33', '2019-01-23 06:44:33', 168, 28, 100, 'errores', 0),
(1047, '2019-01-23 06:44:33', '2019-01-23 06:44:33', 168, 66, 100, 'errores', 0),
(1048, '2019-01-23 06:44:33', '2019-01-23 06:44:33', 168, 42, 100, 'errores', 0),
(1049, '2019-01-23 06:44:33', '2019-01-23 06:44:33', 168, 6, 110, 'total_tantos', 0),
(1050, '2019-01-23 06:44:33', '2019-01-23 06:44:33', 168, 28, 110, 'total_tantos', 0),
(1051, '2019-01-23 06:44:33', '2019-01-23 06:44:33', 168, 66, 110, 'total_tantos', 0),
(1052, '2019-01-23 06:44:33', '2019-01-23 06:44:33', 168, 42, 110, 'total_tantos', 0),
(1053, '2019-01-23 06:44:33', '2019-01-23 06:44:33', 168, 6, 120, 'total_fallos', 0),
(1054, '2019-01-23 06:44:33', '2019-01-23 06:44:33', 168, 28, 120, 'total_fallos', 0),
(1055, '2019-01-23 06:44:33', '2019-01-23 06:44:33', 168, 66, 120, 'total_fallos', 0),
(1056, '2019-01-23 06:44:33', '2019-01-23 06:44:33', 168, 42, 120, 'total_fallos', 0),
(1057, '2019-01-23 06:45:14', '2019-01-23 06:45:14', 171, 69, 10, 'saque', 0),
(1058, '2019-01-23 06:45:14', '2019-01-23 06:45:14', 171, 59, 10, 'saque', 0),
(1059, '2019-01-23 06:45:14', '2019-01-23 06:45:14', 171, 77, 10, 'saque', 0),
(1060, '2019-01-23 06:45:14', '2019-01-23 06:45:14', 171, 57, 10, 'saque', 0),
(1061, '2019-01-23 06:45:14', '2019-01-23 06:45:14', 171, 69, 20, 'dos_paredes', 0),
(1062, '2019-01-23 06:45:14', '2019-01-23 06:45:14', 171, 59, 20, 'dos_paredes', 0),
(1063, '2019-01-23 06:45:14', '2019-01-23 06:45:14', 171, 77, 20, 'dos_paredes', 0),
(1064, '2019-01-23 06:45:14', '2019-01-23 06:45:14', 171, 57, 20, 'dos_paredes', 0),
(1065, '2019-01-23 06:45:14', '2019-01-23 06:45:14', 171, 69, 30, 'dejada', 0),
(1066, '2019-01-23 06:45:14', '2019-01-23 06:45:14', 171, 59, 30, 'dejada', 0),
(1067, '2019-01-23 06:45:14', '2019-01-23 06:45:14', 171, 77, 30, 'dejada', 0),
(1068, '2019-01-23 06:45:14', '2019-01-23 06:45:14', 171, 57, 30, 'dejada', 0),
(1069, '2019-01-23 06:45:14', '2019-01-23 06:45:14', 171, 69, 40, 'aire', 0),
(1070, '2019-01-23 06:45:14', '2019-01-23 06:45:14', 171, 59, 40, 'aire', 0),
(1071, '2019-01-23 06:45:14', '2019-01-23 06:45:14', 171, 77, 40, 'aire', 0),
(1072, '2019-01-23 06:45:14', '2019-01-23 06:45:14', 171, 57, 40, 'aire', 0),
(1073, '2019-01-23 06:45:14', '2019-01-23 06:45:14', 171, 69, 50, 'bote', 0),
(1074, '2019-01-23 06:45:14', '2019-01-23 06:45:14', 171, 59, 50, 'bote', 0),
(1075, '2019-01-23 06:45:14', '2019-01-23 06:45:14', 171, 77, 50, 'bote', 0),
(1076, '2019-01-23 06:45:14', '2019-01-23 06:45:14', 171, 57, 50, 'bote', 0),
(1077, '2019-01-23 06:45:14', '2019-01-23 06:45:14', 171, 69, 60, 'cortadas', 0),
(1078, '2019-01-23 06:45:14', '2019-01-23 06:45:14', 171, 59, 60, 'cortadas', 0),
(1079, '2019-01-23 06:45:14', '2019-01-23 06:45:14', 171, 77, 60, 'cortadas', 0),
(1080, '2019-01-23 06:45:14', '2019-01-23 06:45:14', 171, 57, 60, 'cortadas', 0),
(1081, '2019-01-23 06:45:14', '2019-01-23 06:45:14', 171, 69, 70, 'escapadas', 0),
(1082, '2019-01-23 06:45:14', '2019-01-23 06:45:14', 171, 59, 70, 'escapadas', 0),
(1083, '2019-01-23 06:45:14', '2019-01-23 06:45:14', 171, 77, 70, 'escapadas', 0),
(1084, '2019-01-23 06:45:14', '2019-01-23 06:45:14', 171, 57, 70, 'escapadas', 0),
(1085, '2019-01-23 06:45:14', '2019-01-23 06:45:14', 171, 69, 80, 'atras', 0),
(1086, '2019-01-23 06:45:14', '2019-01-23 06:45:14', 171, 59, 80, 'atras', 0),
(1087, '2019-01-23 06:45:14', '2019-01-23 06:45:14', 171, 77, 80, 'atras', 0),
(1088, '2019-01-23 06:45:14', '2019-01-23 06:45:14', 171, 57, 80, 'atras', 0),
(1089, '2019-01-23 06:45:14', '2019-01-23 06:45:14', 171, 69, 90, 'falta_saque', 0),
(1090, '2019-01-23 06:45:14', '2019-01-23 06:45:14', 171, 59, 90, 'falta_saque', 0),
(1091, '2019-01-23 06:45:14', '2019-01-23 06:45:14', 171, 77, 90, 'falta_saque', 0),
(1092, '2019-01-23 06:45:14', '2019-01-23 06:45:14', 171, 57, 90, 'falta_saque', 0),
(1093, '2019-01-23 06:45:14', '2019-01-23 06:45:14', 171, 69, 100, 'errores', 0),
(1094, '2019-01-23 06:45:14', '2019-01-23 06:45:14', 171, 59, 100, 'errores', 0),
(1095, '2019-01-23 06:45:14', '2019-01-23 06:45:14', 171, 77, 100, 'errores', 0),
(1096, '2019-01-23 06:45:14', '2019-01-23 06:45:14', 171, 57, 100, 'errores', 0),
(1097, '2019-01-23 06:45:14', '2019-01-23 06:45:14', 171, 69, 110, 'total_tantos', 0),
(1098, '2019-01-23 06:45:14', '2019-01-23 06:45:14', 171, 59, 110, 'total_tantos', 0),
(1099, '2019-01-23 06:45:14', '2019-01-23 06:45:14', 171, 77, 110, 'total_tantos', 0),
(1100, '2019-01-23 06:45:14', '2019-01-23 06:45:14', 171, 57, 110, 'total_tantos', 0),
(1101, '2019-01-23 06:45:14', '2019-01-23 06:45:14', 171, 69, 120, 'total_fallos', 0),
(1102, '2019-01-23 06:45:14', '2019-01-23 06:45:14', 171, 59, 120, 'total_fallos', 0),
(1103, '2019-01-23 06:45:14', '2019-01-23 06:45:14', 171, 77, 120, 'total_fallos', 0),
(1104, '2019-01-23 06:45:14', '2019-01-23 06:45:14', 171, 57, 120, 'total_fallos', 0),
(1105, '2019-01-23 06:45:36', '2019-01-23 06:45:36', 172, 1, 10, 'saque', 0),
(1106, '2019-01-23 06:45:36', '2019-01-23 06:45:36', 172, 12, 10, 'saque', 0),
(1107, '2019-01-23 06:45:36', '2019-01-23 06:45:36', 172, 68, 10, 'saque', 0),
(1108, '2019-01-23 06:45:36', '2019-01-23 06:45:36', 172, 51, 10, 'saque', 0),
(1109, '2019-01-23 06:45:36', '2019-01-23 06:45:36', 172, 1, 20, 'dos_paredes', 0),
(1110, '2019-01-23 06:45:36', '2019-01-23 06:45:36', 172, 12, 20, 'dos_paredes', 0),
(1111, '2019-01-23 06:45:36', '2019-01-23 06:45:36', 172, 68, 20, 'dos_paredes', 0),
(1112, '2019-01-23 06:45:36', '2019-01-23 06:45:36', 172, 51, 20, 'dos_paredes', 0),
(1113, '2019-01-23 06:45:36', '2019-01-23 06:45:36', 172, 1, 30, 'dejada', 0),
(1114, '2019-01-23 06:45:36', '2019-01-23 06:45:36', 172, 12, 30, 'dejada', 0),
(1115, '2019-01-23 06:45:36', '2019-01-23 06:45:36', 172, 68, 30, 'dejada', 0),
(1116, '2019-01-23 06:45:36', '2019-01-23 06:45:36', 172, 51, 30, 'dejada', 0),
(1117, '2019-01-23 06:45:36', '2019-01-23 06:45:36', 172, 1, 40, 'aire', 0),
(1118, '2019-01-23 06:45:36', '2019-01-23 06:45:36', 172, 12, 40, 'aire', 0),
(1119, '2019-01-23 06:45:36', '2019-01-23 06:45:36', 172, 68, 40, 'aire', 0),
(1120, '2019-01-23 06:45:36', '2019-01-23 06:45:36', 172, 51, 40, 'aire', 0),
(1121, '2019-01-23 06:45:36', '2019-01-23 06:45:36', 172, 1, 50, 'bote', 0),
(1122, '2019-01-23 06:45:36', '2019-01-23 06:45:36', 172, 12, 50, 'bote', 0),
(1123, '2019-01-23 06:45:36', '2019-01-23 06:45:36', 172, 68, 50, 'bote', 0),
(1124, '2019-01-23 06:45:36', '2019-01-23 06:45:36', 172, 51, 50, 'bote', 0),
(1125, '2019-01-23 06:45:36', '2019-01-23 06:45:36', 172, 1, 60, 'cortadas', 0),
(1126, '2019-01-23 06:45:36', '2019-01-23 06:45:36', 172, 12, 60, 'cortadas', 0),
(1127, '2019-01-23 06:45:36', '2019-01-23 06:45:36', 172, 68, 60, 'cortadas', 0),
(1128, '2019-01-23 06:45:36', '2019-01-23 06:45:36', 172, 51, 60, 'cortadas', 0),
(1129, '2019-01-23 06:45:36', '2019-01-23 06:45:36', 172, 1, 70, 'escapadas', 0),
(1130, '2019-01-23 06:45:36', '2019-01-23 06:45:36', 172, 12, 70, 'escapadas', 0),
(1131, '2019-01-23 06:45:36', '2019-01-23 06:45:36', 172, 68, 70, 'escapadas', 0),
(1132, '2019-01-23 06:45:36', '2019-01-23 06:45:36', 172, 51, 70, 'escapadas', 0),
(1133, '2019-01-23 06:45:36', '2019-01-23 06:45:36', 172, 1, 80, 'atras', 0),
(1134, '2019-01-23 06:45:36', '2019-01-23 06:45:36', 172, 12, 80, 'atras', 0),
(1135, '2019-01-23 06:45:36', '2019-01-23 06:45:36', 172, 68, 80, 'atras', 0),
(1136, '2019-01-23 06:45:36', '2019-01-23 06:45:36', 172, 51, 80, 'atras', 0),
(1137, '2019-01-23 06:45:36', '2019-01-23 06:45:36', 172, 1, 90, 'falta_saque', 0),
(1138, '2019-01-23 06:45:36', '2019-01-23 06:45:36', 172, 12, 90, 'falta_saque', 0),
(1139, '2019-01-23 06:45:36', '2019-01-23 06:45:36', 172, 68, 90, 'falta_saque', 0),
(1140, '2019-01-23 06:45:36', '2019-01-23 06:45:36', 172, 51, 90, 'falta_saque', 0),
(1141, '2019-01-23 06:45:36', '2019-01-23 06:45:36', 172, 1, 100, 'errores', 0),
(1142, '2019-01-23 06:45:36', '2019-01-23 06:45:36', 172, 12, 100, 'errores', 0),
(1143, '2019-01-23 06:45:36', '2019-01-23 06:45:36', 172, 68, 100, 'errores', 0),
(1144, '2019-01-23 06:45:36', '2019-01-23 06:45:36', 172, 51, 100, 'errores', 0),
(1145, '2019-01-23 06:45:36', '2019-01-23 06:45:36', 172, 1, 110, 'total_tantos', 0),
(1146, '2019-01-23 06:45:36', '2019-01-23 06:45:36', 172, 12, 110, 'total_tantos', 0),
(1147, '2019-01-23 06:45:36', '2019-01-23 06:45:36', 172, 68, 110, 'total_tantos', 0),
(1148, '2019-01-23 06:45:36', '2019-01-23 06:45:36', 172, 51, 110, 'total_tantos', 0),
(1149, '2019-01-23 06:45:36', '2019-01-23 06:45:36', 172, 1, 120, 'total_fallos', 0),
(1150, '2019-01-23 06:45:36', '2019-01-23 06:45:36', 172, 12, 120, 'total_fallos', 0),
(1151, '2019-01-23 06:45:36', '2019-01-23 06:45:36', 172, 68, 120, 'total_fallos', 0),
(1152, '2019-01-23 06:45:36', '2019-01-23 06:45:36', 172, 51, 120, 'total_fallos', 0),
(1153, '2019-01-23 06:46:42', '2019-01-23 06:46:42', 173, 14, 10, 'saque', 0),
(1154, '2019-01-23 06:46:42', '2019-01-23 06:46:42', 173, 5, 10, 'saque', 0),
(1155, '2019-01-23 06:46:42', '2019-01-23 06:46:42', 173, 9, 10, 'saque', 0),
(1156, '2019-01-23 06:46:42', '2019-01-23 06:46:42', 173, 26, 10, 'saque', 0),
(1157, '2019-01-23 06:46:42', '2019-01-23 06:46:42', 173, 14, 20, 'dos_paredes', 0),
(1158, '2019-01-23 06:46:42', '2019-01-23 06:46:42', 173, 5, 20, 'dos_paredes', 0),
(1159, '2019-01-23 06:46:42', '2019-01-23 06:46:42', 173, 9, 20, 'dos_paredes', 0),
(1160, '2019-01-23 06:46:42', '2019-01-23 06:46:42', 173, 26, 20, 'dos_paredes', 0),
(1161, '2019-01-23 06:46:42', '2019-01-23 06:46:42', 173, 14, 30, 'dejada', 0),
(1162, '2019-01-23 06:46:42', '2019-01-23 06:46:42', 173, 5, 30, 'dejada', 0),
(1163, '2019-01-23 06:46:42', '2019-01-23 06:46:42', 173, 9, 30, 'dejada', 0),
(1164, '2019-01-23 06:46:42', '2019-01-23 06:46:42', 173, 26, 30, 'dejada', 0),
(1165, '2019-01-23 06:46:42', '2019-01-23 06:46:42', 173, 14, 40, 'aire', 0),
(1166, '2019-01-23 06:46:42', '2019-01-23 06:46:42', 173, 5, 40, 'aire', 0),
(1167, '2019-01-23 06:46:42', '2019-01-23 06:46:42', 173, 9, 40, 'aire', 0),
(1168, '2019-01-23 06:46:42', '2019-01-23 06:46:42', 173, 26, 40, 'aire', 0),
(1169, '2019-01-23 06:46:42', '2019-01-23 06:46:42', 173, 14, 50, 'bote', 0),
(1170, '2019-01-23 06:46:42', '2019-01-23 06:46:42', 173, 5, 50, 'bote', 0),
(1171, '2019-01-23 06:46:42', '2019-01-23 06:46:42', 173, 9, 50, 'bote', 0),
(1172, '2019-01-23 06:46:42', '2019-01-23 06:46:42', 173, 26, 50, 'bote', 0),
(1173, '2019-01-23 06:46:42', '2019-01-23 06:46:42', 173, 14, 60, 'cortadas', 0),
(1174, '2019-01-23 06:46:42', '2019-01-23 06:46:42', 173, 5, 60, 'cortadas', 0),
(1175, '2019-01-23 06:46:42', '2019-01-23 06:46:42', 173, 9, 60, 'cortadas', 0),
(1176, '2019-01-23 06:46:42', '2019-01-23 06:46:42', 173, 26, 60, 'cortadas', 0),
(1177, '2019-01-23 06:46:42', '2019-01-23 06:46:42', 173, 14, 70, 'escapadas', 0),
(1178, '2019-01-23 06:46:42', '2019-01-23 06:46:42', 173, 5, 70, 'escapadas', 0),
(1179, '2019-01-23 06:46:42', '2019-01-23 06:46:42', 173, 9, 70, 'escapadas', 0),
(1180, '2019-01-23 06:46:42', '2019-01-23 06:46:42', 173, 26, 70, 'escapadas', 0),
(1181, '2019-01-23 06:46:42', '2019-01-23 06:46:42', 173, 14, 80, 'atras', 0),
(1182, '2019-01-23 06:46:42', '2019-01-23 06:46:42', 173, 5, 80, 'atras', 0),
(1183, '2019-01-23 06:46:42', '2019-01-23 06:46:42', 173, 9, 80, 'atras', 0),
(1184, '2019-01-23 06:46:42', '2019-01-23 06:46:42', 173, 26, 80, 'atras', 0),
(1185, '2019-01-23 06:46:42', '2019-01-23 06:46:42', 173, 14, 90, 'falta_saque', 0),
(1186, '2019-01-23 06:46:42', '2019-01-23 06:46:42', 173, 5, 90, 'falta_saque', 0),
(1187, '2019-01-23 06:46:42', '2019-01-23 06:46:42', 173, 9, 90, 'falta_saque', 0),
(1188, '2019-01-23 06:46:42', '2019-01-23 06:46:42', 173, 26, 90, 'falta_saque', 0),
(1189, '2019-01-23 06:46:42', '2019-01-23 06:46:42', 173, 14, 100, 'errores', 0),
(1190, '2019-01-23 06:46:42', '2019-01-23 06:46:42', 173, 5, 100, 'errores', 0),
(1191, '2019-01-23 06:46:42', '2019-01-23 06:46:42', 173, 9, 100, 'errores', 0),
(1192, '2019-01-23 06:46:42', '2019-01-23 06:46:42', 173, 26, 100, 'errores', 0),
(1193, '2019-01-23 06:46:42', '2019-01-23 06:46:42', 173, 14, 110, 'total_tantos', 0),
(1194, '2019-01-23 06:46:42', '2019-01-23 06:46:42', 173, 5, 110, 'total_tantos', 0),
(1195, '2019-01-23 06:46:42', '2019-01-23 06:46:42', 173, 9, 110, 'total_tantos', 0),
(1196, '2019-01-23 06:46:42', '2019-01-23 06:46:42', 173, 26, 110, 'total_tantos', 0),
(1197, '2019-01-23 06:46:42', '2019-01-23 06:46:42', 173, 14, 120, 'total_fallos', 0),
(1198, '2019-01-23 06:46:42', '2019-01-23 06:46:42', 173, 5, 120, 'total_fallos', 0),
(1199, '2019-01-23 06:46:42', '2019-01-23 06:46:42', 173, 9, 120, 'total_fallos', 0),
(1200, '2019-01-23 06:46:42', '2019-01-23 06:46:42', 173, 26, 120, 'total_fallos', 0),
(1201, '2019-01-23 06:46:59', '2019-01-23 06:46:59', 174, 56, 10, 'saque', 0),
(1202, '2019-01-23 06:46:59', '2019-01-23 06:46:59', 174, 62, 10, 'saque', 0),
(1203, '2019-01-23 06:46:59', '2019-01-23 06:46:59', 174, 7, 10, 'saque', 0),
(1204, '2019-01-23 06:46:59', '2019-01-23 06:46:59', 174, 24, 10, 'saque', 0),
(1205, '2019-01-23 06:46:59', '2019-01-23 06:46:59', 174, 56, 20, 'dos_paredes', 0),
(1206, '2019-01-23 06:46:59', '2019-01-23 06:46:59', 174, 62, 20, 'dos_paredes', 0),
(1207, '2019-01-23 06:46:59', '2019-01-23 06:46:59', 174, 7, 20, 'dos_paredes', 0),
(1208, '2019-01-23 06:46:59', '2019-01-23 06:46:59', 174, 24, 20, 'dos_paredes', 0),
(1209, '2019-01-23 06:46:59', '2019-01-23 06:46:59', 174, 56, 30, 'dejada', 0),
(1210, '2019-01-23 06:46:59', '2019-01-23 06:46:59', 174, 62, 30, 'dejada', 0),
(1211, '2019-01-23 06:46:59', '2019-01-23 06:46:59', 174, 7, 30, 'dejada', 0),
(1212, '2019-01-23 06:46:59', '2019-01-23 06:46:59', 174, 24, 30, 'dejada', 0),
(1213, '2019-01-23 06:46:59', '2019-01-23 06:46:59', 174, 56, 40, 'aire', 0),
(1214, '2019-01-23 06:46:59', '2019-01-23 06:46:59', 174, 62, 40, 'aire', 0),
(1215, '2019-01-23 06:46:59', '2019-01-23 06:46:59', 174, 7, 40, 'aire', 0),
(1216, '2019-01-23 06:46:59', '2019-01-23 06:46:59', 174, 24, 40, 'aire', 0),
(1217, '2019-01-23 06:46:59', '2019-01-23 06:46:59', 174, 56, 50, 'bote', 0),
(1218, '2019-01-23 06:46:59', '2019-01-23 06:46:59', 174, 62, 50, 'bote', 0),
(1219, '2019-01-23 06:46:59', '2019-01-23 06:46:59', 174, 7, 50, 'bote', 0),
(1220, '2019-01-23 06:46:59', '2019-01-23 06:46:59', 174, 24, 50, 'bote', 0),
(1221, '2019-01-23 06:46:59', '2019-01-23 06:46:59', 174, 56, 60, 'cortadas', 0),
(1222, '2019-01-23 06:46:59', '2019-01-23 06:46:59', 174, 62, 60, 'cortadas', 0),
(1223, '2019-01-23 06:46:59', '2019-01-23 06:46:59', 174, 7, 60, 'cortadas', 0),
(1224, '2019-01-23 06:46:59', '2019-01-23 06:46:59', 174, 24, 60, 'cortadas', 0),
(1225, '2019-01-23 06:46:59', '2019-01-23 06:46:59', 174, 56, 70, 'escapadas', 0),
(1226, '2019-01-23 06:46:59', '2019-01-23 06:46:59', 174, 62, 70, 'escapadas', 0),
(1227, '2019-01-23 06:46:59', '2019-01-23 06:46:59', 174, 7, 70, 'escapadas', 0),
(1228, '2019-01-23 06:46:59', '2019-01-23 06:46:59', 174, 24, 70, 'escapadas', 0),
(1229, '2019-01-23 06:46:59', '2019-01-23 06:46:59', 174, 56, 80, 'atras', 0),
(1230, '2019-01-23 06:46:59', '2019-01-23 06:46:59', 174, 62, 80, 'atras', 0),
(1231, '2019-01-23 06:46:59', '2019-01-23 06:46:59', 174, 7, 80, 'atras', 0),
(1232, '2019-01-23 06:46:59', '2019-01-23 06:46:59', 174, 24, 80, 'atras', 0),
(1233, '2019-01-23 06:46:59', '2019-01-23 06:46:59', 174, 56, 90, 'falta_saque', 0),
(1234, '2019-01-23 06:46:59', '2019-01-23 06:46:59', 174, 62, 90, 'falta_saque', 0),
(1235, '2019-01-23 06:46:59', '2019-01-23 06:46:59', 174, 7, 90, 'falta_saque', 0),
(1236, '2019-01-23 06:46:59', '2019-01-23 06:46:59', 174, 24, 90, 'falta_saque', 0),
(1237, '2019-01-23 06:46:59', '2019-01-23 06:46:59', 174, 56, 100, 'errores', 0),
(1238, '2019-01-23 06:46:59', '2019-01-23 06:46:59', 174, 62, 100, 'errores', 0),
(1239, '2019-01-23 06:46:59', '2019-01-23 06:46:59', 174, 7, 100, 'errores', 0),
(1240, '2019-01-23 06:46:59', '2019-01-23 06:46:59', 174, 24, 100, 'errores', 0),
(1241, '2019-01-23 06:46:59', '2019-01-23 06:46:59', 174, 56, 110, 'total_tantos', 0),
(1242, '2019-01-23 06:46:59', '2019-01-23 06:46:59', 174, 62, 110, 'total_tantos', 0),
(1243, '2019-01-23 06:46:59', '2019-01-23 06:46:59', 174, 7, 110, 'total_tantos', 0),
(1244, '2019-01-23 06:46:59', '2019-01-23 06:46:59', 174, 24, 110, 'total_tantos', 0),
(1245, '2019-01-23 06:46:59', '2019-01-23 06:46:59', 174, 56, 120, 'total_fallos', 0),
(1246, '2019-01-23 06:46:59', '2019-01-23 06:46:59', 174, 62, 120, 'total_fallos', 0),
(1247, '2019-01-23 06:46:59', '2019-01-23 06:46:59', 174, 7, 120, 'total_fallos', 0),
(1248, '2019-01-23 06:46:59', '2019-01-23 06:46:59', 174, 24, 120, 'total_fallos', 0),
(1249, '2019-01-23 06:47:24', '2019-01-23 06:47:24', 175, 2, 10, 'saque', 0),
(1250, '2019-01-23 06:47:24', '2019-01-23 06:47:24', 175, 29, 10, 'saque', 0),
(1251, '2019-01-23 06:47:24', '2019-01-23 06:47:24', 175, 25, 10, 'saque', 0),
(1252, '2019-01-23 06:47:24', '2019-01-23 06:47:24', 175, 27, 10, 'saque', 0),
(1253, '2019-01-23 06:47:24', '2019-01-23 06:47:24', 175, 2, 20, 'dos_paredes', 0),
(1254, '2019-01-23 06:47:24', '2019-01-23 06:47:24', 175, 29, 20, 'dos_paredes', 0),
(1255, '2019-01-23 06:47:24', '2019-01-23 06:47:24', 175, 25, 20, 'dos_paredes', 0),
(1256, '2019-01-23 06:47:24', '2019-01-23 06:47:24', 175, 27, 20, 'dos_paredes', 0),
(1257, '2019-01-23 06:47:24', '2019-01-23 06:47:24', 175, 2, 30, 'dejada', 0),
(1258, '2019-01-23 06:47:24', '2019-01-23 06:47:24', 175, 29, 30, 'dejada', 0),
(1259, '2019-01-23 06:47:24', '2019-01-23 06:47:24', 175, 25, 30, 'dejada', 0),
(1260, '2019-01-23 06:47:24', '2019-01-23 06:47:24', 175, 27, 30, 'dejada', 0),
(1261, '2019-01-23 06:47:24', '2019-01-23 06:47:24', 175, 2, 40, 'aire', 0),
(1262, '2019-01-23 06:47:24', '2019-01-23 06:47:24', 175, 29, 40, 'aire', 0),
(1263, '2019-01-23 06:47:24', '2019-01-23 06:47:24', 175, 25, 40, 'aire', 0),
(1264, '2019-01-23 06:47:24', '2019-01-23 06:47:24', 175, 27, 40, 'aire', 0),
(1265, '2019-01-23 06:47:24', '2019-01-23 06:47:24', 175, 2, 50, 'bote', 0),
(1266, '2019-01-23 06:47:24', '2019-01-23 06:47:24', 175, 29, 50, 'bote', 0),
(1267, '2019-01-23 06:47:24', '2019-01-23 06:47:24', 175, 25, 50, 'bote', 0),
(1268, '2019-01-23 06:47:24', '2019-01-23 06:47:24', 175, 27, 50, 'bote', 0),
(1269, '2019-01-23 06:47:24', '2019-01-23 06:47:24', 175, 2, 60, 'cortadas', 0),
(1270, '2019-01-23 06:47:24', '2019-01-23 06:47:24', 175, 29, 60, 'cortadas', 0),
(1271, '2019-01-23 06:47:24', '2019-01-23 06:47:24', 175, 25, 60, 'cortadas', 0),
(1272, '2019-01-23 06:47:24', '2019-01-23 06:47:24', 175, 27, 60, 'cortadas', 0),
(1273, '2019-01-23 06:47:24', '2019-01-23 06:47:24', 175, 2, 70, 'escapadas', 0),
(1274, '2019-01-23 06:47:24', '2019-01-23 06:47:24', 175, 29, 70, 'escapadas', 0),
(1275, '2019-01-23 06:47:24', '2019-01-23 06:47:24', 175, 25, 70, 'escapadas', 0),
(1276, '2019-01-23 06:47:24', '2019-01-23 06:47:24', 175, 27, 70, 'escapadas', 0),
(1277, '2019-01-23 06:47:24', '2019-01-23 06:47:24', 175, 2, 80, 'atras', 0),
(1278, '2019-01-23 06:47:24', '2019-01-23 06:47:24', 175, 29, 80, 'atras', 0),
(1279, '2019-01-23 06:47:24', '2019-01-23 06:47:24', 175, 25, 80, 'atras', 0),
(1280, '2019-01-23 06:47:24', '2019-01-23 06:47:24', 175, 27, 80, 'atras', 0),
(1281, '2019-01-23 06:47:24', '2019-01-23 06:47:24', 175, 2, 90, 'falta_saque', 0),
(1282, '2019-01-23 06:47:24', '2019-01-23 06:47:24', 175, 29, 90, 'falta_saque', 0),
(1283, '2019-01-23 06:47:24', '2019-01-23 06:47:24', 175, 25, 90, 'falta_saque', 0),
(1284, '2019-01-23 06:47:24', '2019-01-23 06:47:24', 175, 27, 90, 'falta_saque', 0),
(1285, '2019-01-23 06:47:24', '2019-01-23 06:47:24', 175, 2, 100, 'errores', 0),
(1286, '2019-01-23 06:47:24', '2019-01-23 06:47:24', 175, 29, 100, 'errores', 0),
(1287, '2019-01-23 06:47:24', '2019-01-23 06:47:24', 175, 25, 100, 'errores', 0),
(1288, '2019-01-23 06:47:24', '2019-01-23 06:47:24', 175, 27, 100, 'errores', 0),
(1289, '2019-01-23 06:47:24', '2019-01-23 06:47:24', 175, 2, 110, 'total_tantos', 0),
(1290, '2019-01-23 06:47:24', '2019-01-23 06:47:24', 175, 29, 110, 'total_tantos', 0),
(1291, '2019-01-23 06:47:24', '2019-01-23 06:47:24', 175, 25, 110, 'total_tantos', 0),
(1292, '2019-01-23 06:47:24', '2019-01-23 06:47:24', 175, 27, 110, 'total_tantos', 0),
(1293, '2019-01-23 06:47:24', '2019-01-23 06:47:24', 175, 2, 120, 'total_fallos', 0),
(1294, '2019-01-23 06:47:24', '2019-01-23 06:47:24', 175, 29, 120, 'total_fallos', 0),
(1295, '2019-01-23 06:47:24', '2019-01-23 06:47:24', 175, 25, 120, 'total_fallos', 0),
(1296, '2019-01-23 06:47:24', '2019-01-23 06:47:24', 175, 27, 120, 'total_fallos', 0),
(1297, '2019-01-23 06:48:37', '2019-01-23 06:48:37', 169, 44, 10, 'saque', 0),
(1298, '2019-01-23 06:48:37', '2019-01-23 06:48:37', 169, 70, 10, 'saque', 0),
(1299, '2019-01-23 06:48:37', '2019-01-23 06:48:37', 169, 53, 10, 'saque', 0),
(1300, '2019-01-23 06:48:37', '2019-01-23 06:48:37', 169, 72, 10, 'saque', 0),
(1301, '2019-01-23 06:48:37', '2019-01-23 06:48:37', 169, 44, 20, 'dos_paredes', 0),
(1302, '2019-01-23 06:48:37', '2019-01-23 06:48:37', 169, 70, 20, 'dos_paredes', 0),
(1303, '2019-01-23 06:48:37', '2019-01-23 06:48:37', 169, 53, 20, 'dos_paredes', 0),
(1304, '2019-01-23 06:48:37', '2019-01-23 06:48:37', 169, 72, 20, 'dos_paredes', 0),
(1305, '2019-01-23 06:48:37', '2019-01-23 06:48:37', 169, 44, 30, 'dejada', 0),
(1306, '2019-01-23 06:48:37', '2019-01-23 06:48:37', 169, 70, 30, 'dejada', 0),
(1307, '2019-01-23 06:48:37', '2019-01-23 06:48:37', 169, 53, 30, 'dejada', 0),
(1308, '2019-01-23 06:48:37', '2019-01-23 06:48:37', 169, 72, 30, 'dejada', 0);
INSERT INTO `festival_partido_tanteo` (`id`, `created_at`, `updated_at`, `festival_partido_id`, `pelotari_id`, `tanteo_order`, `tanteo_desc`, `tanteo`) VALUES
(1309, '2019-01-23 06:48:37', '2019-01-23 06:48:37', 169, 44, 40, 'aire', 0),
(1310, '2019-01-23 06:48:37', '2019-01-23 06:48:37', 169, 70, 40, 'aire', 0),
(1311, '2019-01-23 06:48:37', '2019-01-23 06:48:37', 169, 53, 40, 'aire', 0),
(1312, '2019-01-23 06:48:37', '2019-01-23 06:48:37', 169, 72, 40, 'aire', 0),
(1313, '2019-01-23 06:48:37', '2019-01-23 06:48:37', 169, 44, 50, 'bote', 0),
(1314, '2019-01-23 06:48:37', '2019-01-23 06:48:37', 169, 70, 50, 'bote', 0),
(1315, '2019-01-23 06:48:37', '2019-01-23 06:48:37', 169, 53, 50, 'bote', 0),
(1316, '2019-01-23 06:48:37', '2019-01-23 06:48:37', 169, 72, 50, 'bote', 0),
(1317, '2019-01-23 06:48:37', '2019-01-23 06:48:37', 169, 44, 60, 'cortadas', 0),
(1318, '2019-01-23 06:48:37', '2019-01-23 06:48:37', 169, 70, 60, 'cortadas', 0),
(1319, '2019-01-23 06:48:37', '2019-01-23 06:48:37', 169, 53, 60, 'cortadas', 0),
(1320, '2019-01-23 06:48:37', '2019-01-23 06:48:37', 169, 72, 60, 'cortadas', 0),
(1321, '2019-01-23 06:48:37', '2019-01-23 06:48:37', 169, 44, 70, 'escapadas', 0),
(1322, '2019-01-23 06:48:37', '2019-01-23 06:48:37', 169, 70, 70, 'escapadas', 0),
(1323, '2019-01-23 06:48:37', '2019-01-23 06:48:37', 169, 53, 70, 'escapadas', 0),
(1324, '2019-01-23 06:48:37', '2019-01-23 06:48:37', 169, 72, 70, 'escapadas', 0),
(1325, '2019-01-23 06:48:37', '2019-01-23 06:48:37', 169, 44, 80, 'atras', 0),
(1326, '2019-01-23 06:48:37', '2019-01-23 06:48:37', 169, 70, 80, 'atras', 0),
(1327, '2019-01-23 06:48:37', '2019-01-23 06:48:37', 169, 53, 80, 'atras', 0),
(1328, '2019-01-23 06:48:37', '2019-01-23 06:48:37', 169, 72, 80, 'atras', 0),
(1329, '2019-01-23 06:48:37', '2019-01-23 06:48:37', 169, 44, 90, 'falta_saque', 0),
(1330, '2019-01-23 06:48:37', '2019-01-23 06:48:37', 169, 70, 90, 'falta_saque', 0),
(1331, '2019-01-23 06:48:37', '2019-01-23 06:48:37', 169, 53, 90, 'falta_saque', 0),
(1332, '2019-01-23 06:48:37', '2019-01-23 06:48:37', 169, 72, 90, 'falta_saque', 0),
(1333, '2019-01-23 06:48:37', '2019-01-23 06:48:37', 169, 44, 100, 'errores', 0),
(1334, '2019-01-23 06:48:37', '2019-01-23 06:48:37', 169, 70, 100, 'errores', 0),
(1335, '2019-01-23 06:48:37', '2019-01-23 06:48:37', 169, 53, 100, 'errores', 0),
(1336, '2019-01-23 06:48:37', '2019-01-23 06:48:37', 169, 72, 100, 'errores', 0),
(1337, '2019-01-23 06:48:37', '2019-01-23 06:48:37', 169, 44, 110, 'total_tantos', 0),
(1338, '2019-01-23 06:48:37', '2019-01-23 06:48:37', 169, 70, 110, 'total_tantos', 0),
(1339, '2019-01-23 06:48:37', '2019-01-23 06:48:37', 169, 53, 110, 'total_tantos', 0),
(1340, '2019-01-23 06:48:37', '2019-01-23 06:48:37', 169, 72, 110, 'total_tantos', 0),
(1341, '2019-01-23 06:48:37', '2019-01-23 06:48:37', 169, 44, 120, 'total_fallos', 0),
(1342, '2019-01-23 06:48:37', '2019-01-23 06:48:37', 169, 70, 120, 'total_fallos', 0),
(1343, '2019-01-23 06:48:37', '2019-01-23 06:48:37', 169, 53, 120, 'total_fallos', 0),
(1344, '2019-01-23 06:48:37', '2019-01-23 06:48:37', 169, 72, 120, 'total_fallos', 0),
(1345, '2019-01-23 06:49:06', '2019-01-23 06:49:06', 170, 3, 10, 'saque', 0),
(1346, '2019-01-23 06:49:06', '2019-01-23 06:49:06', 170, 19, 10, 'saque', 0),
(1347, '2019-01-23 06:49:06', '2019-01-23 06:49:06', 170, 54, 10, 'saque', 0),
(1348, '2019-01-23 06:49:06', '2019-01-23 06:49:06', 170, 67, 10, 'saque', 0),
(1349, '2019-01-23 06:49:06', '2019-01-23 06:49:06', 170, 3, 20, 'dos_paredes', 0),
(1350, '2019-01-23 06:49:06', '2019-01-23 06:49:06', 170, 19, 20, 'dos_paredes', 0),
(1351, '2019-01-23 06:49:06', '2019-01-23 06:49:06', 170, 54, 20, 'dos_paredes', 0),
(1352, '2019-01-23 06:49:06', '2019-01-23 06:49:06', 170, 67, 20, 'dos_paredes', 0),
(1353, '2019-01-23 06:49:06', '2019-01-23 06:49:06', 170, 3, 30, 'dejada', 0),
(1354, '2019-01-23 06:49:06', '2019-01-23 06:49:06', 170, 19, 30, 'dejada', 0),
(1355, '2019-01-23 06:49:06', '2019-01-23 06:49:06', 170, 54, 30, 'dejada', 0),
(1356, '2019-01-23 06:49:06', '2019-01-23 06:49:06', 170, 67, 30, 'dejada', 0),
(1357, '2019-01-23 06:49:06', '2019-01-23 06:49:06', 170, 3, 40, 'aire', 0),
(1358, '2019-01-23 06:49:06', '2019-01-23 06:49:06', 170, 19, 40, 'aire', 0),
(1359, '2019-01-23 06:49:06', '2019-01-23 06:49:06', 170, 54, 40, 'aire', 0),
(1360, '2019-01-23 06:49:06', '2019-01-23 06:49:06', 170, 67, 40, 'aire', 0),
(1361, '2019-01-23 06:49:06', '2019-01-23 06:49:06', 170, 3, 50, 'bote', 0),
(1362, '2019-01-23 06:49:06', '2019-01-23 06:49:06', 170, 19, 50, 'bote', 0),
(1363, '2019-01-23 06:49:06', '2019-01-23 06:49:06', 170, 54, 50, 'bote', 0),
(1364, '2019-01-23 06:49:06', '2019-01-23 06:49:06', 170, 67, 50, 'bote', 0),
(1365, '2019-01-23 06:49:06', '2019-01-23 06:49:06', 170, 3, 60, 'cortadas', 0),
(1366, '2019-01-23 06:49:06', '2019-01-23 06:49:06', 170, 19, 60, 'cortadas', 0),
(1367, '2019-01-23 06:49:06', '2019-01-23 06:49:06', 170, 54, 60, 'cortadas', 0),
(1368, '2019-01-23 06:49:06', '2019-01-23 06:49:06', 170, 67, 60, 'cortadas', 0),
(1369, '2019-01-23 06:49:06', '2019-01-23 06:49:06', 170, 3, 70, 'escapadas', 0),
(1370, '2019-01-23 06:49:06', '2019-01-23 06:49:06', 170, 19, 70, 'escapadas', 0),
(1371, '2019-01-23 06:49:06', '2019-01-23 06:49:06', 170, 54, 70, 'escapadas', 0),
(1372, '2019-01-23 06:49:06', '2019-01-23 06:49:06', 170, 67, 70, 'escapadas', 0),
(1373, '2019-01-23 06:49:06', '2019-01-23 06:49:06', 170, 3, 80, 'atras', 0),
(1374, '2019-01-23 06:49:06', '2019-01-23 06:49:06', 170, 19, 80, 'atras', 0),
(1375, '2019-01-23 06:49:06', '2019-01-23 06:49:06', 170, 54, 80, 'atras', 0),
(1376, '2019-01-23 06:49:06', '2019-01-23 06:49:06', 170, 67, 80, 'atras', 0),
(1377, '2019-01-23 06:49:06', '2019-01-23 06:49:06', 170, 3, 90, 'falta_saque', 0),
(1378, '2019-01-23 06:49:06', '2019-01-23 06:49:06', 170, 19, 90, 'falta_saque', 0),
(1379, '2019-01-23 06:49:06', '2019-01-23 06:49:06', 170, 54, 90, 'falta_saque', 0),
(1380, '2019-01-23 06:49:06', '2019-01-23 06:49:06', 170, 67, 90, 'falta_saque', 0),
(1381, '2019-01-23 06:49:06', '2019-01-23 06:49:06', 170, 3, 100, 'errores', 0),
(1382, '2019-01-23 06:49:06', '2019-01-23 06:49:06', 170, 19, 100, 'errores', 0),
(1383, '2019-01-23 06:49:06', '2019-01-23 06:49:06', 170, 54, 100, 'errores', 0),
(1384, '2019-01-23 06:49:06', '2019-01-23 06:49:06', 170, 67, 100, 'errores', 0),
(1385, '2019-01-23 06:49:06', '2019-01-23 06:49:06', 170, 3, 110, 'total_tantos', 0),
(1386, '2019-01-23 06:49:06', '2019-01-23 06:49:06', 170, 19, 110, 'total_tantos', 0),
(1387, '2019-01-23 06:49:06', '2019-01-23 06:49:06', 170, 54, 110, 'total_tantos', 0),
(1388, '2019-01-23 06:49:06', '2019-01-23 06:49:06', 170, 67, 110, 'total_tantos', 0),
(1389, '2019-01-23 06:49:06', '2019-01-23 06:49:06', 170, 3, 120, 'total_fallos', 0),
(1390, '2019-01-23 06:49:06', '2019-01-23 06:49:06', 170, 19, 120, 'total_fallos', 0),
(1391, '2019-01-23 06:49:06', '2019-01-23 06:49:06', 170, 54, 120, 'total_fallos', 0),
(1392, '2019-01-23 06:49:06', '2019-01-23 06:49:06', 170, 67, 120, 'total_fallos', 0),
(1393, '2019-01-29 06:53:38', '2019-01-29 06:53:38', 178, 44, 10, 'saque', 0),
(1394, '2019-01-29 06:53:38', '2019-01-29 06:53:38', 178, 70, 10, 'saque', 0),
(1395, '2019-01-29 06:53:38', '2019-01-29 06:53:38', 178, 25, 10, 'saque', 0),
(1396, '2019-01-29 06:53:38', '2019-01-29 06:53:38', 178, 27, 10, 'saque', 0),
(1397, '2019-01-29 06:53:38', '2019-01-29 06:53:38', 178, 44, 20, 'dos_paredes', 0),
(1398, '2019-01-29 06:53:38', '2019-01-29 06:53:38', 178, 70, 20, 'dos_paredes', 0),
(1399, '2019-01-29 06:53:38', '2019-01-29 06:53:38', 178, 25, 20, 'dos_paredes', 0),
(1400, '2019-01-29 06:53:38', '2019-01-29 06:53:38', 178, 27, 20, 'dos_paredes', 0),
(1401, '2019-01-29 06:53:38', '2019-01-29 06:53:38', 178, 44, 30, 'dejada', 0),
(1402, '2019-01-29 06:53:38', '2019-01-29 06:53:38', 178, 70, 30, 'dejada', 0),
(1403, '2019-01-29 06:53:38', '2019-01-29 06:53:38', 178, 25, 30, 'dejada', 0),
(1404, '2019-01-29 06:53:38', '2019-01-29 06:53:38', 178, 27, 30, 'dejada', 0),
(1405, '2019-01-29 06:53:38', '2019-01-29 06:53:38', 178, 44, 40, 'aire', 0),
(1406, '2019-01-29 06:53:38', '2019-01-29 06:53:38', 178, 70, 40, 'aire', 0),
(1407, '2019-01-29 06:53:38', '2019-01-29 06:53:38', 178, 25, 40, 'aire', 0),
(1408, '2019-01-29 06:53:38', '2019-01-29 06:53:38', 178, 27, 40, 'aire', 0),
(1409, '2019-01-29 06:53:38', '2019-01-29 06:53:38', 178, 44, 50, 'bote', 0),
(1410, '2019-01-29 06:53:38', '2019-01-29 06:53:38', 178, 70, 50, 'bote', 0),
(1411, '2019-01-29 06:53:38', '2019-01-29 06:53:38', 178, 25, 50, 'bote', 0),
(1412, '2019-01-29 06:53:38', '2019-01-29 06:53:38', 178, 27, 50, 'bote', 0),
(1413, '2019-01-29 06:53:38', '2019-01-29 06:53:38', 178, 44, 60, 'cortadas', 0),
(1414, '2019-01-29 06:53:38', '2019-01-29 06:53:38', 178, 70, 60, 'cortadas', 0),
(1415, '2019-01-29 06:53:38', '2019-01-29 06:53:38', 178, 25, 60, 'cortadas', 0),
(1416, '2019-01-29 06:53:38', '2019-01-29 06:53:38', 178, 27, 60, 'cortadas', 0),
(1417, '2019-01-29 06:53:38', '2019-01-29 06:53:38', 178, 44, 70, 'escapadas', 0),
(1418, '2019-01-29 06:53:38', '2019-01-29 06:53:38', 178, 70, 70, 'escapadas', 0),
(1419, '2019-01-29 06:53:38', '2019-01-29 06:53:38', 178, 25, 70, 'escapadas', 0),
(1420, '2019-01-29 06:53:38', '2019-01-29 06:53:38', 178, 27, 70, 'escapadas', 0),
(1421, '2019-01-29 06:53:38', '2019-01-29 06:53:38', 178, 44, 80, 'atras', 0),
(1422, '2019-01-29 06:53:38', '2019-01-29 06:53:38', 178, 70, 80, 'atras', 0),
(1423, '2019-01-29 06:53:38', '2019-01-29 06:53:38', 178, 25, 80, 'atras', 0),
(1424, '2019-01-29 06:53:38', '2019-01-29 06:53:38', 178, 27, 80, 'atras', 0),
(1425, '2019-01-29 06:53:38', '2019-01-29 06:53:38', 178, 44, 90, 'falta_saque', 0),
(1426, '2019-01-29 06:53:38', '2019-01-29 06:53:38', 178, 70, 90, 'falta_saque', 0),
(1427, '2019-01-29 06:53:38', '2019-01-29 06:53:38', 178, 25, 90, 'falta_saque', 0),
(1428, '2019-01-29 06:53:38', '2019-01-29 06:53:38', 178, 27, 90, 'falta_saque', 0),
(1429, '2019-01-29 06:53:38', '2019-01-29 06:53:38', 178, 44, 100, 'errores', 0),
(1430, '2019-01-29 06:53:38', '2019-01-29 06:53:38', 178, 70, 100, 'errores', 0),
(1431, '2019-01-29 06:53:38', '2019-01-29 06:53:38', 178, 25, 100, 'errores', 0),
(1432, '2019-01-29 06:53:38', '2019-01-29 06:53:38', 178, 27, 100, 'errores', 0),
(1433, '2019-01-29 06:53:38', '2019-01-29 06:53:38', 178, 44, 110, 'total_tantos', 0),
(1434, '2019-01-29 06:53:38', '2019-01-29 06:53:38', 178, 70, 110, 'total_tantos', 0),
(1435, '2019-01-29 06:53:38', '2019-01-29 06:53:38', 178, 25, 110, 'total_tantos', 0),
(1436, '2019-01-29 06:53:38', '2019-01-29 06:53:38', 178, 27, 110, 'total_tantos', 0),
(1437, '2019-01-29 06:53:38', '2019-01-29 06:53:38', 178, 44, 120, 'total_fallos', 0),
(1438, '2019-01-29 06:53:38', '2019-01-29 06:53:38', 178, 70, 120, 'total_fallos', 0),
(1439, '2019-01-29 06:53:38', '2019-01-29 06:53:38', 178, 25, 120, 'total_fallos', 0),
(1440, '2019-01-29 06:53:38', '2019-01-29 06:53:38', 178, 27, 120, 'total_fallos', 0),
(1441, '2019-01-29 06:54:03', '2019-01-29 06:54:03', 179, 66, 10, 'saque', 0),
(1442, '2019-01-29 06:54:03', '2019-01-29 06:54:03', 179, 42, 10, 'saque', 0),
(1443, '2019-01-29 06:54:03', '2019-01-29 06:54:03', 179, 54, 10, 'saque', 0),
(1444, '2019-01-29 06:54:03', '2019-01-29 06:54:03', 179, 67, 10, 'saque', 0),
(1445, '2019-01-29 06:54:03', '2019-01-29 06:54:03', 179, 66, 20, 'dos_paredes', 0),
(1446, '2019-01-29 06:54:03', '2019-01-29 06:54:03', 179, 42, 20, 'dos_paredes', 0),
(1447, '2019-01-29 06:54:03', '2019-01-29 06:54:03', 179, 54, 20, 'dos_paredes', 0),
(1448, '2019-01-29 06:54:03', '2019-01-29 06:54:03', 179, 67, 20, 'dos_paredes', 0),
(1449, '2019-01-29 06:54:03', '2019-01-29 06:54:03', 179, 66, 30, 'dejada', 0),
(1450, '2019-01-29 06:54:03', '2019-01-29 06:54:03', 179, 42, 30, 'dejada', 0),
(1451, '2019-01-29 06:54:03', '2019-01-29 06:54:03', 179, 54, 30, 'dejada', 0),
(1452, '2019-01-29 06:54:03', '2019-01-29 06:54:03', 179, 67, 30, 'dejada', 0),
(1453, '2019-01-29 06:54:03', '2019-01-29 06:54:03', 179, 66, 40, 'aire', 0),
(1454, '2019-01-29 06:54:03', '2019-01-29 06:54:03', 179, 42, 40, 'aire', 0),
(1455, '2019-01-29 06:54:03', '2019-01-29 06:54:03', 179, 54, 40, 'aire', 0),
(1456, '2019-01-29 06:54:03', '2019-01-29 06:54:03', 179, 67, 40, 'aire', 0),
(1457, '2019-01-29 06:54:03', '2019-01-29 06:54:03', 179, 66, 50, 'bote', 0),
(1458, '2019-01-29 06:54:03', '2019-01-29 06:54:03', 179, 42, 50, 'bote', 0),
(1459, '2019-01-29 06:54:03', '2019-01-29 06:54:03', 179, 54, 50, 'bote', 0),
(1460, '2019-01-29 06:54:03', '2019-01-29 06:54:03', 179, 67, 50, 'bote', 0),
(1461, '2019-01-29 06:54:03', '2019-01-29 06:54:03', 179, 66, 60, 'cortadas', 0),
(1462, '2019-01-29 06:54:03', '2019-01-29 06:54:03', 179, 42, 60, 'cortadas', 0),
(1463, '2019-01-29 06:54:03', '2019-01-29 06:54:03', 179, 54, 60, 'cortadas', 0),
(1464, '2019-01-29 06:54:03', '2019-01-29 06:54:03', 179, 67, 60, 'cortadas', 0),
(1465, '2019-01-29 06:54:03', '2019-01-29 06:54:03', 179, 66, 70, 'escapadas', 0),
(1466, '2019-01-29 06:54:03', '2019-01-29 06:54:03', 179, 42, 70, 'escapadas', 0),
(1467, '2019-01-29 06:54:03', '2019-01-29 06:54:03', 179, 54, 70, 'escapadas', 0),
(1468, '2019-01-29 06:54:03', '2019-01-29 06:54:03', 179, 67, 70, 'escapadas', 0),
(1469, '2019-01-29 06:54:03', '2019-01-29 06:54:03', 179, 66, 80, 'atras', 0),
(1470, '2019-01-29 06:54:03', '2019-01-29 06:54:03', 179, 42, 80, 'atras', 0),
(1471, '2019-01-29 06:54:03', '2019-01-29 06:54:03', 179, 54, 80, 'atras', 0),
(1472, '2019-01-29 06:54:03', '2019-01-29 06:54:03', 179, 67, 80, 'atras', 0),
(1473, '2019-01-29 06:54:03', '2019-01-29 06:54:03', 179, 66, 90, 'falta_saque', 0),
(1474, '2019-01-29 06:54:03', '2019-01-29 06:54:03', 179, 42, 90, 'falta_saque', 0),
(1475, '2019-01-29 06:54:03', '2019-01-29 06:54:03', 179, 54, 90, 'falta_saque', 0),
(1476, '2019-01-29 06:54:03', '2019-01-29 06:54:03', 179, 67, 90, 'falta_saque', 0),
(1477, '2019-01-29 06:54:03', '2019-01-29 06:54:03', 179, 66, 100, 'errores', 0),
(1478, '2019-01-29 06:54:03', '2019-01-29 06:54:03', 179, 42, 100, 'errores', 0),
(1479, '2019-01-29 06:54:03', '2019-01-29 06:54:03', 179, 54, 100, 'errores', 0),
(1480, '2019-01-29 06:54:03', '2019-01-29 06:54:03', 179, 67, 100, 'errores', 0),
(1481, '2019-01-29 06:54:03', '2019-01-29 06:54:03', 179, 66, 110, 'total_tantos', 0),
(1482, '2019-01-29 06:54:03', '2019-01-29 06:54:03', 179, 42, 110, 'total_tantos', 0),
(1483, '2019-01-29 06:54:03', '2019-01-29 06:54:03', 179, 54, 110, 'total_tantos', 0),
(1484, '2019-01-29 06:54:03', '2019-01-29 06:54:03', 179, 67, 110, 'total_tantos', 0),
(1485, '2019-01-29 06:54:03', '2019-01-29 06:54:03', 179, 66, 120, 'total_fallos', 0),
(1486, '2019-01-29 06:54:03', '2019-01-29 06:54:03', 179, 42, 120, 'total_fallos', 0),
(1487, '2019-01-29 06:54:03', '2019-01-29 06:54:03', 179, 54, 120, 'total_fallos', 0),
(1488, '2019-01-29 06:54:03', '2019-01-29 06:54:03', 179, 67, 120, 'total_fallos', 0),
(1489, '2019-01-29 06:54:42', '2019-01-29 06:54:42', 185, 52, 10, 'saque', 0),
(1490, '2019-01-29 06:54:42', '2019-01-29 06:54:42', 185, 58, 10, 'saque', 0),
(1491, '2019-01-29 06:54:42', '2019-01-29 06:54:42', 185, 74, 10, 'saque', 0),
(1492, '2019-01-29 06:54:42', '2019-01-29 06:54:42', 185, 61, 10, 'saque', 0),
(1493, '2019-01-29 06:54:42', '2019-01-29 06:54:42', 185, 52, 20, 'dos_paredes', 0),
(1494, '2019-01-29 06:54:42', '2019-01-29 06:54:42', 185, 58, 20, 'dos_paredes', 0),
(1495, '2019-01-29 06:54:42', '2019-01-29 06:54:42', 185, 74, 20, 'dos_paredes', 0),
(1496, '2019-01-29 06:54:42', '2019-01-29 06:54:42', 185, 61, 20, 'dos_paredes', 0),
(1497, '2019-01-29 06:54:42', '2019-01-29 06:54:42', 185, 52, 30, 'dejada', 0),
(1498, '2019-01-29 06:54:42', '2019-01-29 06:54:42', 185, 58, 30, 'dejada', 0),
(1499, '2019-01-29 06:54:42', '2019-01-29 06:54:42', 185, 74, 30, 'dejada', 0),
(1500, '2019-01-29 06:54:42', '2019-01-29 06:54:42', 185, 61, 30, 'dejada', 0),
(1501, '2019-01-29 06:54:42', '2019-01-29 06:54:42', 185, 52, 40, 'aire', 0),
(1502, '2019-01-29 06:54:42', '2019-01-29 06:54:42', 185, 58, 40, 'aire', 0),
(1503, '2019-01-29 06:54:42', '2019-01-29 06:54:42', 185, 74, 40, 'aire', 0),
(1504, '2019-01-29 06:54:42', '2019-01-29 06:54:42', 185, 61, 40, 'aire', 0),
(1505, '2019-01-29 06:54:42', '2019-01-29 06:54:42', 185, 52, 50, 'bote', 0),
(1506, '2019-01-29 06:54:42', '2019-01-29 06:54:42', 185, 58, 50, 'bote', 0),
(1507, '2019-01-29 06:54:42', '2019-01-29 06:54:42', 185, 74, 50, 'bote', 0),
(1508, '2019-01-29 06:54:42', '2019-01-29 06:54:42', 185, 61, 50, 'bote', 0),
(1509, '2019-01-29 06:54:42', '2019-01-29 06:54:42', 185, 52, 60, 'cortadas', 0),
(1510, '2019-01-29 06:54:42', '2019-01-29 06:54:42', 185, 58, 60, 'cortadas', 0),
(1511, '2019-01-29 06:54:42', '2019-01-29 06:54:42', 185, 74, 60, 'cortadas', 0),
(1512, '2019-01-29 06:54:42', '2019-01-29 06:54:42', 185, 61, 60, 'cortadas', 0),
(1513, '2019-01-29 06:54:42', '2019-01-29 06:54:42', 185, 52, 70, 'escapadas', 0),
(1514, '2019-01-29 06:54:42', '2019-01-29 06:54:42', 185, 58, 70, 'escapadas', 0),
(1515, '2019-01-29 06:54:42', '2019-01-29 06:54:42', 185, 74, 70, 'escapadas', 0),
(1516, '2019-01-29 06:54:42', '2019-01-29 06:54:42', 185, 61, 70, 'escapadas', 0),
(1517, '2019-01-29 06:54:42', '2019-01-29 06:54:42', 185, 52, 80, 'atras', 0),
(1518, '2019-01-29 06:54:42', '2019-01-29 06:54:42', 185, 58, 80, 'atras', 0),
(1519, '2019-01-29 06:54:42', '2019-01-29 06:54:42', 185, 74, 80, 'atras', 0),
(1520, '2019-01-29 06:54:42', '2019-01-29 06:54:42', 185, 61, 80, 'atras', 0),
(1521, '2019-01-29 06:54:42', '2019-01-29 06:54:42', 185, 52, 90, 'falta_saque', 0),
(1522, '2019-01-29 06:54:42', '2019-01-29 06:54:42', 185, 58, 90, 'falta_saque', 0),
(1523, '2019-01-29 06:54:42', '2019-01-29 06:54:42', 185, 74, 90, 'falta_saque', 0),
(1524, '2019-01-29 06:54:42', '2019-01-29 06:54:42', 185, 61, 90, 'falta_saque', 0),
(1525, '2019-01-29 06:54:42', '2019-01-29 06:54:42', 185, 52, 100, 'errores', 0),
(1526, '2019-01-29 06:54:42', '2019-01-29 06:54:42', 185, 58, 100, 'errores', 0),
(1527, '2019-01-29 06:54:42', '2019-01-29 06:54:42', 185, 74, 100, 'errores', 0),
(1528, '2019-01-29 06:54:42', '2019-01-29 06:54:42', 185, 61, 100, 'errores', 0),
(1529, '2019-01-29 06:54:42', '2019-01-29 06:54:42', 185, 52, 110, 'total_tantos', 0),
(1530, '2019-01-29 06:54:42', '2019-01-29 06:54:42', 185, 58, 110, 'total_tantos', 0),
(1531, '2019-01-29 06:54:42', '2019-01-29 06:54:42', 185, 74, 110, 'total_tantos', 0),
(1532, '2019-01-29 06:54:42', '2019-01-29 06:54:42', 185, 61, 110, 'total_tantos', 0),
(1533, '2019-01-29 06:54:42', '2019-01-29 06:54:42', 185, 52, 120, 'total_fallos', 0),
(1534, '2019-01-29 06:54:42', '2019-01-29 06:54:42', 185, 58, 120, 'total_fallos', 0),
(1535, '2019-01-29 06:54:42', '2019-01-29 06:54:42', 185, 74, 120, 'total_fallos', 0),
(1536, '2019-01-29 06:54:42', '2019-01-29 06:54:42', 185, 61, 120, 'total_fallos', 0),
(1537, '2019-01-29 06:55:22', '2019-01-29 06:55:22', 184, 4, 10, 'saque', 0),
(1538, '2019-01-29 06:55:22', '2019-01-29 06:55:22', 184, 26, 10, 'saque', 0),
(1539, '2019-01-29 06:55:22', '2019-01-29 06:55:22', 184, 77, 10, 'saque', 0),
(1540, '2019-01-29 06:55:22', '2019-01-29 06:55:22', 184, 57, 10, 'saque', 0),
(1541, '2019-01-29 06:55:22', '2019-01-29 06:55:22', 184, 4, 20, 'dos_paredes', 0),
(1542, '2019-01-29 06:55:22', '2019-01-29 06:55:22', 184, 26, 20, 'dos_paredes', 0),
(1543, '2019-01-29 06:55:22', '2019-01-29 06:55:22', 184, 77, 20, 'dos_paredes', 0),
(1544, '2019-01-29 06:55:22', '2019-01-29 06:55:22', 184, 57, 20, 'dos_paredes', 0),
(1545, '2019-01-29 06:55:22', '2019-01-29 06:55:22', 184, 4, 30, 'dejada', 0),
(1546, '2019-01-29 06:55:22', '2019-01-29 06:55:22', 184, 26, 30, 'dejada', 0),
(1547, '2019-01-29 06:55:22', '2019-01-29 06:55:22', 184, 77, 30, 'dejada', 0),
(1548, '2019-01-29 06:55:22', '2019-01-29 06:55:22', 184, 57, 30, 'dejada', 0),
(1549, '2019-01-29 06:55:22', '2019-01-29 06:55:22', 184, 4, 40, 'aire', 0),
(1550, '2019-01-29 06:55:22', '2019-01-29 06:55:22', 184, 26, 40, 'aire', 0),
(1551, '2019-01-29 06:55:22', '2019-01-29 06:55:22', 184, 77, 40, 'aire', 0),
(1552, '2019-01-29 06:55:22', '2019-01-29 06:55:22', 184, 57, 40, 'aire', 0),
(1553, '2019-01-29 06:55:22', '2019-01-29 06:55:22', 184, 4, 50, 'bote', 0),
(1554, '2019-01-29 06:55:22', '2019-01-29 06:55:22', 184, 26, 50, 'bote', 0),
(1555, '2019-01-29 06:55:22', '2019-01-29 06:55:22', 184, 77, 50, 'bote', 0),
(1556, '2019-01-29 06:55:22', '2019-01-29 06:55:22', 184, 57, 50, 'bote', 0),
(1557, '2019-01-29 06:55:22', '2019-01-29 06:55:22', 184, 4, 60, 'cortadas', 0),
(1558, '2019-01-29 06:55:22', '2019-01-29 06:55:22', 184, 26, 60, 'cortadas', 0),
(1559, '2019-01-29 06:55:22', '2019-01-29 06:55:22', 184, 77, 60, 'cortadas', 0),
(1560, '2019-01-29 06:55:22', '2019-01-29 06:55:22', 184, 57, 60, 'cortadas', 0),
(1561, '2019-01-29 06:55:22', '2019-01-29 06:55:22', 184, 4, 70, 'escapadas', 0),
(1562, '2019-01-29 06:55:22', '2019-01-29 06:55:22', 184, 26, 70, 'escapadas', 0),
(1563, '2019-01-29 06:55:22', '2019-01-29 06:55:22', 184, 77, 70, 'escapadas', 0),
(1564, '2019-01-29 06:55:22', '2019-01-29 06:55:22', 184, 57, 70, 'escapadas', 0),
(1565, '2019-01-29 06:55:22', '2019-01-29 06:55:22', 184, 4, 80, 'atras', 0),
(1566, '2019-01-29 06:55:22', '2019-01-29 06:55:22', 184, 26, 80, 'atras', 0),
(1567, '2019-01-29 06:55:22', '2019-01-29 06:55:22', 184, 77, 80, 'atras', 0),
(1568, '2019-01-29 06:55:22', '2019-01-29 06:55:22', 184, 57, 80, 'atras', 0),
(1569, '2019-01-29 06:55:22', '2019-01-29 06:55:22', 184, 4, 90, 'falta_saque', 0),
(1570, '2019-01-29 06:55:22', '2019-01-29 06:55:22', 184, 26, 90, 'falta_saque', 0),
(1571, '2019-01-29 06:55:22', '2019-01-29 06:55:22', 184, 77, 90, 'falta_saque', 0),
(1572, '2019-01-29 06:55:22', '2019-01-29 06:55:22', 184, 57, 90, 'falta_saque', 0),
(1573, '2019-01-29 06:55:22', '2019-01-29 06:55:22', 184, 4, 100, 'errores', 0),
(1574, '2019-01-29 06:55:22', '2019-01-29 06:55:22', 184, 26, 100, 'errores', 0),
(1575, '2019-01-29 06:55:22', '2019-01-29 06:55:22', 184, 77, 100, 'errores', 0),
(1576, '2019-01-29 06:55:22', '2019-01-29 06:55:22', 184, 57, 100, 'errores', 0),
(1577, '2019-01-29 06:55:22', '2019-01-29 06:55:22', 184, 4, 110, 'total_tantos', 0),
(1578, '2019-01-29 06:55:22', '2019-01-29 06:55:22', 184, 26, 110, 'total_tantos', 0),
(1579, '2019-01-29 06:55:22', '2019-01-29 06:55:22', 184, 77, 110, 'total_tantos', 0),
(1580, '2019-01-29 06:55:22', '2019-01-29 06:55:22', 184, 57, 110, 'total_tantos', 0),
(1581, '2019-01-29 06:55:22', '2019-01-29 06:55:22', 184, 4, 120, 'total_fallos', 0),
(1582, '2019-01-29 06:55:22', '2019-01-29 06:55:22', 184, 26, 120, 'total_fallos', 0),
(1583, '2019-01-29 06:55:22', '2019-01-29 06:55:22', 184, 77, 120, 'total_fallos', 0),
(1584, '2019-01-29 06:55:22', '2019-01-29 06:55:22', 184, 57, 120, 'total_fallos', 0),
(1585, '2019-01-29 06:55:54', '2019-01-29 06:55:54', 176, 18, 10, 'saque', 0),
(1586, '2019-01-29 06:55:54', '2019-01-29 06:55:54', 176, 5, 10, 'saque', 0),
(1587, '2019-01-29 06:55:54', '2019-01-29 06:55:54', 176, 9, 10, 'saque', 0),
(1588, '2019-01-29 06:55:54', '2019-01-29 06:55:54', 176, 29, 10, 'saque', 0),
(1589, '2019-01-29 06:55:54', '2019-01-29 06:55:54', 176, 18, 20, 'dos_paredes', 0),
(1590, '2019-01-29 06:55:54', '2019-01-29 06:55:54', 176, 5, 20, 'dos_paredes', 0),
(1591, '2019-01-29 06:55:54', '2019-01-29 06:55:54', 176, 9, 20, 'dos_paredes', 0),
(1592, '2019-01-29 06:55:54', '2019-01-29 06:55:54', 176, 29, 20, 'dos_paredes', 0),
(1593, '2019-01-29 06:55:54', '2019-01-29 06:55:54', 176, 18, 30, 'dejada', 0),
(1594, '2019-01-29 06:55:54', '2019-01-29 06:55:54', 176, 5, 30, 'dejada', 0),
(1595, '2019-01-29 06:55:54', '2019-01-29 06:55:54', 176, 9, 30, 'dejada', 0),
(1596, '2019-01-29 06:55:54', '2019-01-29 06:55:54', 176, 29, 30, 'dejada', 0),
(1597, '2019-01-29 06:55:54', '2019-01-29 06:55:54', 176, 18, 40, 'aire', 0),
(1598, '2019-01-29 06:55:54', '2019-01-29 06:55:54', 176, 5, 40, 'aire', 0),
(1599, '2019-01-29 06:55:54', '2019-01-29 06:55:54', 176, 9, 40, 'aire', 0),
(1600, '2019-01-29 06:55:54', '2019-01-29 06:55:54', 176, 29, 40, 'aire', 0),
(1601, '2019-01-29 06:55:54', '2019-01-29 06:55:54', 176, 18, 50, 'bote', 0),
(1602, '2019-01-29 06:55:54', '2019-01-29 06:55:54', 176, 5, 50, 'bote', 0),
(1603, '2019-01-29 06:55:54', '2019-01-29 06:55:54', 176, 9, 50, 'bote', 0),
(1604, '2019-01-29 06:55:54', '2019-01-29 06:55:54', 176, 29, 50, 'bote', 0),
(1605, '2019-01-29 06:55:54', '2019-01-29 06:55:54', 176, 18, 60, 'cortadas', 0),
(1606, '2019-01-29 06:55:54', '2019-01-29 06:55:54', 176, 5, 60, 'cortadas', 0),
(1607, '2019-01-29 06:55:54', '2019-01-29 06:55:54', 176, 9, 60, 'cortadas', 0),
(1608, '2019-01-29 06:55:54', '2019-01-29 06:55:54', 176, 29, 60, 'cortadas', 0),
(1609, '2019-01-29 06:55:54', '2019-01-29 06:55:54', 176, 18, 70, 'escapadas', 0),
(1610, '2019-01-29 06:55:54', '2019-01-29 06:55:54', 176, 5, 70, 'escapadas', 0),
(1611, '2019-01-29 06:55:54', '2019-01-29 06:55:54', 176, 9, 70, 'escapadas', 0),
(1612, '2019-01-29 06:55:54', '2019-01-29 06:55:54', 176, 29, 70, 'escapadas', 0),
(1613, '2019-01-29 06:55:54', '2019-01-29 06:55:54', 176, 18, 80, 'atras', 0),
(1614, '2019-01-29 06:55:54', '2019-01-29 06:55:54', 176, 5, 80, 'atras', 0),
(1615, '2019-01-29 06:55:54', '2019-01-29 06:55:54', 176, 9, 80, 'atras', 0),
(1616, '2019-01-29 06:55:54', '2019-01-29 06:55:54', 176, 29, 80, 'atras', 0),
(1617, '2019-01-29 06:55:54', '2019-01-29 06:55:54', 176, 18, 90, 'falta_saque', 0),
(1618, '2019-01-29 06:55:54', '2019-01-29 06:55:54', 176, 5, 90, 'falta_saque', 0),
(1619, '2019-01-29 06:55:54', '2019-01-29 06:55:54', 176, 9, 90, 'falta_saque', 0),
(1620, '2019-01-29 06:55:54', '2019-01-29 06:55:54', 176, 29, 90, 'falta_saque', 0),
(1621, '2019-01-29 06:55:54', '2019-01-29 06:55:54', 176, 18, 100, 'errores', 0),
(1622, '2019-01-29 06:55:54', '2019-01-29 06:55:54', 176, 5, 100, 'errores', 0),
(1623, '2019-01-29 06:55:54', '2019-01-29 06:55:54', 176, 9, 100, 'errores', 0),
(1624, '2019-01-29 06:55:54', '2019-01-29 06:55:54', 176, 29, 100, 'errores', 0),
(1625, '2019-01-29 06:55:54', '2019-01-29 06:55:54', 176, 18, 110, 'total_tantos', 0),
(1626, '2019-01-29 06:55:54', '2019-01-29 06:55:54', 176, 5, 110, 'total_tantos', 0),
(1627, '2019-01-29 06:55:54', '2019-01-29 06:55:54', 176, 9, 110, 'total_tantos', 0),
(1628, '2019-01-29 06:55:54', '2019-01-29 06:55:54', 176, 29, 110, 'total_tantos', 0),
(1629, '2019-01-29 06:55:54', '2019-01-29 06:55:54', 176, 18, 120, 'total_fallos', 0),
(1630, '2019-01-29 06:55:54', '2019-01-29 06:55:54', 176, 5, 120, 'total_fallos', 0),
(1631, '2019-01-29 06:55:54', '2019-01-29 06:55:54', 176, 9, 120, 'total_fallos', 0),
(1632, '2019-01-29 06:55:54', '2019-01-29 06:55:54', 176, 29, 120, 'total_fallos', 0),
(1633, '2019-01-29 06:56:14', '2019-01-29 06:56:14', 177, 6, 10, 'saque', 0),
(1634, '2019-01-29 06:56:14', '2019-01-29 06:56:14', 177, 28, 10, 'saque', 0),
(1635, '2019-01-29 06:56:14', '2019-01-29 06:56:14', 177, 3, 10, 'saque', 0),
(1636, '2019-01-29 06:56:14', '2019-01-29 06:56:14', 177, 19, 10, 'saque', 0),
(1637, '2019-01-29 06:56:14', '2019-01-29 06:56:14', 177, 6, 20, 'dos_paredes', 0),
(1638, '2019-01-29 06:56:14', '2019-01-29 06:56:14', 177, 28, 20, 'dos_paredes', 0),
(1639, '2019-01-29 06:56:14', '2019-01-29 06:56:14', 177, 3, 20, 'dos_paredes', 0),
(1640, '2019-01-29 06:56:14', '2019-01-29 06:56:14', 177, 19, 20, 'dos_paredes', 0),
(1641, '2019-01-29 06:56:14', '2019-01-29 06:56:14', 177, 6, 30, 'dejada', 0),
(1642, '2019-01-29 06:56:14', '2019-01-29 06:56:14', 177, 28, 30, 'dejada', 0),
(1643, '2019-01-29 06:56:14', '2019-01-29 06:56:14', 177, 3, 30, 'dejada', 0),
(1644, '2019-01-29 06:56:14', '2019-01-29 06:56:14', 177, 19, 30, 'dejada', 0),
(1645, '2019-01-29 06:56:14', '2019-01-29 06:56:14', 177, 6, 40, 'aire', 0),
(1646, '2019-01-29 06:56:14', '2019-01-29 06:56:14', 177, 28, 40, 'aire', 0),
(1647, '2019-01-29 06:56:14', '2019-01-29 06:56:14', 177, 3, 40, 'aire', 0),
(1648, '2019-01-29 06:56:14', '2019-01-29 06:56:14', 177, 19, 40, 'aire', 0),
(1649, '2019-01-29 06:56:14', '2019-01-29 06:56:14', 177, 6, 50, 'bote', 0),
(1650, '2019-01-29 06:56:14', '2019-01-29 06:56:14', 177, 28, 50, 'bote', 0),
(1651, '2019-01-29 06:56:14', '2019-01-29 06:56:14', 177, 3, 50, 'bote', 0),
(1652, '2019-01-29 06:56:14', '2019-01-29 06:56:14', 177, 19, 50, 'bote', 0),
(1653, '2019-01-29 06:56:14', '2019-01-29 06:56:14', 177, 6, 60, 'cortadas', 0),
(1654, '2019-01-29 06:56:14', '2019-01-29 06:56:14', 177, 28, 60, 'cortadas', 0),
(1655, '2019-01-29 06:56:14', '2019-01-29 06:56:14', 177, 3, 60, 'cortadas', 0),
(1656, '2019-01-29 06:56:14', '2019-01-29 06:56:14', 177, 19, 60, 'cortadas', 0),
(1657, '2019-01-29 06:56:14', '2019-01-29 06:56:14', 177, 6, 70, 'escapadas', 0),
(1658, '2019-01-29 06:56:14', '2019-01-29 06:56:14', 177, 28, 70, 'escapadas', 0),
(1659, '2019-01-29 06:56:14', '2019-01-29 06:56:14', 177, 3, 70, 'escapadas', 0),
(1660, '2019-01-29 06:56:14', '2019-01-29 06:56:14', 177, 19, 70, 'escapadas', 0),
(1661, '2019-01-29 06:56:14', '2019-01-29 06:56:14', 177, 6, 80, 'atras', 0),
(1662, '2019-01-29 06:56:14', '2019-01-29 06:56:14', 177, 28, 80, 'atras', 0),
(1663, '2019-01-29 06:56:14', '2019-01-29 06:56:14', 177, 3, 80, 'atras', 0),
(1664, '2019-01-29 06:56:14', '2019-01-29 06:56:14', 177, 19, 80, 'atras', 0),
(1665, '2019-01-29 06:56:14', '2019-01-29 06:56:14', 177, 6, 90, 'falta_saque', 0),
(1666, '2019-01-29 06:56:14', '2019-01-29 06:56:14', 177, 28, 90, 'falta_saque', 0),
(1667, '2019-01-29 06:56:14', '2019-01-29 06:56:14', 177, 3, 90, 'falta_saque', 0),
(1668, '2019-01-29 06:56:14', '2019-01-29 06:56:14', 177, 19, 90, 'falta_saque', 0),
(1669, '2019-01-29 06:56:14', '2019-01-29 06:56:14', 177, 6, 100, 'errores', 0),
(1670, '2019-01-29 06:56:14', '2019-01-29 06:56:14', 177, 28, 100, 'errores', 0),
(1671, '2019-01-29 06:56:14', '2019-01-29 06:56:14', 177, 3, 100, 'errores', 0),
(1672, '2019-01-29 06:56:14', '2019-01-29 06:56:14', 177, 19, 100, 'errores', 0),
(1673, '2019-01-29 06:56:14', '2019-01-29 06:56:14', 177, 6, 110, 'total_tantos', 0),
(1674, '2019-01-29 06:56:14', '2019-01-29 06:56:14', 177, 28, 110, 'total_tantos', 0),
(1675, '2019-01-29 06:56:14', '2019-01-29 06:56:14', 177, 3, 110, 'total_tantos', 0),
(1676, '2019-01-29 06:56:14', '2019-01-29 06:56:14', 177, 19, 110, 'total_tantos', 0),
(1677, '2019-01-29 06:56:14', '2019-01-29 06:56:14', 177, 6, 120, 'total_fallos', 0),
(1678, '2019-01-29 06:56:14', '2019-01-29 06:56:14', 177, 28, 120, 'total_fallos', 0),
(1679, '2019-01-29 06:56:14', '2019-01-29 06:56:14', 177, 3, 120, 'total_fallos', 0),
(1680, '2019-01-29 06:56:14', '2019-01-29 06:56:14', 177, 19, 120, 'total_fallos', 0),
(1681, '2019-01-29 06:57:03', '2019-01-29 06:57:03', 181, 14, 10, 'saque', 0),
(1682, '2019-01-29 06:57:03', '2019-01-29 06:57:03', 181, 10, 10, 'saque', 0),
(1683, '2019-01-29 06:57:03', '2019-01-29 06:57:03', 181, 69, 10, 'saque', 0),
(1684, '2019-01-29 06:57:03', '2019-01-29 06:57:03', 181, 59, 10, 'saque', 0),
(1685, '2019-01-29 06:57:03', '2019-01-29 06:57:03', 181, 14, 20, 'dos_paredes', 0),
(1686, '2019-01-29 06:57:03', '2019-01-29 06:57:03', 181, 10, 20, 'dos_paredes', 0),
(1687, '2019-01-29 06:57:03', '2019-01-29 06:57:03', 181, 69, 20, 'dos_paredes', 0),
(1688, '2019-01-29 06:57:03', '2019-01-29 06:57:03', 181, 59, 20, 'dos_paredes', 0),
(1689, '2019-01-29 06:57:03', '2019-01-29 06:57:03', 181, 14, 30, 'dejada', 0),
(1690, '2019-01-29 06:57:03', '2019-01-29 06:57:03', 181, 10, 30, 'dejada', 0),
(1691, '2019-01-29 06:57:03', '2019-01-29 06:57:03', 181, 69, 30, 'dejada', 0),
(1692, '2019-01-29 06:57:03', '2019-01-29 06:57:03', 181, 59, 30, 'dejada', 0),
(1693, '2019-01-29 06:57:03', '2019-01-29 06:57:03', 181, 14, 40, 'aire', 0),
(1694, '2019-01-29 06:57:03', '2019-01-29 06:57:03', 181, 10, 40, 'aire', 0),
(1695, '2019-01-29 06:57:03', '2019-01-29 06:57:03', 181, 69, 40, 'aire', 0),
(1696, '2019-01-29 06:57:03', '2019-01-29 06:57:03', 181, 59, 40, 'aire', 0),
(1697, '2019-01-29 06:57:03', '2019-01-29 06:57:03', 181, 14, 50, 'bote', 0),
(1698, '2019-01-29 06:57:03', '2019-01-29 06:57:03', 181, 10, 50, 'bote', 0),
(1699, '2019-01-29 06:57:03', '2019-01-29 06:57:03', 181, 69, 50, 'bote', 0),
(1700, '2019-01-29 06:57:03', '2019-01-29 06:57:03', 181, 59, 50, 'bote', 0),
(1701, '2019-01-29 06:57:03', '2019-01-29 06:57:03', 181, 14, 60, 'cortadas', 0),
(1702, '2019-01-29 06:57:03', '2019-01-29 06:57:03', 181, 10, 60, 'cortadas', 0),
(1703, '2019-01-29 06:57:03', '2019-01-29 06:57:03', 181, 69, 60, 'cortadas', 0),
(1704, '2019-01-29 06:57:03', '2019-01-29 06:57:03', 181, 59, 60, 'cortadas', 0),
(1705, '2019-01-29 06:57:03', '2019-01-29 06:57:03', 181, 14, 70, 'escapadas', 0),
(1706, '2019-01-29 06:57:03', '2019-01-29 06:57:03', 181, 10, 70, 'escapadas', 0),
(1707, '2019-01-29 06:57:03', '2019-01-29 06:57:03', 181, 69, 70, 'escapadas', 0),
(1708, '2019-01-29 06:57:03', '2019-01-29 06:57:03', 181, 59, 70, 'escapadas', 0),
(1709, '2019-01-29 06:57:03', '2019-01-29 06:57:03', 181, 14, 80, 'atras', 0),
(1710, '2019-01-29 06:57:03', '2019-01-29 06:57:03', 181, 10, 80, 'atras', 0),
(1711, '2019-01-29 06:57:03', '2019-01-29 06:57:03', 181, 69, 80, 'atras', 0),
(1712, '2019-01-29 06:57:03', '2019-01-29 06:57:03', 181, 59, 80, 'atras', 0),
(1713, '2019-01-29 06:57:03', '2019-01-29 06:57:03', 181, 14, 90, 'falta_saque', 0),
(1714, '2019-01-29 06:57:03', '2019-01-29 06:57:03', 181, 10, 90, 'falta_saque', 0),
(1715, '2019-01-29 06:57:03', '2019-01-29 06:57:03', 181, 69, 90, 'falta_saque', 0),
(1716, '2019-01-29 06:57:03', '2019-01-29 06:57:03', 181, 59, 90, 'falta_saque', 0),
(1717, '2019-01-29 06:57:03', '2019-01-29 06:57:03', 181, 14, 100, 'errores', 0),
(1718, '2019-01-29 06:57:03', '2019-01-29 06:57:03', 181, 10, 100, 'errores', 0),
(1719, '2019-01-29 06:57:03', '2019-01-29 06:57:03', 181, 69, 100, 'errores', 0),
(1720, '2019-01-29 06:57:03', '2019-01-29 06:57:03', 181, 59, 100, 'errores', 0),
(1721, '2019-01-29 06:57:03', '2019-01-29 06:57:03', 181, 14, 110, 'total_tantos', 0),
(1722, '2019-01-29 06:57:03', '2019-01-29 06:57:03', 181, 10, 110, 'total_tantos', 0),
(1723, '2019-01-29 06:57:03', '2019-01-29 06:57:03', 181, 69, 110, 'total_tantos', 0),
(1724, '2019-01-29 06:57:03', '2019-01-29 06:57:03', 181, 59, 110, 'total_tantos', 0),
(1725, '2019-01-29 06:57:03', '2019-01-29 06:57:03', 181, 14, 120, 'total_fallos', 0),
(1726, '2019-01-29 06:57:03', '2019-01-29 06:57:03', 181, 10, 120, 'total_fallos', 0),
(1727, '2019-01-29 06:57:03', '2019-01-29 06:57:03', 181, 69, 120, 'total_fallos', 0),
(1728, '2019-01-29 06:57:03', '2019-01-29 06:57:03', 181, 59, 120, 'total_fallos', 0),
(1729, '2019-01-29 06:57:28', '2019-01-29 06:57:28', 182, 1, 10, 'saque', 0),
(1730, '2019-01-29 06:57:28', '2019-01-29 06:57:28', 182, 12, 10, 'saque', 0),
(1731, '2019-01-29 06:57:28', '2019-01-29 06:57:28', 182, 7, 10, 'saque', 0),
(1732, '2019-01-29 06:57:28', '2019-01-29 06:57:28', 182, 24, 10, 'saque', 0),
(1733, '2019-01-29 06:57:28', '2019-01-29 06:57:28', 182, 1, 20, 'dos_paredes', 0),
(1734, '2019-01-29 06:57:28', '2019-01-29 06:57:28', 182, 12, 20, 'dos_paredes', 0),
(1735, '2019-01-29 06:57:28', '2019-01-29 06:57:28', 182, 7, 20, 'dos_paredes', 0),
(1736, '2019-01-29 06:57:28', '2019-01-29 06:57:28', 182, 24, 20, 'dos_paredes', 0),
(1737, '2019-01-29 06:57:28', '2019-01-29 06:57:28', 182, 1, 30, 'dejada', 0),
(1738, '2019-01-29 06:57:28', '2019-01-29 06:57:28', 182, 12, 30, 'dejada', 0),
(1739, '2019-01-29 06:57:28', '2019-01-29 06:57:28', 182, 7, 30, 'dejada', 0),
(1740, '2019-01-29 06:57:28', '2019-01-29 06:57:28', 182, 24, 30, 'dejada', 0),
(1741, '2019-01-29 06:57:28', '2019-01-29 06:57:28', 182, 1, 40, 'aire', 0),
(1742, '2019-01-29 06:57:28', '2019-01-29 06:57:28', 182, 12, 40, 'aire', 0),
(1743, '2019-01-29 06:57:28', '2019-01-29 06:57:28', 182, 7, 40, 'aire', 0),
(1744, '2019-01-29 06:57:28', '2019-01-29 06:57:28', 182, 24, 40, 'aire', 0),
(1745, '2019-01-29 06:57:28', '2019-01-29 06:57:28', 182, 1, 50, 'bote', 0),
(1746, '2019-01-29 06:57:28', '2019-01-29 06:57:28', 182, 12, 50, 'bote', 0),
(1747, '2019-01-29 06:57:28', '2019-01-29 06:57:28', 182, 7, 50, 'bote', 0),
(1748, '2019-01-29 06:57:28', '2019-01-29 06:57:28', 182, 24, 50, 'bote', 0),
(1749, '2019-01-29 06:57:28', '2019-01-29 06:57:28', 182, 1, 60, 'cortadas', 0),
(1750, '2019-01-29 06:57:28', '2019-01-29 06:57:28', 182, 12, 60, 'cortadas', 0),
(1751, '2019-01-29 06:57:28', '2019-01-29 06:57:28', 182, 7, 60, 'cortadas', 0),
(1752, '2019-01-29 06:57:28', '2019-01-29 06:57:28', 182, 24, 60, 'cortadas', 0),
(1753, '2019-01-29 06:57:28', '2019-01-29 06:57:28', 182, 1, 70, 'escapadas', 0),
(1754, '2019-01-29 06:57:28', '2019-01-29 06:57:28', 182, 12, 70, 'escapadas', 0),
(1755, '2019-01-29 06:57:28', '2019-01-29 06:57:28', 182, 7, 70, 'escapadas', 0),
(1756, '2019-01-29 06:57:28', '2019-01-29 06:57:28', 182, 24, 70, 'escapadas', 0),
(1757, '2019-01-29 06:57:28', '2019-01-29 06:57:28', 182, 1, 80, 'atras', 0),
(1758, '2019-01-29 06:57:28', '2019-01-29 06:57:28', 182, 12, 80, 'atras', 0),
(1759, '2019-01-29 06:57:28', '2019-01-29 06:57:28', 182, 7, 80, 'atras', 0),
(1760, '2019-01-29 06:57:28', '2019-01-29 06:57:28', 182, 24, 80, 'atras', 0),
(1761, '2019-01-29 06:57:28', '2019-01-29 06:57:28', 182, 1, 90, 'falta_saque', 0),
(1762, '2019-01-29 06:57:28', '2019-01-29 06:57:28', 182, 12, 90, 'falta_saque', 0),
(1763, '2019-01-29 06:57:28', '2019-01-29 06:57:28', 182, 7, 90, 'falta_saque', 0),
(1764, '2019-01-29 06:57:28', '2019-01-29 06:57:28', 182, 24, 90, 'falta_saque', 0),
(1765, '2019-01-29 06:57:28', '2019-01-29 06:57:28', 182, 1, 100, 'errores', 0),
(1766, '2019-01-29 06:57:28', '2019-01-29 06:57:28', 182, 12, 100, 'errores', 0),
(1767, '2019-01-29 06:57:28', '2019-01-29 06:57:28', 182, 7, 100, 'errores', 0),
(1768, '2019-01-29 06:57:28', '2019-01-29 06:57:28', 182, 24, 100, 'errores', 0),
(1769, '2019-01-29 06:57:28', '2019-01-29 06:57:28', 182, 1, 110, 'total_tantos', 0),
(1770, '2019-01-29 06:57:28', '2019-01-29 06:57:28', 182, 12, 110, 'total_tantos', 0),
(1771, '2019-01-29 06:57:28', '2019-01-29 06:57:28', 182, 7, 110, 'total_tantos', 0),
(1772, '2019-01-29 06:57:28', '2019-01-29 06:57:28', 182, 24, 110, 'total_tantos', 0),
(1773, '2019-01-29 06:57:28', '2019-01-29 06:57:28', 182, 1, 120, 'total_fallos', 0),
(1774, '2019-01-29 06:57:28', '2019-01-29 06:57:28', 182, 12, 120, 'total_fallos', 0),
(1775, '2019-01-29 06:57:28', '2019-01-29 06:57:28', 182, 7, 120, 'total_fallos', 0),
(1776, '2019-01-29 06:57:28', '2019-01-29 06:57:28', 182, 24, 120, 'total_fallos', 0),
(1777, '2019-01-29 06:57:48', '2019-01-29 06:57:48', 183, 2, 10, 'saque', 0),
(1778, '2019-01-29 06:57:48', '2019-01-29 06:57:48', 183, 5, 10, 'saque', 0),
(1779, '2019-01-29 06:57:48', '2019-01-29 06:57:48', 183, 53, 10, 'saque', 0),
(1780, '2019-01-29 06:57:48', '2019-01-29 06:57:48', 183, 72, 10, 'saque', 0),
(1781, '2019-01-29 06:57:48', '2019-01-29 06:57:48', 183, 2, 20, 'dos_paredes', 0),
(1782, '2019-01-29 06:57:48', '2019-01-29 06:57:48', 183, 5, 20, 'dos_paredes', 0),
(1783, '2019-01-29 06:57:48', '2019-01-29 06:57:48', 183, 53, 20, 'dos_paredes', 0),
(1784, '2019-01-29 06:57:48', '2019-01-29 06:57:48', 183, 72, 20, 'dos_paredes', 0),
(1785, '2019-01-29 06:57:48', '2019-01-29 06:57:48', 183, 2, 30, 'dejada', 0),
(1786, '2019-01-29 06:57:48', '2019-01-29 06:57:48', 183, 5, 30, 'dejada', 0),
(1787, '2019-01-29 06:57:48', '2019-01-29 06:57:48', 183, 53, 30, 'dejada', 0),
(1788, '2019-01-29 06:57:48', '2019-01-29 06:57:48', 183, 72, 30, 'dejada', 0),
(1789, '2019-01-29 06:57:48', '2019-01-29 06:57:48', 183, 2, 40, 'aire', 0),
(1790, '2019-01-29 06:57:48', '2019-01-29 06:57:48', 183, 5, 40, 'aire', 0),
(1791, '2019-01-29 06:57:48', '2019-01-29 06:57:48', 183, 53, 40, 'aire', 0),
(1792, '2019-01-29 06:57:48', '2019-01-29 06:57:48', 183, 72, 40, 'aire', 0),
(1793, '2019-01-29 06:57:48', '2019-01-29 06:57:48', 183, 2, 50, 'bote', 0),
(1794, '2019-01-29 06:57:48', '2019-01-29 06:57:48', 183, 5, 50, 'bote', 0),
(1795, '2019-01-29 06:57:48', '2019-01-29 06:57:48', 183, 53, 50, 'bote', 0),
(1796, '2019-01-29 06:57:48', '2019-01-29 06:57:48', 183, 72, 50, 'bote', 0),
(1797, '2019-01-29 06:57:48', '2019-01-29 06:57:48', 183, 2, 60, 'cortadas', 0),
(1798, '2019-01-29 06:57:48', '2019-01-29 06:57:48', 183, 5, 60, 'cortadas', 0),
(1799, '2019-01-29 06:57:48', '2019-01-29 06:57:48', 183, 53, 60, 'cortadas', 0),
(1800, '2019-01-29 06:57:48', '2019-01-29 06:57:48', 183, 72, 60, 'cortadas', 0),
(1801, '2019-01-29 06:57:48', '2019-01-29 06:57:48', 183, 2, 70, 'escapadas', 0),
(1802, '2019-01-29 06:57:48', '2019-01-29 06:57:48', 183, 5, 70, 'escapadas', 0),
(1803, '2019-01-29 06:57:48', '2019-01-29 06:57:48', 183, 53, 70, 'escapadas', 0),
(1804, '2019-01-29 06:57:48', '2019-01-29 06:57:48', 183, 72, 70, 'escapadas', 0),
(1805, '2019-01-29 06:57:48', '2019-01-29 06:57:48', 183, 2, 80, 'atras', 0),
(1806, '2019-01-29 06:57:48', '2019-01-29 06:57:48', 183, 5, 80, 'atras', 0),
(1807, '2019-01-29 06:57:48', '2019-01-29 06:57:48', 183, 53, 80, 'atras', 0),
(1808, '2019-01-29 06:57:48', '2019-01-29 06:57:48', 183, 72, 80, 'atras', 0),
(1809, '2019-01-29 06:57:48', '2019-01-29 06:57:48', 183, 2, 90, 'falta_saque', 0),
(1810, '2019-01-29 06:57:48', '2019-01-29 06:57:48', 183, 5, 90, 'falta_saque', 0),
(1811, '2019-01-29 06:57:48', '2019-01-29 06:57:48', 183, 53, 90, 'falta_saque', 0),
(1812, '2019-01-29 06:57:48', '2019-01-29 06:57:48', 183, 72, 90, 'falta_saque', 0),
(1813, '2019-01-29 06:57:48', '2019-01-29 06:57:48', 183, 2, 100, 'errores', 0),
(1814, '2019-01-29 06:57:48', '2019-01-29 06:57:48', 183, 5, 100, 'errores', 0),
(1815, '2019-01-29 06:57:48', '2019-01-29 06:57:48', 183, 53, 100, 'errores', 0),
(1816, '2019-01-29 06:57:48', '2019-01-29 06:57:48', 183, 72, 100, 'errores', 0),
(1817, '2019-01-29 06:57:48', '2019-01-29 06:57:48', 183, 2, 110, 'total_tantos', 0),
(1818, '2019-01-29 06:57:48', '2019-01-29 06:57:48', 183, 5, 110, 'total_tantos', 0),
(1819, '2019-01-29 06:57:48', '2019-01-29 06:57:48', 183, 53, 110, 'total_tantos', 0),
(1820, '2019-01-29 06:57:48', '2019-01-29 06:57:48', 183, 72, 110, 'total_tantos', 0),
(1821, '2019-01-29 06:57:48', '2019-01-29 06:57:48', 183, 2, 120, 'total_fallos', 0),
(1822, '2019-01-29 06:57:48', '2019-01-29 06:57:48', 183, 5, 120, 'total_fallos', 0),
(1823, '2019-01-29 06:57:48', '2019-01-29 06:57:48', 183, 53, 120, 'total_fallos', 0),
(1824, '2019-01-29 06:57:48', '2019-01-29 06:57:48', 183, 72, 120, 'total_fallos', 0),
(1825, '2019-02-04 08:45:57', '2019-02-04 08:45:57', 187, 4, 10, 'saque', 0),
(1826, '2019-02-04 08:45:57', '2019-02-04 08:45:57', 187, 26, 10, 'saque', 0),
(1827, '2019-02-04 08:45:57', '2019-02-04 08:45:57', 187, 53, 10, 'saque', 0),
(1828, '2019-02-04 08:45:57', '2019-02-04 08:45:57', 187, 72, 10, 'saque', 0),
(1829, '2019-02-04 08:45:57', '2019-02-04 08:45:57', 187, 4, 20, 'dos_paredes', 0),
(1830, '2019-02-04 08:45:57', '2019-02-04 08:45:57', 187, 26, 20, 'dos_paredes', 0),
(1831, '2019-02-04 08:45:57', '2019-02-04 08:45:57', 187, 53, 20, 'dos_paredes', 0),
(1832, '2019-02-04 08:45:57', '2019-02-04 08:45:57', 187, 72, 20, 'dos_paredes', 0),
(1833, '2019-02-04 08:45:57', '2019-02-04 08:45:57', 187, 4, 30, 'dejada', 0),
(1834, '2019-02-04 08:45:57', '2019-02-04 08:45:57', 187, 26, 30, 'dejada', 0),
(1835, '2019-02-04 08:45:57', '2019-02-04 08:45:57', 187, 53, 30, 'dejada', 0),
(1836, '2019-02-04 08:45:57', '2019-02-04 08:45:57', 187, 72, 30, 'dejada', 0),
(1837, '2019-02-04 08:45:57', '2019-02-04 08:45:57', 187, 4, 40, 'aire', 0),
(1838, '2019-02-04 08:45:57', '2019-02-04 08:45:57', 187, 26, 40, 'aire', 0),
(1839, '2019-02-04 08:45:57', '2019-02-04 08:45:57', 187, 53, 40, 'aire', 0),
(1840, '2019-02-04 08:45:57', '2019-02-04 08:45:57', 187, 72, 40, 'aire', 0),
(1841, '2019-02-04 08:45:57', '2019-02-04 08:45:57', 187, 4, 50, 'bote', 0),
(1842, '2019-02-04 08:45:57', '2019-02-04 08:45:57', 187, 26, 50, 'bote', 0),
(1843, '2019-02-04 08:45:57', '2019-02-04 08:45:57', 187, 53, 50, 'bote', 0),
(1844, '2019-02-04 08:45:57', '2019-02-04 08:45:57', 187, 72, 50, 'bote', 0),
(1845, '2019-02-04 08:45:57', '2019-02-04 08:45:57', 187, 4, 60, 'cortadas', 0),
(1846, '2019-02-04 08:45:57', '2019-02-04 08:45:57', 187, 26, 60, 'cortadas', 0),
(1847, '2019-02-04 08:45:57', '2019-02-04 08:45:57', 187, 53, 60, 'cortadas', 0),
(1848, '2019-02-04 08:45:57', '2019-02-04 08:45:57', 187, 72, 60, 'cortadas', 0),
(1849, '2019-02-04 08:45:57', '2019-02-04 08:45:57', 187, 4, 70, 'escapadas', 0),
(1850, '2019-02-04 08:45:57', '2019-02-04 08:45:57', 187, 26, 70, 'escapadas', 0),
(1851, '2019-02-04 08:45:57', '2019-02-04 08:45:57', 187, 53, 70, 'escapadas', 0),
(1852, '2019-02-04 08:45:57', '2019-02-04 08:45:57', 187, 72, 70, 'escapadas', 0),
(1853, '2019-02-04 08:45:57', '2019-02-04 08:45:57', 187, 4, 80, 'atras', 0),
(1854, '2019-02-04 08:45:57', '2019-02-04 08:45:57', 187, 26, 80, 'atras', 0),
(1855, '2019-02-04 08:45:57', '2019-02-04 08:45:57', 187, 53, 80, 'atras', 0),
(1856, '2019-02-04 08:45:57', '2019-02-04 08:45:57', 187, 72, 80, 'atras', 0),
(1857, '2019-02-04 08:45:57', '2019-02-04 08:45:57', 187, 4, 90, 'falta_saque', 0),
(1858, '2019-02-04 08:45:57', '2019-02-04 08:45:57', 187, 26, 90, 'falta_saque', 0),
(1859, '2019-02-04 08:45:57', '2019-02-04 08:45:57', 187, 53, 90, 'falta_saque', 0),
(1860, '2019-02-04 08:45:57', '2019-02-04 08:45:57', 187, 72, 90, 'falta_saque', 0),
(1861, '2019-02-04 08:45:57', '2019-02-04 08:45:57', 187, 4, 100, 'errores', 0),
(1862, '2019-02-04 08:45:57', '2019-02-04 08:45:57', 187, 26, 100, 'errores', 0),
(1863, '2019-02-04 08:45:57', '2019-02-04 08:45:57', 187, 53, 100, 'errores', 0),
(1864, '2019-02-04 08:45:57', '2019-02-04 08:45:57', 187, 72, 100, 'errores', 0),
(1865, '2019-02-04 08:45:57', '2019-02-04 08:45:57', 187, 4, 110, 'total_tantos', 0),
(1866, '2019-02-04 08:45:57', '2019-02-04 08:45:57', 187, 26, 110, 'total_tantos', 0),
(1867, '2019-02-04 08:45:57', '2019-02-04 08:45:57', 187, 53, 110, 'total_tantos', 0),
(1868, '2019-02-04 08:45:57', '2019-02-04 08:45:57', 187, 72, 110, 'total_tantos', 0),
(1869, '2019-02-04 08:45:57', '2019-02-04 08:45:57', 187, 4, 120, 'total_fallos', 0),
(1870, '2019-02-04 08:45:57', '2019-02-04 08:45:57', 187, 26, 120, 'total_fallos', 0),
(1871, '2019-02-04 08:45:57', '2019-02-04 08:45:57', 187, 53, 120, 'total_fallos', 0),
(1872, '2019-02-04 08:45:57', '2019-02-04 08:45:57', 187, 72, 120, 'total_fallos', 0),
(1873, '2019-02-04 08:46:40', '2019-02-04 08:46:40', 188, 56, 10, 'saque', 0),
(1874, '2019-02-04 08:46:40', '2019-02-04 08:46:40', 188, 62, 10, 'saque', 0),
(1875, '2019-02-04 08:46:40', '2019-02-04 08:46:40', 188, 3, 10, 'saque', 0),
(1876, '2019-02-04 08:46:40', '2019-02-04 08:46:40', 188, 19, 10, 'saque', 0),
(1877, '2019-02-04 08:46:40', '2019-02-04 08:46:40', 188, 56, 20, 'dos_paredes', 0),
(1878, '2019-02-04 08:46:40', '2019-02-04 08:46:40', 188, 62, 20, 'dos_paredes', 0),
(1879, '2019-02-04 08:46:40', '2019-02-04 08:46:40', 188, 3, 20, 'dos_paredes', 0),
(1880, '2019-02-04 08:46:40', '2019-02-04 08:46:40', 188, 19, 20, 'dos_paredes', 0),
(1881, '2019-02-04 08:46:40', '2019-02-04 08:46:40', 188, 56, 30, 'dejada', 0),
(1882, '2019-02-04 08:46:40', '2019-02-04 08:46:40', 188, 62, 30, 'dejada', 0),
(1883, '2019-02-04 08:46:40', '2019-02-04 08:46:40', 188, 3, 30, 'dejada', 0),
(1884, '2019-02-04 08:46:40', '2019-02-04 08:46:40', 188, 19, 30, 'dejada', 0),
(1885, '2019-02-04 08:46:40', '2019-02-04 08:46:40', 188, 56, 40, 'aire', 0),
(1886, '2019-02-04 08:46:40', '2019-02-04 08:46:40', 188, 62, 40, 'aire', 0),
(1887, '2019-02-04 08:46:40', '2019-02-04 08:46:40', 188, 3, 40, 'aire', 0),
(1888, '2019-02-04 08:46:40', '2019-02-04 08:46:40', 188, 19, 40, 'aire', 0),
(1889, '2019-02-04 08:46:40', '2019-02-04 08:46:40', 188, 56, 50, 'bote', 0),
(1890, '2019-02-04 08:46:40', '2019-02-04 08:46:40', 188, 62, 50, 'bote', 0),
(1891, '2019-02-04 08:46:40', '2019-02-04 08:46:40', 188, 3, 50, 'bote', 0),
(1892, '2019-02-04 08:46:40', '2019-02-04 08:46:40', 188, 19, 50, 'bote', 0),
(1893, '2019-02-04 08:46:40', '2019-02-04 08:46:40', 188, 56, 60, 'cortadas', 0),
(1894, '2019-02-04 08:46:40', '2019-02-04 08:46:40', 188, 62, 60, 'cortadas', 0),
(1895, '2019-02-04 08:46:40', '2019-02-04 08:46:40', 188, 3, 60, 'cortadas', 0),
(1896, '2019-02-04 08:46:40', '2019-02-04 08:46:40', 188, 19, 60, 'cortadas', 0),
(1897, '2019-02-04 08:46:40', '2019-02-04 08:46:40', 188, 56, 70, 'escapadas', 0),
(1898, '2019-02-04 08:46:40', '2019-02-04 08:46:40', 188, 62, 70, 'escapadas', 0),
(1899, '2019-02-04 08:46:40', '2019-02-04 08:46:40', 188, 3, 70, 'escapadas', 0),
(1900, '2019-02-04 08:46:40', '2019-02-04 08:46:40', 188, 19, 70, 'escapadas', 0),
(1901, '2019-02-04 08:46:40', '2019-02-04 08:46:40', 188, 56, 80, 'atras', 0),
(1902, '2019-02-04 08:46:40', '2019-02-04 08:46:40', 188, 62, 80, 'atras', 0),
(1903, '2019-02-04 08:46:40', '2019-02-04 08:46:40', 188, 3, 80, 'atras', 0),
(1904, '2019-02-04 08:46:40', '2019-02-04 08:46:40', 188, 19, 80, 'atras', 0),
(1905, '2019-02-04 08:46:40', '2019-02-04 08:46:40', 188, 56, 90, 'falta_saque', 0),
(1906, '2019-02-04 08:46:40', '2019-02-04 08:46:40', 188, 62, 90, 'falta_saque', 0),
(1907, '2019-02-04 08:46:40', '2019-02-04 08:46:40', 188, 3, 90, 'falta_saque', 0),
(1908, '2019-02-04 08:46:40', '2019-02-04 08:46:40', 188, 19, 90, 'falta_saque', 0),
(1909, '2019-02-04 08:46:40', '2019-02-04 08:46:40', 188, 56, 100, 'errores', 0),
(1910, '2019-02-04 08:46:40', '2019-02-04 08:46:40', 188, 62, 100, 'errores', 0),
(1911, '2019-02-04 08:46:40', '2019-02-04 08:46:40', 188, 3, 100, 'errores', 0),
(1912, '2019-02-04 08:46:40', '2019-02-04 08:46:40', 188, 19, 100, 'errores', 0),
(1913, '2019-02-04 08:46:40', '2019-02-04 08:46:40', 188, 56, 110, 'total_tantos', 0),
(1914, '2019-02-04 08:46:40', '2019-02-04 08:46:40', 188, 62, 110, 'total_tantos', 0),
(1915, '2019-02-04 08:46:40', '2019-02-04 08:46:40', 188, 3, 110, 'total_tantos', 0),
(1916, '2019-02-04 08:46:40', '2019-02-04 08:46:40', 188, 19, 110, 'total_tantos', 0),
(1917, '2019-02-04 08:46:40', '2019-02-04 08:46:40', 188, 56, 120, 'total_fallos', 0),
(1918, '2019-02-04 08:46:40', '2019-02-04 08:46:40', 188, 62, 120, 'total_fallos', 0),
(1919, '2019-02-04 08:46:40', '2019-02-04 08:46:40', 188, 3, 120, 'total_fallos', 0),
(1920, '2019-02-04 08:46:40', '2019-02-04 08:46:40', 188, 19, 120, 'total_fallos', 0),
(1921, '2019-02-04 08:49:39', '2019-02-04 08:49:39', 197, 52, 10, 'saque', 0),
(1922, '2019-02-04 08:49:39', '2019-02-04 08:49:39', 197, 65, 10, 'saque', 0),
(1923, '2019-02-04 08:49:39', '2019-02-04 08:49:39', 197, 53, 10, 'saque', 0),
(1924, '2019-02-04 08:49:39', '2019-02-04 08:49:39', 197, 58, 10, 'saque', 0),
(1925, '2019-02-04 08:49:39', '2019-02-04 08:49:39', 197, 52, 20, 'dos_paredes', 0),
(1926, '2019-02-04 08:49:39', '2019-02-04 08:49:39', 197, 65, 20, 'dos_paredes', 0),
(1927, '2019-02-04 08:49:39', '2019-02-04 08:49:39', 197, 53, 20, 'dos_paredes', 0),
(1928, '2019-02-04 08:49:39', '2019-02-04 08:49:39', 197, 58, 20, 'dos_paredes', 0),
(1929, '2019-02-04 08:49:39', '2019-02-04 08:49:39', 197, 52, 30, 'dejada', 0),
(1930, '2019-02-04 08:49:39', '2019-02-04 08:49:39', 197, 65, 30, 'dejada', 0),
(1931, '2019-02-04 08:49:39', '2019-02-04 08:49:39', 197, 53, 30, 'dejada', 0),
(1932, '2019-02-04 08:49:39', '2019-02-04 08:49:39', 197, 58, 30, 'dejada', 0);
INSERT INTO `festival_partido_tanteo` (`id`, `created_at`, `updated_at`, `festival_partido_id`, `pelotari_id`, `tanteo_order`, `tanteo_desc`, `tanteo`) VALUES
(1933, '2019-02-04 08:49:39', '2019-02-04 08:49:39', 197, 52, 40, 'aire', 0),
(1934, '2019-02-04 08:49:39', '2019-02-04 08:49:39', 197, 65, 40, 'aire', 0),
(1935, '2019-02-04 08:49:39', '2019-02-04 08:49:39', 197, 53, 40, 'aire', 0),
(1936, '2019-02-04 08:49:39', '2019-02-04 08:49:39', 197, 58, 40, 'aire', 0),
(1937, '2019-02-04 08:49:39', '2019-02-04 08:49:39', 197, 52, 50, 'bote', 0),
(1938, '2019-02-04 08:49:39', '2019-02-04 08:49:39', 197, 65, 50, 'bote', 0),
(1939, '2019-02-04 08:49:39', '2019-02-04 08:49:39', 197, 53, 50, 'bote', 0),
(1940, '2019-02-04 08:49:39', '2019-02-04 08:49:39', 197, 58, 50, 'bote', 0),
(1941, '2019-02-04 08:49:39', '2019-02-04 08:49:39', 197, 52, 60, 'cortadas', 0),
(1942, '2019-02-04 08:49:39', '2019-02-04 08:49:39', 197, 65, 60, 'cortadas', 0),
(1943, '2019-02-04 08:49:39', '2019-02-04 08:49:39', 197, 53, 60, 'cortadas', 0),
(1944, '2019-02-04 08:49:39', '2019-02-04 08:49:39', 197, 58, 60, 'cortadas', 0),
(1945, '2019-02-04 08:49:39', '2019-02-04 08:49:39', 197, 52, 70, 'escapadas', 0),
(1946, '2019-02-04 08:49:39', '2019-02-04 08:49:39', 197, 65, 70, 'escapadas', 0),
(1947, '2019-02-04 08:49:39', '2019-02-04 08:49:39', 197, 53, 70, 'escapadas', 0),
(1948, '2019-02-04 08:49:39', '2019-02-04 08:49:39', 197, 58, 70, 'escapadas', 0),
(1949, '2019-02-04 08:49:39', '2019-02-04 08:49:39', 197, 52, 80, 'atras', 0),
(1950, '2019-02-04 08:49:39', '2019-02-04 08:49:39', 197, 65, 80, 'atras', 0),
(1951, '2019-02-04 08:49:39', '2019-02-04 08:49:39', 197, 53, 80, 'atras', 0),
(1952, '2019-02-04 08:49:39', '2019-02-04 08:49:39', 197, 58, 80, 'atras', 0),
(1953, '2019-02-04 08:49:39', '2019-02-04 08:49:39', 197, 52, 90, 'falta_saque', 0),
(1954, '2019-02-04 08:49:39', '2019-02-04 08:49:39', 197, 65, 90, 'falta_saque', 0),
(1955, '2019-02-04 08:49:39', '2019-02-04 08:49:39', 197, 53, 90, 'falta_saque', 0),
(1956, '2019-02-04 08:49:39', '2019-02-04 08:49:39', 197, 58, 90, 'falta_saque', 0),
(1957, '2019-02-04 08:49:39', '2019-02-04 08:49:39', 197, 52, 100, 'errores', 0),
(1958, '2019-02-04 08:49:39', '2019-02-04 08:49:39', 197, 65, 100, 'errores', 0),
(1959, '2019-02-04 08:49:39', '2019-02-04 08:49:39', 197, 53, 100, 'errores', 0),
(1960, '2019-02-04 08:49:39', '2019-02-04 08:49:39', 197, 58, 100, 'errores', 0),
(1961, '2019-02-04 08:49:39', '2019-02-04 08:49:39', 197, 52, 110, 'total_tantos', 0),
(1962, '2019-02-04 08:49:39', '2019-02-04 08:49:39', 197, 65, 110, 'total_tantos', 0),
(1963, '2019-02-04 08:49:39', '2019-02-04 08:49:39', 197, 53, 110, 'total_tantos', 0),
(1964, '2019-02-04 08:49:39', '2019-02-04 08:49:39', 197, 58, 110, 'total_tantos', 0),
(1965, '2019-02-04 08:49:39', '2019-02-04 08:49:39', 197, 52, 120, 'total_fallos', 0),
(1966, '2019-02-04 08:49:39', '2019-02-04 08:49:39', 197, 65, 120, 'total_fallos', 0),
(1967, '2019-02-04 08:49:39', '2019-02-04 08:49:39', 197, 53, 120, 'total_fallos', 0),
(1968, '2019-02-04 08:49:39', '2019-02-04 08:49:39', 197, 58, 120, 'total_fallos', 0),
(1969, '2019-02-04 08:50:14', '2019-02-04 08:50:14', 191, 54, 10, 'saque', 0),
(1970, '2019-02-04 08:50:14', '2019-02-04 08:50:14', 191, 67, 10, 'saque', 0),
(1971, '2019-02-04 08:50:14', '2019-02-04 08:50:14', 191, 7, 10, 'saque', 0),
(1972, '2019-02-04 08:50:14', '2019-02-04 08:50:14', 191, 24, 10, 'saque', 0),
(1973, '2019-02-04 08:50:14', '2019-02-04 08:50:14', 191, 54, 20, 'dos_paredes', 0),
(1974, '2019-02-04 08:50:14', '2019-02-04 08:50:14', 191, 67, 20, 'dos_paredes', 0),
(1975, '2019-02-04 08:50:14', '2019-02-04 08:50:14', 191, 7, 20, 'dos_paredes', 0),
(1976, '2019-02-04 08:50:14', '2019-02-04 08:50:14', 191, 24, 20, 'dos_paredes', 0),
(1977, '2019-02-04 08:50:14', '2019-02-04 08:50:14', 191, 54, 30, 'dejada', 0),
(1978, '2019-02-04 08:50:14', '2019-02-04 08:50:14', 191, 67, 30, 'dejada', 0),
(1979, '2019-02-04 08:50:14', '2019-02-04 08:50:14', 191, 7, 30, 'dejada', 0),
(1980, '2019-02-04 08:50:14', '2019-02-04 08:50:14', 191, 24, 30, 'dejada', 0),
(1981, '2019-02-04 08:50:14', '2019-02-04 08:50:14', 191, 54, 40, 'aire', 0),
(1982, '2019-02-04 08:50:14', '2019-02-04 08:50:14', 191, 67, 40, 'aire', 0),
(1983, '2019-02-04 08:50:14', '2019-02-04 08:50:14', 191, 7, 40, 'aire', 0),
(1984, '2019-02-04 08:50:14', '2019-02-04 08:50:14', 191, 24, 40, 'aire', 0),
(1985, '2019-02-04 08:50:14', '2019-02-04 08:50:14', 191, 54, 50, 'bote', 0),
(1986, '2019-02-04 08:50:14', '2019-02-04 08:50:14', 191, 67, 50, 'bote', 0),
(1987, '2019-02-04 08:50:14', '2019-02-04 08:50:14', 191, 7, 50, 'bote', 0),
(1988, '2019-02-04 08:50:14', '2019-02-04 08:50:14', 191, 24, 50, 'bote', 0),
(1989, '2019-02-04 08:50:14', '2019-02-04 08:50:14', 191, 54, 60, 'cortadas', 0),
(1990, '2019-02-04 08:50:14', '2019-02-04 08:50:14', 191, 67, 60, 'cortadas', 0),
(1991, '2019-02-04 08:50:14', '2019-02-04 08:50:14', 191, 7, 60, 'cortadas', 0),
(1992, '2019-02-04 08:50:14', '2019-02-04 08:50:14', 191, 24, 60, 'cortadas', 0),
(1993, '2019-02-04 08:50:14', '2019-02-04 08:50:14', 191, 54, 70, 'escapadas', 0),
(1994, '2019-02-04 08:50:14', '2019-02-04 08:50:14', 191, 67, 70, 'escapadas', 0),
(1995, '2019-02-04 08:50:14', '2019-02-04 08:50:14', 191, 7, 70, 'escapadas', 0),
(1996, '2019-02-04 08:50:14', '2019-02-04 08:50:14', 191, 24, 70, 'escapadas', 0),
(1997, '2019-02-04 08:50:14', '2019-02-04 08:50:14', 191, 54, 80, 'atras', 0),
(1998, '2019-02-04 08:50:14', '2019-02-04 08:50:14', 191, 67, 80, 'atras', 0),
(1999, '2019-02-04 08:50:14', '2019-02-04 08:50:14', 191, 7, 80, 'atras', 0),
(2000, '2019-02-04 08:50:14', '2019-02-04 08:50:14', 191, 24, 80, 'atras', 0),
(2001, '2019-02-04 08:50:14', '2019-02-04 08:50:14', 191, 54, 90, 'falta_saque', 0),
(2002, '2019-02-04 08:50:14', '2019-02-04 08:50:14', 191, 67, 90, 'falta_saque', 0),
(2003, '2019-02-04 08:50:14', '2019-02-04 08:50:14', 191, 7, 90, 'falta_saque', 0),
(2004, '2019-02-04 08:50:14', '2019-02-04 08:50:14', 191, 24, 90, 'falta_saque', 0),
(2005, '2019-02-04 08:50:14', '2019-02-04 08:50:14', 191, 54, 100, 'errores', 0),
(2006, '2019-02-04 08:50:14', '2019-02-04 08:50:14', 191, 67, 100, 'errores', 0),
(2007, '2019-02-04 08:50:14', '2019-02-04 08:50:14', 191, 7, 100, 'errores', 0),
(2008, '2019-02-04 08:50:14', '2019-02-04 08:50:14', 191, 24, 100, 'errores', 0),
(2009, '2019-02-04 08:50:14', '2019-02-04 08:50:14', 191, 54, 110, 'total_tantos', 0),
(2010, '2019-02-04 08:50:14', '2019-02-04 08:50:14', 191, 67, 110, 'total_tantos', 0),
(2011, '2019-02-04 08:50:14', '2019-02-04 08:50:14', 191, 7, 110, 'total_tantos', 0),
(2012, '2019-02-04 08:50:14', '2019-02-04 08:50:14', 191, 24, 110, 'total_tantos', 0),
(2013, '2019-02-04 08:50:14', '2019-02-04 08:50:14', 191, 54, 120, 'total_fallos', 0),
(2014, '2019-02-04 08:50:14', '2019-02-04 08:50:14', 191, 67, 120, 'total_fallos', 0),
(2015, '2019-02-04 08:50:14', '2019-02-04 08:50:14', 191, 7, 120, 'total_fallos', 0),
(2016, '2019-02-04 08:50:14', '2019-02-04 08:50:14', 191, 24, 120, 'total_fallos', 0),
(2017, '2019-02-04 08:54:48', '2019-02-04 08:54:48', 189, 69, 10, 'saque', 0),
(2018, '2019-02-04 08:54:48', '2019-02-04 08:54:48', 189, 46, 10, 'saque', 0),
(2019, '2019-02-04 08:54:48', '2019-02-04 08:54:48', 189, 25, 10, 'saque', 0),
(2020, '2019-02-04 08:54:48', '2019-02-04 08:54:48', 189, 27, 10, 'saque', 0),
(2021, '2019-02-04 08:54:48', '2019-02-04 08:54:48', 189, 69, 20, 'dos_paredes', 0),
(2022, '2019-02-04 08:54:48', '2019-02-04 08:54:48', 189, 46, 20, 'dos_paredes', 0),
(2023, '2019-02-04 08:54:48', '2019-02-04 08:54:48', 189, 25, 20, 'dos_paredes', 0),
(2024, '2019-02-04 08:54:48', '2019-02-04 08:54:48', 189, 27, 20, 'dos_paredes', 0),
(2025, '2019-02-04 08:54:48', '2019-02-04 08:54:48', 189, 69, 30, 'dejada', 0),
(2026, '2019-02-04 08:54:48', '2019-02-04 08:54:48', 189, 46, 30, 'dejada', 0),
(2027, '2019-02-04 08:54:48', '2019-02-04 08:54:48', 189, 25, 30, 'dejada', 0),
(2028, '2019-02-04 08:54:48', '2019-02-04 08:54:48', 189, 27, 30, 'dejada', 0),
(2029, '2019-02-04 08:54:48', '2019-02-04 08:54:48', 189, 69, 40, 'aire', 0),
(2030, '2019-02-04 08:54:48', '2019-02-04 08:54:48', 189, 46, 40, 'aire', 0),
(2031, '2019-02-04 08:54:48', '2019-02-04 08:54:48', 189, 25, 40, 'aire', 0),
(2032, '2019-02-04 08:54:48', '2019-02-04 08:54:48', 189, 27, 40, 'aire', 0),
(2033, '2019-02-04 08:54:48', '2019-02-04 08:54:48', 189, 69, 50, 'bote', 0),
(2034, '2019-02-04 08:54:48', '2019-02-04 08:54:48', 189, 46, 50, 'bote', 0),
(2035, '2019-02-04 08:54:48', '2019-02-04 08:54:48', 189, 25, 50, 'bote', 0),
(2036, '2019-02-04 08:54:48', '2019-02-04 08:54:48', 189, 27, 50, 'bote', 0),
(2037, '2019-02-04 08:54:48', '2019-02-04 08:54:48', 189, 69, 60, 'cortadas', 0),
(2038, '2019-02-04 08:54:48', '2019-02-04 08:54:48', 189, 46, 60, 'cortadas', 0),
(2039, '2019-02-04 08:54:48', '2019-02-04 08:54:48', 189, 25, 60, 'cortadas', 0),
(2040, '2019-02-04 08:54:48', '2019-02-04 08:54:48', 189, 27, 60, 'cortadas', 0),
(2041, '2019-02-04 08:54:48', '2019-02-04 08:54:48', 189, 69, 70, 'escapadas', 0),
(2042, '2019-02-04 08:54:48', '2019-02-04 08:54:48', 189, 46, 70, 'escapadas', 0),
(2043, '2019-02-04 08:54:48', '2019-02-04 08:54:48', 189, 25, 70, 'escapadas', 0),
(2044, '2019-02-04 08:54:48', '2019-02-04 08:54:48', 189, 27, 70, 'escapadas', 0),
(2045, '2019-02-04 08:54:48', '2019-02-04 08:54:48', 189, 69, 80, 'atras', 0),
(2046, '2019-02-04 08:54:48', '2019-02-04 08:54:48', 189, 46, 80, 'atras', 0),
(2047, '2019-02-04 08:54:48', '2019-02-04 08:54:48', 189, 25, 80, 'atras', 0),
(2048, '2019-02-04 08:54:48', '2019-02-04 08:54:48', 189, 27, 80, 'atras', 0),
(2049, '2019-02-04 08:54:48', '2019-02-04 08:54:48', 189, 69, 90, 'falta_saque', 0),
(2050, '2019-02-04 08:54:48', '2019-02-04 08:54:48', 189, 46, 90, 'falta_saque', 0),
(2051, '2019-02-04 08:54:48', '2019-02-04 08:54:48', 189, 25, 90, 'falta_saque', 0),
(2052, '2019-02-04 08:54:48', '2019-02-04 08:54:48', 189, 27, 90, 'falta_saque', 0),
(2053, '2019-02-04 08:54:48', '2019-02-04 08:54:48', 189, 69, 100, 'errores', 0),
(2054, '2019-02-04 08:54:48', '2019-02-04 08:54:48', 189, 46, 100, 'errores', 0),
(2055, '2019-02-04 08:54:48', '2019-02-04 08:54:48', 189, 25, 100, 'errores', 0),
(2056, '2019-02-04 08:54:48', '2019-02-04 08:54:48', 189, 27, 100, 'errores', 0),
(2057, '2019-02-04 08:54:48', '2019-02-04 08:54:48', 189, 69, 110, 'total_tantos', 0),
(2058, '2019-02-04 08:54:48', '2019-02-04 08:54:48', 189, 46, 110, 'total_tantos', 0),
(2059, '2019-02-04 08:54:48', '2019-02-04 08:54:48', 189, 25, 110, 'total_tantos', 0),
(2060, '2019-02-04 08:54:48', '2019-02-04 08:54:48', 189, 27, 110, 'total_tantos', 0),
(2061, '2019-02-04 08:54:48', '2019-02-04 08:54:48', 189, 69, 120, 'total_fallos', 0),
(2062, '2019-02-04 08:54:48', '2019-02-04 08:54:48', 189, 46, 120, 'total_fallos', 0),
(2063, '2019-02-04 08:54:48', '2019-02-04 08:54:48', 189, 25, 120, 'total_fallos', 0),
(2064, '2019-02-04 08:54:48', '2019-02-04 08:54:48', 189, 27, 120, 'total_fallos', 0),
(2065, '2019-02-04 09:05:47', '2019-02-04 09:05:47', 190, 68, 10, 'saque', 0),
(2066, '2019-02-04 09:05:47', '2019-02-04 09:05:47', 190, 51, 10, 'saque', 0),
(2067, '2019-02-04 09:05:47', '2019-02-04 09:05:47', 190, 6, 10, 'saque', 0),
(2068, '2019-02-04 09:05:47', '2019-02-04 09:05:47', 190, 28, 10, 'saque', 0),
(2069, '2019-02-04 09:05:47', '2019-02-04 09:05:47', 190, 68, 20, 'dos_paredes', 0),
(2070, '2019-02-04 09:05:47', '2019-02-04 09:05:47', 190, 51, 20, 'dos_paredes', 0),
(2071, '2019-02-04 09:05:47', '2019-02-04 09:05:47', 190, 6, 20, 'dos_paredes', 0),
(2072, '2019-02-04 09:05:47', '2019-02-04 09:05:47', 190, 28, 20, 'dos_paredes', 0),
(2073, '2019-02-04 09:05:47', '2019-02-04 09:05:47', 190, 68, 30, 'dejada', 0),
(2074, '2019-02-04 09:05:47', '2019-02-04 09:05:47', 190, 51, 30, 'dejada', 0),
(2075, '2019-02-04 09:05:47', '2019-02-04 09:05:47', 190, 6, 30, 'dejada', 0),
(2076, '2019-02-04 09:05:47', '2019-02-04 09:05:47', 190, 28, 30, 'dejada', 0),
(2077, '2019-02-04 09:05:47', '2019-02-04 09:05:47', 190, 68, 40, 'aire', 0),
(2078, '2019-02-04 09:05:47', '2019-02-04 09:05:47', 190, 51, 40, 'aire', 0),
(2079, '2019-02-04 09:05:47', '2019-02-04 09:05:47', 190, 6, 40, 'aire', 0),
(2080, '2019-02-04 09:05:47', '2019-02-04 09:05:47', 190, 28, 40, 'aire', 0),
(2081, '2019-02-04 09:05:47', '2019-02-04 09:05:47', 190, 68, 50, 'bote', 0),
(2082, '2019-02-04 09:05:47', '2019-02-04 09:05:47', 190, 51, 50, 'bote', 0),
(2083, '2019-02-04 09:05:47', '2019-02-04 09:05:47', 190, 6, 50, 'bote', 0),
(2084, '2019-02-04 09:05:47', '2019-02-04 09:05:47', 190, 28, 50, 'bote', 0),
(2085, '2019-02-04 09:05:47', '2019-02-04 09:05:47', 190, 68, 60, 'cortadas', 0),
(2086, '2019-02-04 09:05:47', '2019-02-04 09:05:47', 190, 51, 60, 'cortadas', 0),
(2087, '2019-02-04 09:05:47', '2019-02-04 09:05:47', 190, 6, 60, 'cortadas', 0),
(2088, '2019-02-04 09:05:47', '2019-02-04 09:05:47', 190, 28, 60, 'cortadas', 0),
(2089, '2019-02-04 09:05:47', '2019-02-04 09:05:47', 190, 68, 70, 'escapadas', 0),
(2090, '2019-02-04 09:05:47', '2019-02-04 09:05:47', 190, 51, 70, 'escapadas', 0),
(2091, '2019-02-04 09:05:47', '2019-02-04 09:05:47', 190, 6, 70, 'escapadas', 0),
(2092, '2019-02-04 09:05:47', '2019-02-04 09:05:47', 190, 28, 70, 'escapadas', 0),
(2093, '2019-02-04 09:05:47', '2019-02-04 09:05:47', 190, 68, 80, 'atras', 0),
(2094, '2019-02-04 09:05:47', '2019-02-04 09:05:47', 190, 51, 80, 'atras', 0),
(2095, '2019-02-04 09:05:47', '2019-02-04 09:05:47', 190, 6, 80, 'atras', 0),
(2096, '2019-02-04 09:05:47', '2019-02-04 09:05:47', 190, 28, 80, 'atras', 0),
(2097, '2019-02-04 09:05:47', '2019-02-04 09:05:47', 190, 68, 90, 'falta_saque', 0),
(2098, '2019-02-04 09:05:47', '2019-02-04 09:05:47', 190, 51, 90, 'falta_saque', 0),
(2099, '2019-02-04 09:05:47', '2019-02-04 09:05:47', 190, 6, 90, 'falta_saque', 0),
(2100, '2019-02-04 09:05:47', '2019-02-04 09:05:47', 190, 28, 90, 'falta_saque', 0),
(2101, '2019-02-04 09:05:47', '2019-02-04 09:05:47', 190, 68, 100, 'errores', 0),
(2102, '2019-02-04 09:05:47', '2019-02-04 09:05:47', 190, 51, 100, 'errores', 0),
(2103, '2019-02-04 09:05:47', '2019-02-04 09:05:47', 190, 6, 100, 'errores', 0),
(2104, '2019-02-04 09:05:47', '2019-02-04 09:05:47', 190, 28, 100, 'errores', 0),
(2105, '2019-02-04 09:05:47', '2019-02-04 09:05:47', 190, 68, 110, 'total_tantos', 0),
(2106, '2019-02-04 09:05:47', '2019-02-04 09:05:47', 190, 51, 110, 'total_tantos', 0),
(2107, '2019-02-04 09:05:47', '2019-02-04 09:05:47', 190, 6, 110, 'total_tantos', 0),
(2108, '2019-02-04 09:05:47', '2019-02-04 09:05:47', 190, 28, 110, 'total_tantos', 0),
(2109, '2019-02-04 09:05:47', '2019-02-04 09:05:47', 190, 68, 120, 'total_fallos', 0),
(2110, '2019-02-04 09:05:47', '2019-02-04 09:05:47', 190, 51, 120, 'total_fallos', 0),
(2111, '2019-02-04 09:05:47', '2019-02-04 09:05:47', 190, 6, 120, 'total_fallos', 0),
(2112, '2019-02-04 09:05:47', '2019-02-04 09:05:47', 190, 28, 120, 'total_fallos', 0),
(2113, '2019-02-04 09:07:14', '2019-02-04 09:07:14', 195, 2, 10, 'saque', 0),
(2114, '2019-02-04 09:07:14', '2019-02-04 09:07:14', 195, 20, 10, 'saque', 0),
(2115, '2019-02-04 09:07:14', '2019-02-04 09:07:14', 195, 77, 10, 'saque', 0),
(2116, '2019-02-04 09:07:14', '2019-02-04 09:07:14', 195, 57, 10, 'saque', 0),
(2117, '2019-02-04 09:07:14', '2019-02-04 09:07:14', 195, 2, 20, 'dos_paredes', 0),
(2118, '2019-02-04 09:07:14', '2019-02-04 09:07:14', 195, 20, 20, 'dos_paredes', 0),
(2119, '2019-02-04 09:07:14', '2019-02-04 09:07:14', 195, 77, 20, 'dos_paredes', 0),
(2120, '2019-02-04 09:07:14', '2019-02-04 09:07:14', 195, 57, 20, 'dos_paredes', 0),
(2121, '2019-02-04 09:07:14', '2019-02-04 09:07:14', 195, 2, 30, 'dejada', 0),
(2122, '2019-02-04 09:07:14', '2019-02-04 09:07:14', 195, 20, 30, 'dejada', 0),
(2123, '2019-02-04 09:07:14', '2019-02-04 09:07:14', 195, 77, 30, 'dejada', 0),
(2124, '2019-02-04 09:07:14', '2019-02-04 09:07:14', 195, 57, 30, 'dejada', 0),
(2125, '2019-02-04 09:07:14', '2019-02-04 09:07:14', 195, 2, 40, 'aire', 0),
(2126, '2019-02-04 09:07:14', '2019-02-04 09:07:14', 195, 20, 40, 'aire', 0),
(2127, '2019-02-04 09:07:14', '2019-02-04 09:07:14', 195, 77, 40, 'aire', 0),
(2128, '2019-02-04 09:07:14', '2019-02-04 09:07:14', 195, 57, 40, 'aire', 0),
(2129, '2019-02-04 09:07:14', '2019-02-04 09:07:14', 195, 2, 50, 'bote', 0),
(2130, '2019-02-04 09:07:14', '2019-02-04 09:07:14', 195, 20, 50, 'bote', 0),
(2131, '2019-02-04 09:07:14', '2019-02-04 09:07:14', 195, 77, 50, 'bote', 0),
(2132, '2019-02-04 09:07:14', '2019-02-04 09:07:14', 195, 57, 50, 'bote', 0),
(2133, '2019-02-04 09:07:14', '2019-02-04 09:07:14', 195, 2, 60, 'cortadas', 0),
(2134, '2019-02-04 09:07:14', '2019-02-04 09:07:14', 195, 20, 60, 'cortadas', 0),
(2135, '2019-02-04 09:07:14', '2019-02-04 09:07:14', 195, 77, 60, 'cortadas', 0),
(2136, '2019-02-04 09:07:14', '2019-02-04 09:07:14', 195, 57, 60, 'cortadas', 0),
(2137, '2019-02-04 09:07:14', '2019-02-04 09:07:14', 195, 2, 70, 'escapadas', 0),
(2138, '2019-02-04 09:07:14', '2019-02-04 09:07:14', 195, 20, 70, 'escapadas', 0),
(2139, '2019-02-04 09:07:14', '2019-02-04 09:07:14', 195, 77, 70, 'escapadas', 0),
(2140, '2019-02-04 09:07:14', '2019-02-04 09:07:14', 195, 57, 70, 'escapadas', 0),
(2141, '2019-02-04 09:07:14', '2019-02-04 09:07:14', 195, 2, 80, 'atras', 0),
(2142, '2019-02-04 09:07:14', '2019-02-04 09:07:14', 195, 20, 80, 'atras', 0),
(2143, '2019-02-04 09:07:14', '2019-02-04 09:07:14', 195, 77, 80, 'atras', 0),
(2144, '2019-02-04 09:07:14', '2019-02-04 09:07:14', 195, 57, 80, 'atras', 0),
(2145, '2019-02-04 09:07:14', '2019-02-04 09:07:14', 195, 2, 90, 'falta_saque', 0),
(2146, '2019-02-04 09:07:14', '2019-02-04 09:07:14', 195, 20, 90, 'falta_saque', 0),
(2147, '2019-02-04 09:07:14', '2019-02-04 09:07:14', 195, 77, 90, 'falta_saque', 0),
(2148, '2019-02-04 09:07:14', '2019-02-04 09:07:14', 195, 57, 90, 'falta_saque', 0),
(2149, '2019-02-04 09:07:14', '2019-02-04 09:07:14', 195, 2, 100, 'errores', 0),
(2150, '2019-02-04 09:07:14', '2019-02-04 09:07:14', 195, 20, 100, 'errores', 0),
(2151, '2019-02-04 09:07:14', '2019-02-04 09:07:14', 195, 77, 100, 'errores', 0),
(2152, '2019-02-04 09:07:14', '2019-02-04 09:07:14', 195, 57, 100, 'errores', 0),
(2153, '2019-02-04 09:07:14', '2019-02-04 09:07:14', 195, 2, 110, 'total_tantos', 0),
(2154, '2019-02-04 09:07:14', '2019-02-04 09:07:14', 195, 20, 110, 'total_tantos', 0),
(2155, '2019-02-04 09:07:14', '2019-02-04 09:07:14', 195, 77, 110, 'total_tantos', 0),
(2156, '2019-02-04 09:07:14', '2019-02-04 09:07:14', 195, 57, 110, 'total_tantos', 0),
(2157, '2019-02-04 09:07:14', '2019-02-04 09:07:14', 195, 2, 120, 'total_fallos', 0),
(2158, '2019-02-04 09:07:14', '2019-02-04 09:07:14', 195, 20, 120, 'total_fallos', 0),
(2159, '2019-02-04 09:07:14', '2019-02-04 09:07:14', 195, 77, 120, 'total_fallos', 0),
(2160, '2019-02-04 09:07:14', '2019-02-04 09:07:14', 195, 57, 120, 'total_fallos', 0),
(2161, '2019-02-04 09:10:17', '2019-02-04 09:10:17', 193, 1, 10, 'saque', 0),
(2162, '2019-02-04 09:10:17', '2019-02-04 09:10:17', 193, 12, 10, 'saque', 0),
(2163, '2019-02-04 09:10:17', '2019-02-04 09:10:17', 193, 74, 10, 'saque', 0),
(2164, '2019-02-04 09:10:17', '2019-02-04 09:10:17', 193, 42, 10, 'saque', 0),
(2165, '2019-02-04 09:10:17', '2019-02-04 09:10:17', 193, 1, 20, 'dos_paredes', 0),
(2166, '2019-02-04 09:10:17', '2019-02-04 09:10:17', 193, 12, 20, 'dos_paredes', 0),
(2167, '2019-02-04 09:10:17', '2019-02-04 09:10:17', 193, 74, 20, 'dos_paredes', 0),
(2168, '2019-02-04 09:10:17', '2019-02-04 09:10:17', 193, 42, 20, 'dos_paredes', 0),
(2169, '2019-02-04 09:10:17', '2019-02-04 09:10:17', 193, 1, 30, 'dejada', 0),
(2170, '2019-02-04 09:10:17', '2019-02-04 09:10:17', 193, 12, 30, 'dejada', 0),
(2171, '2019-02-04 09:10:17', '2019-02-04 09:10:17', 193, 74, 30, 'dejada', 0),
(2172, '2019-02-04 09:10:17', '2019-02-04 09:10:17', 193, 42, 30, 'dejada', 0),
(2173, '2019-02-04 09:10:17', '2019-02-04 09:10:17', 193, 1, 40, 'aire', 0),
(2174, '2019-02-04 09:10:17', '2019-02-04 09:10:17', 193, 12, 40, 'aire', 0),
(2175, '2019-02-04 09:10:17', '2019-02-04 09:10:17', 193, 74, 40, 'aire', 0),
(2176, '2019-02-04 09:10:17', '2019-02-04 09:10:17', 193, 42, 40, 'aire', 0),
(2177, '2019-02-04 09:10:17', '2019-02-04 09:10:17', 193, 1, 50, 'bote', 0),
(2178, '2019-02-04 09:10:17', '2019-02-04 09:10:17', 193, 12, 50, 'bote', 0),
(2179, '2019-02-04 09:10:17', '2019-02-04 09:10:17', 193, 74, 50, 'bote', 0),
(2180, '2019-02-04 09:10:17', '2019-02-04 09:10:17', 193, 42, 50, 'bote', 0),
(2181, '2019-02-04 09:10:17', '2019-02-04 09:10:17', 193, 1, 60, 'cortadas', 0),
(2182, '2019-02-04 09:10:17', '2019-02-04 09:10:17', 193, 12, 60, 'cortadas', 0),
(2183, '2019-02-04 09:10:17', '2019-02-04 09:10:17', 193, 74, 60, 'cortadas', 0),
(2184, '2019-02-04 09:10:17', '2019-02-04 09:10:17', 193, 42, 60, 'cortadas', 0),
(2185, '2019-02-04 09:10:17', '2019-02-04 09:10:17', 193, 1, 70, 'escapadas', 0),
(2186, '2019-02-04 09:10:17', '2019-02-04 09:10:17', 193, 12, 70, 'escapadas', 0),
(2187, '2019-02-04 09:10:17', '2019-02-04 09:10:17', 193, 74, 70, 'escapadas', 0),
(2188, '2019-02-04 09:10:17', '2019-02-04 09:10:17', 193, 42, 70, 'escapadas', 0),
(2189, '2019-02-04 09:10:17', '2019-02-04 09:10:17', 193, 1, 80, 'atras', 0),
(2190, '2019-02-04 09:10:17', '2019-02-04 09:10:17', 193, 12, 80, 'atras', 0),
(2191, '2019-02-04 09:10:17', '2019-02-04 09:10:17', 193, 74, 80, 'atras', 0),
(2192, '2019-02-04 09:10:17', '2019-02-04 09:10:17', 193, 42, 80, 'atras', 0),
(2193, '2019-02-04 09:10:17', '2019-02-04 09:10:17', 193, 1, 90, 'falta_saque', 0),
(2194, '2019-02-04 09:10:17', '2019-02-04 09:10:17', 193, 12, 90, 'falta_saque', 0),
(2195, '2019-02-04 09:10:17', '2019-02-04 09:10:17', 193, 74, 90, 'falta_saque', 0),
(2196, '2019-02-04 09:10:17', '2019-02-04 09:10:17', 193, 42, 90, 'falta_saque', 0),
(2197, '2019-02-04 09:10:17', '2019-02-04 09:10:17', 193, 1, 100, 'errores', 0),
(2198, '2019-02-04 09:10:17', '2019-02-04 09:10:17', 193, 12, 100, 'errores', 0),
(2199, '2019-02-04 09:10:17', '2019-02-04 09:10:17', 193, 74, 100, 'errores', 0),
(2200, '2019-02-04 09:10:17', '2019-02-04 09:10:17', 193, 42, 100, 'errores', 0),
(2201, '2019-02-04 09:10:17', '2019-02-04 09:10:17', 193, 1, 110, 'total_tantos', 0),
(2202, '2019-02-04 09:10:17', '2019-02-04 09:10:17', 193, 12, 110, 'total_tantos', 0),
(2203, '2019-02-04 09:10:17', '2019-02-04 09:10:17', 193, 74, 110, 'total_tantos', 0),
(2204, '2019-02-04 09:10:17', '2019-02-04 09:10:17', 193, 42, 110, 'total_tantos', 0),
(2205, '2019-02-04 09:10:17', '2019-02-04 09:10:17', 193, 1, 120, 'total_fallos', 0),
(2206, '2019-02-04 09:10:17', '2019-02-04 09:10:17', 193, 12, 120, 'total_fallos', 0),
(2207, '2019-02-04 09:10:17', '2019-02-04 09:10:17', 193, 74, 120, 'total_fallos', 0),
(2208, '2019-02-04 09:10:17', '2019-02-04 09:10:17', 193, 42, 120, 'total_fallos', 0),
(2209, '2019-02-04 09:11:19', '2019-02-04 09:11:19', 194, 44, 10, 'saque', 0),
(2210, '2019-02-04 09:11:19', '2019-02-04 09:11:19', 194, 70, 10, 'saque', 0),
(2211, '2019-02-04 09:11:19', '2019-02-04 09:11:19', 194, 22, 10, 'saque', 0),
(2212, '2019-02-04 09:11:19', '2019-02-04 09:11:19', 194, 10, 10, 'saque', 0),
(2213, '2019-02-04 09:11:19', '2019-02-04 09:11:19', 194, 44, 20, 'dos_paredes', 0),
(2214, '2019-02-04 09:11:19', '2019-02-04 09:11:19', 194, 70, 20, 'dos_paredes', 0),
(2215, '2019-02-04 09:11:19', '2019-02-04 09:11:19', 194, 22, 20, 'dos_paredes', 0),
(2216, '2019-02-04 09:11:19', '2019-02-04 09:11:19', 194, 10, 20, 'dos_paredes', 0),
(2217, '2019-02-04 09:11:19', '2019-02-04 09:11:19', 194, 44, 30, 'dejada', 0),
(2218, '2019-02-04 09:11:19', '2019-02-04 09:11:19', 194, 70, 30, 'dejada', 0),
(2219, '2019-02-04 09:11:19', '2019-02-04 09:11:19', 194, 22, 30, 'dejada', 0),
(2220, '2019-02-04 09:11:19', '2019-02-04 09:11:19', 194, 10, 30, 'dejada', 0),
(2221, '2019-02-04 09:11:19', '2019-02-04 09:11:19', 194, 44, 40, 'aire', 0),
(2222, '2019-02-04 09:11:19', '2019-02-04 09:11:19', 194, 70, 40, 'aire', 0),
(2223, '2019-02-04 09:11:19', '2019-02-04 09:11:19', 194, 22, 40, 'aire', 0),
(2224, '2019-02-04 09:11:19', '2019-02-04 09:11:19', 194, 10, 40, 'aire', 0),
(2225, '2019-02-04 09:11:19', '2019-02-04 09:11:19', 194, 44, 50, 'bote', 0),
(2226, '2019-02-04 09:11:19', '2019-02-04 09:11:19', 194, 70, 50, 'bote', 0),
(2227, '2019-02-04 09:11:19', '2019-02-04 09:11:19', 194, 22, 50, 'bote', 0),
(2228, '2019-02-04 09:11:19', '2019-02-04 09:11:19', 194, 10, 50, 'bote', 0),
(2229, '2019-02-04 09:11:19', '2019-02-04 09:11:19', 194, 44, 60, 'cortadas', 0),
(2230, '2019-02-04 09:11:19', '2019-02-04 09:11:19', 194, 70, 60, 'cortadas', 0),
(2231, '2019-02-04 09:11:19', '2019-02-04 09:11:19', 194, 22, 60, 'cortadas', 0),
(2232, '2019-02-04 09:11:19', '2019-02-04 09:11:19', 194, 10, 60, 'cortadas', 0),
(2233, '2019-02-04 09:11:19', '2019-02-04 09:11:19', 194, 44, 70, 'escapadas', 0),
(2234, '2019-02-04 09:11:19', '2019-02-04 09:11:19', 194, 70, 70, 'escapadas', 0),
(2235, '2019-02-04 09:11:19', '2019-02-04 09:11:19', 194, 22, 70, 'escapadas', 0),
(2236, '2019-02-04 09:11:19', '2019-02-04 09:11:19', 194, 10, 70, 'escapadas', 0),
(2237, '2019-02-04 09:11:19', '2019-02-04 09:11:19', 194, 44, 80, 'atras', 0),
(2238, '2019-02-04 09:11:19', '2019-02-04 09:11:19', 194, 70, 80, 'atras', 0),
(2239, '2019-02-04 09:11:19', '2019-02-04 09:11:19', 194, 22, 80, 'atras', 0),
(2240, '2019-02-04 09:11:19', '2019-02-04 09:11:19', 194, 10, 80, 'atras', 0),
(2241, '2019-02-04 09:11:19', '2019-02-04 09:11:19', 194, 44, 90, 'falta_saque', 0),
(2242, '2019-02-04 09:11:19', '2019-02-04 09:11:19', 194, 70, 90, 'falta_saque', 0),
(2243, '2019-02-04 09:11:19', '2019-02-04 09:11:19', 194, 22, 90, 'falta_saque', 0),
(2244, '2019-02-04 09:11:19', '2019-02-04 09:11:19', 194, 10, 90, 'falta_saque', 0),
(2245, '2019-02-04 09:11:19', '2019-02-04 09:11:19', 194, 44, 100, 'errores', 0),
(2246, '2019-02-04 09:11:19', '2019-02-04 09:11:19', 194, 70, 100, 'errores', 0),
(2247, '2019-02-04 09:11:19', '2019-02-04 09:11:19', 194, 22, 100, 'errores', 0),
(2248, '2019-02-04 09:11:19', '2019-02-04 09:11:19', 194, 10, 100, 'errores', 0),
(2249, '2019-02-04 09:11:19', '2019-02-04 09:11:19', 194, 44, 110, 'total_tantos', 0),
(2250, '2019-02-04 09:11:19', '2019-02-04 09:11:19', 194, 70, 110, 'total_tantos', 0),
(2251, '2019-02-04 09:11:19', '2019-02-04 09:11:19', 194, 22, 110, 'total_tantos', 0),
(2252, '2019-02-04 09:11:19', '2019-02-04 09:11:19', 194, 10, 110, 'total_tantos', 0),
(2253, '2019-02-04 09:11:19', '2019-02-04 09:11:19', 194, 44, 120, 'total_fallos', 0),
(2254, '2019-02-04 09:11:19', '2019-02-04 09:11:19', 194, 70, 120, 'total_fallos', 0),
(2255, '2019-02-04 09:11:19', '2019-02-04 09:11:19', 194, 22, 120, 'total_fallos', 0),
(2256, '2019-02-04 09:11:19', '2019-02-04 09:11:19', 194, 10, 120, 'total_fallos', 0),
(2257, '2019-02-11 19:24:24', '2019-02-11 19:24:24', 198, 52, 10, 'saque', 0),
(2258, '2019-02-11 19:24:24', '2019-02-11 19:24:24', 198, 72, 10, 'saque', 0),
(2259, '2019-02-11 19:24:24', '2019-02-11 19:24:24', 198, 25, 10, 'saque', 0),
(2260, '2019-02-11 19:24:24', '2019-02-11 19:24:24', 198, 27, 10, 'saque', 0),
(2261, '2019-02-11 19:24:24', '2019-02-11 19:24:24', 198, 52, 20, 'dos_paredes', 0),
(2262, '2019-02-11 19:24:24', '2019-02-11 19:24:24', 198, 72, 20, 'dos_paredes', 0),
(2263, '2019-02-11 19:24:24', '2019-02-11 19:24:24', 198, 25, 20, 'dos_paredes', 0),
(2264, '2019-02-11 19:24:24', '2019-02-11 19:24:24', 198, 27, 20, 'dos_paredes', 0),
(2265, '2019-02-11 19:24:24', '2019-02-11 19:24:24', 198, 52, 30, 'dejada', 0),
(2266, '2019-02-11 19:24:24', '2019-02-11 19:24:24', 198, 72, 30, 'dejada', 0),
(2267, '2019-02-11 19:24:24', '2019-02-11 19:24:24', 198, 25, 30, 'dejada', 0),
(2268, '2019-02-11 19:24:24', '2019-02-11 19:24:24', 198, 27, 30, 'dejada', 0),
(2269, '2019-02-11 19:24:24', '2019-02-11 19:24:24', 198, 52, 40, 'aire', 0),
(2270, '2019-02-11 19:24:24', '2019-02-11 19:24:24', 198, 72, 40, 'aire', 0),
(2271, '2019-02-11 19:24:24', '2019-02-11 19:24:24', 198, 25, 40, 'aire', 0),
(2272, '2019-02-11 19:24:24', '2019-02-11 19:24:24', 198, 27, 40, 'aire', 0),
(2273, '2019-02-11 19:24:24', '2019-02-11 19:24:24', 198, 52, 50, 'bote', 0),
(2274, '2019-02-11 19:24:24', '2019-02-11 19:24:24', 198, 72, 50, 'bote', 0),
(2275, '2019-02-11 19:24:24', '2019-02-11 19:24:24', 198, 25, 50, 'bote', 0),
(2276, '2019-02-11 19:24:24', '2019-02-11 19:24:24', 198, 27, 50, 'bote', 0),
(2277, '2019-02-11 19:24:24', '2019-02-11 19:24:24', 198, 52, 60, 'cortadas', 0),
(2278, '2019-02-11 19:24:24', '2019-02-11 19:24:24', 198, 72, 60, 'cortadas', 0),
(2279, '2019-02-11 19:24:24', '2019-02-11 19:24:24', 198, 25, 60, 'cortadas', 0),
(2280, '2019-02-11 19:24:24', '2019-02-11 19:24:24', 198, 27, 60, 'cortadas', 0),
(2281, '2019-02-11 19:24:24', '2019-02-11 19:24:24', 198, 52, 70, 'escapadas', 0),
(2282, '2019-02-11 19:24:24', '2019-02-11 19:24:24', 198, 72, 70, 'escapadas', 0),
(2283, '2019-02-11 19:24:24', '2019-02-11 19:24:24', 198, 25, 70, 'escapadas', 0),
(2284, '2019-02-11 19:24:24', '2019-02-11 19:24:24', 198, 27, 70, 'escapadas', 0),
(2285, '2019-02-11 19:24:24', '2019-02-11 19:24:24', 198, 52, 80, 'atras', 0),
(2286, '2019-02-11 19:24:24', '2019-02-11 19:24:24', 198, 72, 80, 'atras', 0),
(2287, '2019-02-11 19:24:24', '2019-02-11 19:24:24', 198, 25, 80, 'atras', 0),
(2288, '2019-02-11 19:24:24', '2019-02-11 19:24:24', 198, 27, 80, 'atras', 0),
(2289, '2019-02-11 19:24:24', '2019-02-11 19:24:24', 198, 52, 90, 'falta_saque', 0),
(2290, '2019-02-11 19:24:24', '2019-02-11 19:24:24', 198, 72, 90, 'falta_saque', 0),
(2291, '2019-02-11 19:24:24', '2019-02-11 19:24:24', 198, 25, 90, 'falta_saque', 0),
(2292, '2019-02-11 19:24:24', '2019-02-11 19:24:24', 198, 27, 90, 'falta_saque', 0),
(2293, '2019-02-11 19:24:24', '2019-02-11 19:24:24', 198, 52, 100, 'errores', 0),
(2294, '2019-02-11 19:24:24', '2019-02-11 19:24:24', 198, 72, 100, 'errores', 0),
(2295, '2019-02-11 19:24:24', '2019-02-11 19:24:24', 198, 25, 100, 'errores', 0),
(2296, '2019-02-11 19:24:24', '2019-02-11 19:24:24', 198, 27, 100, 'errores', 0),
(2297, '2019-02-11 19:24:24', '2019-02-11 19:24:24', 198, 52, 110, 'total_tantos', 0),
(2298, '2019-02-11 19:24:24', '2019-02-11 19:24:24', 198, 72, 110, 'total_tantos', 0),
(2299, '2019-02-11 19:24:24', '2019-02-11 19:24:24', 198, 25, 110, 'total_tantos', 0),
(2300, '2019-02-11 19:24:24', '2019-02-11 19:24:24', 198, 27, 110, 'total_tantos', 0),
(2301, '2019-02-11 19:24:24', '2019-02-11 19:24:24', 198, 52, 120, 'total_fallos', 0),
(2302, '2019-02-11 19:24:24', '2019-02-11 19:24:24', 198, 72, 120, 'total_fallos', 0),
(2303, '2019-02-11 19:24:24', '2019-02-11 19:24:24', 198, 25, 120, 'total_fallos', 0),
(2304, '2019-02-11 19:24:24', '2019-02-11 19:24:24', 198, 27, 120, 'total_fallos', 0),
(2305, '2019-02-11 19:25:19', '2019-02-11 19:25:19', 199, 56, 10, 'saque', 0),
(2306, '2019-02-11 19:25:19', '2019-02-11 19:25:19', 199, 62, 10, 'saque', 0),
(2307, '2019-02-11 19:25:19', '2019-02-11 19:25:19', 199, 74, 10, 'saque', 0),
(2308, '2019-02-11 19:25:19', '2019-02-11 19:25:19', 199, 42, 10, 'saque', 0),
(2309, '2019-02-11 19:25:19', '2019-02-11 19:25:19', 199, 56, 20, 'dos_paredes', 0),
(2310, '2019-02-11 19:25:19', '2019-02-11 19:25:19', 199, 62, 20, 'dos_paredes', 0),
(2311, '2019-02-11 19:25:19', '2019-02-11 19:25:19', 199, 74, 20, 'dos_paredes', 0),
(2312, '2019-02-11 19:25:19', '2019-02-11 19:25:19', 199, 42, 20, 'dos_paredes', 0),
(2313, '2019-02-11 19:25:19', '2019-02-11 19:25:19', 199, 56, 30, 'dejada', 0),
(2314, '2019-02-11 19:25:19', '2019-02-11 19:25:19', 199, 62, 30, 'dejada', 0),
(2315, '2019-02-11 19:25:19', '2019-02-11 19:25:19', 199, 74, 30, 'dejada', 0),
(2316, '2019-02-11 19:25:19', '2019-02-11 19:25:19', 199, 42, 30, 'dejada', 0),
(2317, '2019-02-11 19:25:19', '2019-02-11 19:25:19', 199, 56, 40, 'aire', 0),
(2318, '2019-02-11 19:25:19', '2019-02-11 19:25:19', 199, 62, 40, 'aire', 0),
(2319, '2019-02-11 19:25:19', '2019-02-11 19:25:19', 199, 74, 40, 'aire', 0),
(2320, '2019-02-11 19:25:19', '2019-02-11 19:25:19', 199, 42, 40, 'aire', 0),
(2321, '2019-02-11 19:25:19', '2019-02-11 19:25:19', 199, 56, 50, 'bote', 0),
(2322, '2019-02-11 19:25:19', '2019-02-11 19:25:19', 199, 62, 50, 'bote', 0),
(2323, '2019-02-11 19:25:19', '2019-02-11 19:25:19', 199, 74, 50, 'bote', 0),
(2324, '2019-02-11 19:25:19', '2019-02-11 19:25:19', 199, 42, 50, 'bote', 0),
(2325, '2019-02-11 19:25:19', '2019-02-11 19:25:19', 199, 56, 60, 'cortadas', 0),
(2326, '2019-02-11 19:25:19', '2019-02-11 19:25:19', 199, 62, 60, 'cortadas', 0),
(2327, '2019-02-11 19:25:19', '2019-02-11 19:25:19', 199, 74, 60, 'cortadas', 0),
(2328, '2019-02-11 19:25:19', '2019-02-11 19:25:19', 199, 42, 60, 'cortadas', 0),
(2329, '2019-02-11 19:25:19', '2019-02-11 19:25:19', 199, 56, 70, 'escapadas', 0),
(2330, '2019-02-11 19:25:19', '2019-02-11 19:25:19', 199, 62, 70, 'escapadas', 0),
(2331, '2019-02-11 19:25:19', '2019-02-11 19:25:19', 199, 74, 70, 'escapadas', 0),
(2332, '2019-02-11 19:25:19', '2019-02-11 19:25:19', 199, 42, 70, 'escapadas', 0),
(2333, '2019-02-11 19:25:19', '2019-02-11 19:25:19', 199, 56, 80, 'atras', 0),
(2334, '2019-02-11 19:25:19', '2019-02-11 19:25:19', 199, 62, 80, 'atras', 0),
(2335, '2019-02-11 19:25:19', '2019-02-11 19:25:19', 199, 74, 80, 'atras', 0),
(2336, '2019-02-11 19:25:19', '2019-02-11 19:25:19', 199, 42, 80, 'atras', 0),
(2337, '2019-02-11 19:25:19', '2019-02-11 19:25:19', 199, 56, 90, 'falta_saque', 0),
(2338, '2019-02-11 19:25:19', '2019-02-11 19:25:19', 199, 62, 90, 'falta_saque', 0),
(2339, '2019-02-11 19:25:19', '2019-02-11 19:25:19', 199, 74, 90, 'falta_saque', 0),
(2340, '2019-02-11 19:25:19', '2019-02-11 19:25:19', 199, 42, 90, 'falta_saque', 0),
(2341, '2019-02-11 19:25:19', '2019-02-11 19:25:19', 199, 56, 100, 'errores', 0),
(2342, '2019-02-11 19:25:19', '2019-02-11 19:25:19', 199, 62, 100, 'errores', 0),
(2343, '2019-02-11 19:25:19', '2019-02-11 19:25:19', 199, 74, 100, 'errores', 0),
(2344, '2019-02-11 19:25:19', '2019-02-11 19:25:19', 199, 42, 100, 'errores', 0),
(2345, '2019-02-11 19:25:19', '2019-02-11 19:25:19', 199, 56, 110, 'total_tantos', 0),
(2346, '2019-02-11 19:25:19', '2019-02-11 19:25:19', 199, 62, 110, 'total_tantos', 0),
(2347, '2019-02-11 19:25:19', '2019-02-11 19:25:19', 199, 74, 110, 'total_tantos', 0),
(2348, '2019-02-11 19:25:19', '2019-02-11 19:25:19', 199, 42, 110, 'total_tantos', 0),
(2349, '2019-02-11 19:25:19', '2019-02-11 19:25:19', 199, 56, 120, 'total_fallos', 0),
(2350, '2019-02-11 19:25:19', '2019-02-11 19:25:19', 199, 62, 120, 'total_fallos', 0),
(2351, '2019-02-11 19:25:19', '2019-02-11 19:25:19', 199, 74, 120, 'total_fallos', 0),
(2352, '2019-02-11 19:25:19', '2019-02-11 19:25:19', 199, 42, 120, 'total_fallos', 0),
(2353, '2019-02-11 19:26:40', '2019-02-11 19:26:40', 205, 22, 10, 'saque', 0),
(2354, '2019-02-11 19:26:40', '2019-02-11 19:26:40', 205, 5, 10, 'saque', 0),
(2355, '2019-02-11 19:26:40', '2019-02-11 19:26:40', 205, 77, 10, 'saque', 0),
(2356, '2019-02-11 19:26:40', '2019-02-11 19:26:40', 205, 57, 10, 'saque', 0),
(2357, '2019-02-11 19:26:40', '2019-02-11 19:26:40', 205, 22, 20, 'dos_paredes', 0),
(2358, '2019-02-11 19:26:40', '2019-02-11 19:26:40', 205, 5, 20, 'dos_paredes', 0),
(2359, '2019-02-11 19:26:40', '2019-02-11 19:26:40', 205, 77, 20, 'dos_paredes', 0),
(2360, '2019-02-11 19:26:40', '2019-02-11 19:26:40', 205, 57, 20, 'dos_paredes', 0),
(2361, '2019-02-11 19:26:40', '2019-02-11 19:26:40', 205, 22, 30, 'dejada', 0),
(2362, '2019-02-11 19:26:40', '2019-02-11 19:26:40', 205, 5, 30, 'dejada', 0),
(2363, '2019-02-11 19:26:40', '2019-02-11 19:26:40', 205, 77, 30, 'dejada', 0),
(2364, '2019-02-11 19:26:40', '2019-02-11 19:26:40', 205, 57, 30, 'dejada', 0),
(2365, '2019-02-11 19:26:40', '2019-02-11 19:26:40', 205, 22, 40, 'aire', 0),
(2366, '2019-02-11 19:26:40', '2019-02-11 19:26:40', 205, 5, 40, 'aire', 0),
(2367, '2019-02-11 19:26:40', '2019-02-11 19:26:40', 205, 77, 40, 'aire', 0),
(2368, '2019-02-11 19:26:40', '2019-02-11 19:26:40', 205, 57, 40, 'aire', 0),
(2369, '2019-02-11 19:26:40', '2019-02-11 19:26:40', 205, 22, 50, 'bote', 0),
(2370, '2019-02-11 19:26:40', '2019-02-11 19:26:40', 205, 5, 50, 'bote', 0),
(2371, '2019-02-11 19:26:40', '2019-02-11 19:26:40', 205, 77, 50, 'bote', 0),
(2372, '2019-02-11 19:26:40', '2019-02-11 19:26:40', 205, 57, 50, 'bote', 0),
(2373, '2019-02-11 19:26:40', '2019-02-11 19:26:40', 205, 22, 60, 'cortadas', 0),
(2374, '2019-02-11 19:26:40', '2019-02-11 19:26:40', 205, 5, 60, 'cortadas', 0),
(2375, '2019-02-11 19:26:40', '2019-02-11 19:26:40', 205, 77, 60, 'cortadas', 0),
(2376, '2019-02-11 19:26:40', '2019-02-11 19:26:40', 205, 57, 60, 'cortadas', 0),
(2377, '2019-02-11 19:26:40', '2019-02-11 19:26:40', 205, 22, 70, 'escapadas', 0),
(2378, '2019-02-11 19:26:40', '2019-02-11 19:26:40', 205, 5, 70, 'escapadas', 0),
(2379, '2019-02-11 19:26:40', '2019-02-11 19:26:40', 205, 77, 70, 'escapadas', 0),
(2380, '2019-02-11 19:26:40', '2019-02-11 19:26:40', 205, 57, 70, 'escapadas', 0),
(2381, '2019-02-11 19:26:40', '2019-02-11 19:26:40', 205, 22, 80, 'atras', 0),
(2382, '2019-02-11 19:26:40', '2019-02-11 19:26:40', 205, 5, 80, 'atras', 0),
(2383, '2019-02-11 19:26:40', '2019-02-11 19:26:40', 205, 77, 80, 'atras', 0),
(2384, '2019-02-11 19:26:40', '2019-02-11 19:26:40', 205, 57, 80, 'atras', 0),
(2385, '2019-02-11 19:26:40', '2019-02-11 19:26:40', 205, 22, 90, 'falta_saque', 0),
(2386, '2019-02-11 19:26:40', '2019-02-11 19:26:40', 205, 5, 90, 'falta_saque', 0),
(2387, '2019-02-11 19:26:40', '2019-02-11 19:26:40', 205, 77, 90, 'falta_saque', 0),
(2388, '2019-02-11 19:26:40', '2019-02-11 19:26:40', 205, 57, 90, 'falta_saque', 0),
(2389, '2019-02-11 19:26:40', '2019-02-11 19:26:40', 205, 22, 100, 'errores', 0),
(2390, '2019-02-11 19:26:40', '2019-02-11 19:26:40', 205, 5, 100, 'errores', 0),
(2391, '2019-02-11 19:26:40', '2019-02-11 19:26:40', 205, 77, 100, 'errores', 0),
(2392, '2019-02-11 19:26:40', '2019-02-11 19:26:40', 205, 57, 100, 'errores', 0),
(2393, '2019-02-11 19:26:40', '2019-02-11 19:26:40', 205, 22, 110, 'total_tantos', 0),
(2394, '2019-02-11 19:26:40', '2019-02-11 19:26:40', 205, 5, 110, 'total_tantos', 0),
(2395, '2019-02-11 19:26:40', '2019-02-11 19:26:40', 205, 77, 110, 'total_tantos', 0),
(2396, '2019-02-11 19:26:40', '2019-02-11 19:26:40', 205, 57, 110, 'total_tantos', 0),
(2397, '2019-02-11 19:26:40', '2019-02-11 19:26:40', 205, 22, 120, 'total_fallos', 0),
(2398, '2019-02-11 19:26:40', '2019-02-11 19:26:40', 205, 5, 120, 'total_fallos', 0),
(2399, '2019-02-11 19:26:40', '2019-02-11 19:26:40', 205, 77, 120, 'total_fallos', 0),
(2400, '2019-02-11 19:26:40', '2019-02-11 19:26:40', 205, 57, 120, 'total_fallos', 0),
(2401, '2019-02-11 19:29:18', '2019-02-11 19:29:18', 204, 44, 10, 'saque', 0),
(2402, '2019-02-11 19:29:18', '2019-02-11 19:29:18', 204, 63, 10, 'saque', 0),
(2403, '2019-02-11 19:29:18', '2019-02-11 19:29:18', 204, 4, 10, 'saque', 0),
(2404, '2019-02-11 19:29:18', '2019-02-11 19:29:18', 204, 26, 10, 'saque', 0),
(2405, '2019-02-11 19:29:18', '2019-02-11 19:29:18', 204, 44, 20, 'dos_paredes', 0),
(2406, '2019-02-11 19:29:18', '2019-02-11 19:29:18', 204, 63, 20, 'dos_paredes', 0),
(2407, '2019-02-11 19:29:18', '2019-02-11 19:29:18', 204, 4, 20, 'dos_paredes', 0),
(2408, '2019-02-11 19:29:18', '2019-02-11 19:29:18', 204, 26, 20, 'dos_paredes', 0),
(2409, '2019-02-11 19:29:18', '2019-02-11 19:29:18', 204, 44, 30, 'dejada', 0),
(2410, '2019-02-11 19:29:18', '2019-02-11 19:29:18', 204, 63, 30, 'dejada', 0),
(2411, '2019-02-11 19:29:18', '2019-02-11 19:29:18', 204, 4, 30, 'dejada', 0),
(2412, '2019-02-11 19:29:18', '2019-02-11 19:29:18', 204, 26, 30, 'dejada', 0),
(2413, '2019-02-11 19:29:18', '2019-02-11 19:29:18', 204, 44, 40, 'aire', 0),
(2414, '2019-02-11 19:29:18', '2019-02-11 19:29:18', 204, 63, 40, 'aire', 0),
(2415, '2019-02-11 19:29:18', '2019-02-11 19:29:18', 204, 4, 40, 'aire', 0),
(2416, '2019-02-11 19:29:18', '2019-02-11 19:29:18', 204, 26, 40, 'aire', 0),
(2417, '2019-02-11 19:29:18', '2019-02-11 19:29:18', 204, 44, 50, 'bote', 0),
(2418, '2019-02-11 19:29:18', '2019-02-11 19:29:18', 204, 63, 50, 'bote', 0),
(2419, '2019-02-11 19:29:18', '2019-02-11 19:29:18', 204, 4, 50, 'bote', 0),
(2420, '2019-02-11 19:29:18', '2019-02-11 19:29:18', 204, 26, 50, 'bote', 0),
(2421, '2019-02-11 19:29:18', '2019-02-11 19:29:18', 204, 44, 60, 'cortadas', 0),
(2422, '2019-02-11 19:29:18', '2019-02-11 19:29:18', 204, 63, 60, 'cortadas', 0),
(2423, '2019-02-11 19:29:18', '2019-02-11 19:29:18', 204, 4, 60, 'cortadas', 0),
(2424, '2019-02-11 19:29:18', '2019-02-11 19:29:18', 204, 26, 60, 'cortadas', 0),
(2425, '2019-02-11 19:29:18', '2019-02-11 19:29:18', 204, 44, 70, 'escapadas', 0),
(2426, '2019-02-11 19:29:18', '2019-02-11 19:29:18', 204, 63, 70, 'escapadas', 0),
(2427, '2019-02-11 19:29:18', '2019-02-11 19:29:18', 204, 4, 70, 'escapadas', 0),
(2428, '2019-02-11 19:29:18', '2019-02-11 19:29:18', 204, 26, 70, 'escapadas', 0),
(2429, '2019-02-11 19:29:18', '2019-02-11 19:29:18', 204, 44, 80, 'atras', 0),
(2430, '2019-02-11 19:29:18', '2019-02-11 19:29:18', 204, 63, 80, 'atras', 0),
(2431, '2019-02-11 19:29:18', '2019-02-11 19:29:18', 204, 4, 80, 'atras', 0),
(2432, '2019-02-11 19:29:18', '2019-02-11 19:29:18', 204, 26, 80, 'atras', 0),
(2433, '2019-02-11 19:29:18', '2019-02-11 19:29:18', 204, 44, 90, 'falta_saque', 0),
(2434, '2019-02-11 19:29:18', '2019-02-11 19:29:18', 204, 63, 90, 'falta_saque', 0),
(2435, '2019-02-11 19:29:18', '2019-02-11 19:29:18', 204, 4, 90, 'falta_saque', 0),
(2436, '2019-02-11 19:29:18', '2019-02-11 19:29:18', 204, 26, 90, 'falta_saque', 0),
(2437, '2019-02-11 19:29:18', '2019-02-11 19:29:18', 204, 44, 100, 'errores', 0),
(2438, '2019-02-11 19:29:18', '2019-02-11 19:29:18', 204, 63, 100, 'errores', 0),
(2439, '2019-02-11 19:29:18', '2019-02-11 19:29:18', 204, 4, 100, 'errores', 0),
(2440, '2019-02-11 19:29:18', '2019-02-11 19:29:18', 204, 26, 100, 'errores', 0),
(2441, '2019-02-11 19:29:18', '2019-02-11 19:29:18', 204, 44, 110, 'total_tantos', 0),
(2442, '2019-02-11 19:29:18', '2019-02-11 19:29:18', 204, 63, 110, 'total_tantos', 0),
(2443, '2019-02-11 19:29:18', '2019-02-11 19:29:18', 204, 4, 110, 'total_tantos', 0),
(2444, '2019-02-11 19:29:18', '2019-02-11 19:29:18', 204, 26, 110, 'total_tantos', 0),
(2445, '2019-02-11 19:29:18', '2019-02-11 19:29:18', 204, 44, 120, 'total_fallos', 0),
(2446, '2019-02-11 19:29:18', '2019-02-11 19:29:18', 204, 63, 120, 'total_fallos', 0),
(2447, '2019-02-11 19:29:18', '2019-02-11 19:29:18', 204, 4, 120, 'total_fallos', 0),
(2448, '2019-02-11 19:29:18', '2019-02-11 19:29:18', 204, 26, 120, 'total_fallos', 0),
(2449, '2019-02-11 19:31:07', '2019-02-11 19:31:07', 207, 44, 10, 'saque', 0),
(2450, '2019-02-11 19:31:07', '2019-02-11 19:31:07', 207, 61, 10, 'saque', 0),
(2451, '2019-02-11 19:31:07', '2019-02-11 19:31:07', 207, 77, 10, 'saque', 0),
(2452, '2019-02-11 19:31:07', '2019-02-11 19:31:07', 207, 58, 10, 'saque', 0),
(2453, '2019-02-11 19:31:07', '2019-02-11 19:31:07', 207, 44, 20, 'dos_paredes', 0),
(2454, '2019-02-11 19:31:07', '2019-02-11 19:31:07', 207, 61, 20, 'dos_paredes', 0),
(2455, '2019-02-11 19:31:07', '2019-02-11 19:31:07', 207, 77, 20, 'dos_paredes', 0),
(2456, '2019-02-11 19:31:07', '2019-02-11 19:31:07', 207, 58, 20, 'dos_paredes', 0),
(2457, '2019-02-11 19:31:07', '2019-02-11 19:31:07', 207, 44, 30, 'dejada', 0),
(2458, '2019-02-11 19:31:07', '2019-02-11 19:31:07', 207, 61, 30, 'dejada', 0),
(2459, '2019-02-11 19:31:07', '2019-02-11 19:31:07', 207, 77, 30, 'dejada', 0),
(2460, '2019-02-11 19:31:07', '2019-02-11 19:31:07', 207, 58, 30, 'dejada', 0),
(2461, '2019-02-11 19:31:07', '2019-02-11 19:31:07', 207, 44, 40, 'aire', 0),
(2462, '2019-02-11 19:31:07', '2019-02-11 19:31:07', 207, 61, 40, 'aire', 0),
(2463, '2019-02-11 19:31:07', '2019-02-11 19:31:07', 207, 77, 40, 'aire', 0),
(2464, '2019-02-11 19:31:07', '2019-02-11 19:31:07', 207, 58, 40, 'aire', 0),
(2465, '2019-02-11 19:31:07', '2019-02-11 19:31:07', 207, 44, 50, 'bote', 0),
(2466, '2019-02-11 19:31:07', '2019-02-11 19:31:07', 207, 61, 50, 'bote', 0),
(2467, '2019-02-11 19:31:07', '2019-02-11 19:31:07', 207, 77, 50, 'bote', 0),
(2468, '2019-02-11 19:31:07', '2019-02-11 19:31:07', 207, 58, 50, 'bote', 0),
(2469, '2019-02-11 19:31:07', '2019-02-11 19:31:07', 207, 44, 60, 'cortadas', 0),
(2470, '2019-02-11 19:31:07', '2019-02-11 19:31:07', 207, 61, 60, 'cortadas', 0),
(2471, '2019-02-11 19:31:07', '2019-02-11 19:31:07', 207, 77, 60, 'cortadas', 0),
(2472, '2019-02-11 19:31:07', '2019-02-11 19:31:07', 207, 58, 60, 'cortadas', 0),
(2473, '2019-02-11 19:31:07', '2019-02-11 19:31:07', 207, 44, 70, 'escapadas', 0),
(2474, '2019-02-11 19:31:07', '2019-02-11 19:31:07', 207, 61, 70, 'escapadas', 0),
(2475, '2019-02-11 19:31:07', '2019-02-11 19:31:07', 207, 77, 70, 'escapadas', 0),
(2476, '2019-02-11 19:31:07', '2019-02-11 19:31:07', 207, 58, 70, 'escapadas', 0),
(2477, '2019-02-11 19:31:07', '2019-02-11 19:31:07', 207, 44, 80, 'atras', 0),
(2478, '2019-02-11 19:31:07', '2019-02-11 19:31:07', 207, 61, 80, 'atras', 0),
(2479, '2019-02-11 19:31:07', '2019-02-11 19:31:07', 207, 77, 80, 'atras', 0),
(2480, '2019-02-11 19:31:07', '2019-02-11 19:31:07', 207, 58, 80, 'atras', 0),
(2481, '2019-02-11 19:31:07', '2019-02-11 19:31:07', 207, 44, 90, 'falta_saque', 0),
(2482, '2019-02-11 19:31:07', '2019-02-11 19:31:07', 207, 61, 90, 'falta_saque', 0),
(2483, '2019-02-11 19:31:07', '2019-02-11 19:31:07', 207, 77, 90, 'falta_saque', 0),
(2484, '2019-02-11 19:31:07', '2019-02-11 19:31:07', 207, 58, 90, 'falta_saque', 0),
(2485, '2019-02-11 19:31:07', '2019-02-11 19:31:07', 207, 44, 100, 'errores', 0),
(2486, '2019-02-11 19:31:07', '2019-02-11 19:31:07', 207, 61, 100, 'errores', 0),
(2487, '2019-02-11 19:31:07', '2019-02-11 19:31:07', 207, 77, 100, 'errores', 0),
(2488, '2019-02-11 19:31:07', '2019-02-11 19:31:07', 207, 58, 100, 'errores', 0),
(2489, '2019-02-11 19:31:07', '2019-02-11 19:31:07', 207, 44, 110, 'total_tantos', 0),
(2490, '2019-02-11 19:31:07', '2019-02-11 19:31:07', 207, 61, 110, 'total_tantos', 0),
(2491, '2019-02-11 19:31:07', '2019-02-11 19:31:07', 207, 77, 110, 'total_tantos', 0),
(2492, '2019-02-11 19:31:07', '2019-02-11 19:31:07', 207, 58, 110, 'total_tantos', 0),
(2493, '2019-02-11 19:31:07', '2019-02-11 19:31:07', 207, 44, 120, 'total_fallos', 0),
(2494, '2019-02-11 19:31:07', '2019-02-11 19:31:07', 207, 61, 120, 'total_fallos', 0),
(2495, '2019-02-11 19:31:07', '2019-02-11 19:31:07', 207, 77, 120, 'total_fallos', 0),
(2496, '2019-02-11 19:31:07', '2019-02-11 19:31:07', 207, 58, 120, 'total_fallos', 0),
(2497, '2019-02-11 19:31:35', '2019-02-11 19:31:35', 200, 1, 10, 'saque', 0),
(2498, '2019-02-11 19:31:35', '2019-02-11 19:31:35', 200, 12, 10, 'saque', 0),
(2499, '2019-02-11 19:31:35', '2019-02-11 19:31:35', 200, 3, 10, 'saque', 0),
(2500, '2019-02-11 19:31:35', '2019-02-11 19:31:35', 200, 19, 10, 'saque', 0),
(2501, '2019-02-11 19:31:35', '2019-02-11 19:31:35', 200, 1, 20, 'dos_paredes', 0),
(2502, '2019-02-11 19:31:35', '2019-02-11 19:31:35', 200, 12, 20, 'dos_paredes', 0),
(2503, '2019-02-11 19:31:35', '2019-02-11 19:31:35', 200, 3, 20, 'dos_paredes', 0),
(2504, '2019-02-11 19:31:35', '2019-02-11 19:31:35', 200, 19, 20, 'dos_paredes', 0),
(2505, '2019-02-11 19:31:35', '2019-02-11 19:31:35', 200, 1, 30, 'dejada', 0),
(2506, '2019-02-11 19:31:35', '2019-02-11 19:31:35', 200, 12, 30, 'dejada', 0),
(2507, '2019-02-11 19:31:35', '2019-02-11 19:31:35', 200, 3, 30, 'dejada', 0),
(2508, '2019-02-11 19:31:35', '2019-02-11 19:31:35', 200, 19, 30, 'dejada', 0),
(2509, '2019-02-11 19:31:35', '2019-02-11 19:31:35', 200, 1, 40, 'aire', 0),
(2510, '2019-02-11 19:31:35', '2019-02-11 19:31:35', 200, 12, 40, 'aire', 0),
(2511, '2019-02-11 19:31:35', '2019-02-11 19:31:35', 200, 3, 40, 'aire', 0),
(2512, '2019-02-11 19:31:35', '2019-02-11 19:31:35', 200, 19, 40, 'aire', 0),
(2513, '2019-02-11 19:31:35', '2019-02-11 19:31:35', 200, 1, 50, 'bote', 0),
(2514, '2019-02-11 19:31:35', '2019-02-11 19:31:35', 200, 12, 50, 'bote', 0),
(2515, '2019-02-11 19:31:35', '2019-02-11 19:31:35', 200, 3, 50, 'bote', 0),
(2516, '2019-02-11 19:31:35', '2019-02-11 19:31:35', 200, 19, 50, 'bote', 0),
(2517, '2019-02-11 19:31:35', '2019-02-11 19:31:35', 200, 1, 60, 'cortadas', 0),
(2518, '2019-02-11 19:31:35', '2019-02-11 19:31:35', 200, 12, 60, 'cortadas', 0),
(2519, '2019-02-11 19:31:35', '2019-02-11 19:31:35', 200, 3, 60, 'cortadas', 0),
(2520, '2019-02-11 19:31:35', '2019-02-11 19:31:35', 200, 19, 60, 'cortadas', 0),
(2521, '2019-02-11 19:31:35', '2019-02-11 19:31:35', 200, 1, 70, 'escapadas', 0),
(2522, '2019-02-11 19:31:35', '2019-02-11 19:31:35', 200, 12, 70, 'escapadas', 0),
(2523, '2019-02-11 19:31:35', '2019-02-11 19:31:35', 200, 3, 70, 'escapadas', 0),
(2524, '2019-02-11 19:31:35', '2019-02-11 19:31:35', 200, 19, 70, 'escapadas', 0),
(2525, '2019-02-11 19:31:35', '2019-02-11 19:31:35', 200, 1, 80, 'atras', 0),
(2526, '2019-02-11 19:31:35', '2019-02-11 19:31:35', 200, 12, 80, 'atras', 0),
(2527, '2019-02-11 19:31:35', '2019-02-11 19:31:35', 200, 3, 80, 'atras', 0),
(2528, '2019-02-11 19:31:35', '2019-02-11 19:31:35', 200, 19, 80, 'atras', 0),
(2529, '2019-02-11 19:31:35', '2019-02-11 19:31:35', 200, 1, 90, 'falta_saque', 0),
(2530, '2019-02-11 19:31:35', '2019-02-11 19:31:35', 200, 12, 90, 'falta_saque', 0),
(2531, '2019-02-11 19:31:35', '2019-02-11 19:31:35', 200, 3, 90, 'falta_saque', 0),
(2532, '2019-02-11 19:31:35', '2019-02-11 19:31:35', 200, 19, 90, 'falta_saque', 0),
(2533, '2019-02-11 19:31:35', '2019-02-11 19:31:35', 200, 1, 100, 'errores', 0),
(2534, '2019-02-11 19:31:35', '2019-02-11 19:31:35', 200, 12, 100, 'errores', 0),
(2535, '2019-02-11 19:31:35', '2019-02-11 19:31:35', 200, 3, 100, 'errores', 0),
(2536, '2019-02-11 19:31:35', '2019-02-11 19:31:35', 200, 19, 100, 'errores', 0),
(2537, '2019-02-11 19:31:35', '2019-02-11 19:31:35', 200, 1, 110, 'total_tantos', 0),
(2538, '2019-02-11 19:31:35', '2019-02-11 19:31:35', 200, 12, 110, 'total_tantos', 0),
(2539, '2019-02-11 19:31:35', '2019-02-11 19:31:35', 200, 3, 110, 'total_tantos', 0),
(2540, '2019-02-11 19:31:35', '2019-02-11 19:31:35', 200, 19, 110, 'total_tantos', 0),
(2541, '2019-02-11 19:31:35', '2019-02-11 19:31:35', 200, 1, 120, 'total_fallos', 0),
(2542, '2019-02-11 19:31:35', '2019-02-11 19:31:35', 200, 12, 120, 'total_fallos', 0),
(2543, '2019-02-11 19:31:35', '2019-02-11 19:31:35', 200, 3, 120, 'total_fallos', 0),
(2544, '2019-02-11 19:31:35', '2019-02-11 19:31:35', 200, 19, 120, 'total_fallos', 0),
(2545, '2019-02-11 19:33:03', '2019-02-11 19:33:03', 201, 18, 10, 'saque', 0),
(2546, '2019-02-11 19:33:03', '2019-02-11 19:33:03', 201, 29, 10, 'saque', 0),
(2547, '2019-02-11 19:33:03', '2019-02-11 19:33:03', 201, 25, 10, 'saque', 0),
(2548, '2019-02-11 19:33:03', '2019-02-11 19:33:03', 201, 5, 10, 'saque', 0),
(2549, '2019-02-11 19:33:03', '2019-02-11 19:33:03', 201, 18, 20, 'dos_paredes', 0),
(2550, '2019-02-11 19:33:03', '2019-02-11 19:33:03', 201, 29, 20, 'dos_paredes', 0),
(2551, '2019-02-11 19:33:03', '2019-02-11 19:33:03', 201, 25, 20, 'dos_paredes', 0),
(2552, '2019-02-11 19:33:03', '2019-02-11 19:33:03', 201, 5, 20, 'dos_paredes', 0),
(2553, '2019-02-11 19:33:03', '2019-02-11 19:33:03', 201, 18, 30, 'dejada', 0),
(2554, '2019-02-11 19:33:03', '2019-02-11 19:33:03', 201, 29, 30, 'dejada', 0),
(2555, '2019-02-11 19:33:03', '2019-02-11 19:33:03', 201, 25, 30, 'dejada', 0);
INSERT INTO `festival_partido_tanteo` (`id`, `created_at`, `updated_at`, `festival_partido_id`, `pelotari_id`, `tanteo_order`, `tanteo_desc`, `tanteo`) VALUES
(2556, '2019-02-11 19:33:03', '2019-02-11 19:33:03', 201, 5, 30, 'dejada', 0),
(2557, '2019-02-11 19:33:03', '2019-02-11 19:33:03', 201, 18, 40, 'aire', 0),
(2558, '2019-02-11 19:33:03', '2019-02-11 19:33:03', 201, 29, 40, 'aire', 0),
(2559, '2019-02-11 19:33:03', '2019-02-11 19:33:03', 201, 25, 40, 'aire', 0),
(2560, '2019-02-11 19:33:03', '2019-02-11 19:33:03', 201, 5, 40, 'aire', 0),
(2561, '2019-02-11 19:33:03', '2019-02-11 19:33:03', 201, 18, 50, 'bote', 0),
(2562, '2019-02-11 19:33:03', '2019-02-11 19:33:03', 201, 29, 50, 'bote', 0),
(2563, '2019-02-11 19:33:03', '2019-02-11 19:33:03', 201, 25, 50, 'bote', 0),
(2564, '2019-02-11 19:33:03', '2019-02-11 19:33:03', 201, 5, 50, 'bote', 0),
(2565, '2019-02-11 19:33:03', '2019-02-11 19:33:03', 201, 18, 60, 'cortadas', 0),
(2566, '2019-02-11 19:33:03', '2019-02-11 19:33:03', 201, 29, 60, 'cortadas', 0),
(2567, '2019-02-11 19:33:03', '2019-02-11 19:33:03', 201, 25, 60, 'cortadas', 0),
(2568, '2019-02-11 19:33:03', '2019-02-11 19:33:03', 201, 5, 60, 'cortadas', 0),
(2569, '2019-02-11 19:33:03', '2019-02-11 19:33:03', 201, 18, 70, 'escapadas', 0),
(2570, '2019-02-11 19:33:03', '2019-02-11 19:33:03', 201, 29, 70, 'escapadas', 0),
(2571, '2019-02-11 19:33:03', '2019-02-11 19:33:03', 201, 25, 70, 'escapadas', 0),
(2572, '2019-02-11 19:33:03', '2019-02-11 19:33:03', 201, 5, 70, 'escapadas', 0),
(2573, '2019-02-11 19:33:03', '2019-02-11 19:33:03', 201, 18, 80, 'atras', 0),
(2574, '2019-02-11 19:33:03', '2019-02-11 19:33:03', 201, 29, 80, 'atras', 0),
(2575, '2019-02-11 19:33:03', '2019-02-11 19:33:03', 201, 25, 80, 'atras', 0),
(2576, '2019-02-11 19:33:03', '2019-02-11 19:33:03', 201, 5, 80, 'atras', 0),
(2577, '2019-02-11 19:33:03', '2019-02-11 19:33:03', 201, 18, 90, 'falta_saque', 0),
(2578, '2019-02-11 19:33:03', '2019-02-11 19:33:03', 201, 29, 90, 'falta_saque', 0),
(2579, '2019-02-11 19:33:03', '2019-02-11 19:33:03', 201, 25, 90, 'falta_saque', 0),
(2580, '2019-02-11 19:33:03', '2019-02-11 19:33:03', 201, 5, 90, 'falta_saque', 0),
(2581, '2019-02-11 19:33:03', '2019-02-11 19:33:03', 201, 18, 100, 'errores', 0),
(2582, '2019-02-11 19:33:03', '2019-02-11 19:33:03', 201, 29, 100, 'errores', 0),
(2583, '2019-02-11 19:33:03', '2019-02-11 19:33:03', 201, 25, 100, 'errores', 0),
(2584, '2019-02-11 19:33:03', '2019-02-11 19:33:03', 201, 5, 100, 'errores', 0),
(2585, '2019-02-11 19:33:03', '2019-02-11 19:33:03', 201, 18, 110, 'total_tantos', 0),
(2586, '2019-02-11 19:33:03', '2019-02-11 19:33:03', 201, 29, 110, 'total_tantos', 0),
(2587, '2019-02-11 19:33:03', '2019-02-11 19:33:03', 201, 25, 110, 'total_tantos', 0),
(2588, '2019-02-11 19:33:03', '2019-02-11 19:33:03', 201, 5, 110, 'total_tantos', 0),
(2589, '2019-02-11 19:33:03', '2019-02-11 19:33:03', 201, 18, 120, 'total_fallos', 0),
(2590, '2019-02-11 19:33:03', '2019-02-11 19:33:03', 201, 29, 120, 'total_fallos', 0),
(2591, '2019-02-11 19:33:03', '2019-02-11 19:33:03', 201, 25, 120, 'total_fallos', 0),
(2592, '2019-02-11 19:33:03', '2019-02-11 19:33:03', 201, 5, 120, 'total_fallos', 0),
(2593, '2019-02-11 19:33:35', '2019-02-11 19:33:35', 202, 53, 10, 'saque', 0),
(2594, '2019-02-11 19:33:35', '2019-02-11 19:33:35', 202, 51, 10, 'saque', 0),
(2595, '2019-02-11 19:33:35', '2019-02-11 19:33:35', 202, 54, 10, 'saque', 0),
(2596, '2019-02-11 19:33:35', '2019-02-11 19:33:35', 202, 67, 10, 'saque', 0),
(2597, '2019-02-11 19:33:35', '2019-02-11 19:33:35', 202, 53, 20, 'dos_paredes', 0),
(2598, '2019-02-11 19:33:35', '2019-02-11 19:33:35', 202, 51, 20, 'dos_paredes', 0),
(2599, '2019-02-11 19:33:35', '2019-02-11 19:33:35', 202, 54, 20, 'dos_paredes', 0),
(2600, '2019-02-11 19:33:35', '2019-02-11 19:33:35', 202, 67, 20, 'dos_paredes', 0),
(2601, '2019-02-11 19:33:35', '2019-02-11 19:33:35', 202, 53, 30, 'dejada', 0),
(2602, '2019-02-11 19:33:35', '2019-02-11 19:33:35', 202, 51, 30, 'dejada', 0),
(2603, '2019-02-11 19:33:35', '2019-02-11 19:33:35', 202, 54, 30, 'dejada', 0),
(2604, '2019-02-11 19:33:35', '2019-02-11 19:33:35', 202, 67, 30, 'dejada', 0),
(2605, '2019-02-11 19:33:35', '2019-02-11 19:33:35', 202, 53, 40, 'aire', 0),
(2606, '2019-02-11 19:33:35', '2019-02-11 19:33:35', 202, 51, 40, 'aire', 0),
(2607, '2019-02-11 19:33:35', '2019-02-11 19:33:35', 202, 54, 40, 'aire', 0),
(2608, '2019-02-11 19:33:35', '2019-02-11 19:33:35', 202, 67, 40, 'aire', 0),
(2609, '2019-02-11 19:33:35', '2019-02-11 19:33:35', 202, 53, 50, 'bote', 0),
(2610, '2019-02-11 19:33:35', '2019-02-11 19:33:35', 202, 51, 50, 'bote', 0),
(2611, '2019-02-11 19:33:35', '2019-02-11 19:33:35', 202, 54, 50, 'bote', 0),
(2612, '2019-02-11 19:33:35', '2019-02-11 19:33:35', 202, 67, 50, 'bote', 0),
(2613, '2019-02-11 19:33:35', '2019-02-11 19:33:35', 202, 53, 60, 'cortadas', 0),
(2614, '2019-02-11 19:33:35', '2019-02-11 19:33:35', 202, 51, 60, 'cortadas', 0),
(2615, '2019-02-11 19:33:35', '2019-02-11 19:33:35', 202, 54, 60, 'cortadas', 0),
(2616, '2019-02-11 19:33:35', '2019-02-11 19:33:35', 202, 67, 60, 'cortadas', 0),
(2617, '2019-02-11 19:33:35', '2019-02-11 19:33:35', 202, 53, 70, 'escapadas', 0),
(2618, '2019-02-11 19:33:35', '2019-02-11 19:33:35', 202, 51, 70, 'escapadas', 0),
(2619, '2019-02-11 19:33:35', '2019-02-11 19:33:35', 202, 54, 70, 'escapadas', 0),
(2620, '2019-02-11 19:33:35', '2019-02-11 19:33:35', 202, 67, 70, 'escapadas', 0),
(2621, '2019-02-11 19:33:35', '2019-02-11 19:33:35', 202, 53, 80, 'atras', 0),
(2622, '2019-02-11 19:33:35', '2019-02-11 19:33:35', 202, 51, 80, 'atras', 0),
(2623, '2019-02-11 19:33:35', '2019-02-11 19:33:35', 202, 54, 80, 'atras', 0),
(2624, '2019-02-11 19:33:35', '2019-02-11 19:33:35', 202, 67, 80, 'atras', 0),
(2625, '2019-02-11 19:33:35', '2019-02-11 19:33:35', 202, 53, 90, 'falta_saque', 0),
(2626, '2019-02-11 19:33:35', '2019-02-11 19:33:35', 202, 51, 90, 'falta_saque', 0),
(2627, '2019-02-11 19:33:35', '2019-02-11 19:33:35', 202, 54, 90, 'falta_saque', 0),
(2628, '2019-02-11 19:33:35', '2019-02-11 19:33:35', 202, 67, 90, 'falta_saque', 0),
(2629, '2019-02-11 19:33:35', '2019-02-11 19:33:35', 202, 53, 100, 'errores', 0),
(2630, '2019-02-11 19:33:35', '2019-02-11 19:33:35', 202, 51, 100, 'errores', 0),
(2631, '2019-02-11 19:33:35', '2019-02-11 19:33:35', 202, 54, 100, 'errores', 0),
(2632, '2019-02-11 19:33:35', '2019-02-11 19:33:35', 202, 67, 100, 'errores', 0),
(2633, '2019-02-11 19:33:35', '2019-02-11 19:33:35', 202, 53, 110, 'total_tantos', 0),
(2634, '2019-02-11 19:33:35', '2019-02-11 19:33:35', 202, 51, 110, 'total_tantos', 0),
(2635, '2019-02-11 19:33:35', '2019-02-11 19:33:35', 202, 54, 110, 'total_tantos', 0),
(2636, '2019-02-11 19:33:35', '2019-02-11 19:33:35', 202, 67, 110, 'total_tantos', 0),
(2637, '2019-02-11 19:33:35', '2019-02-11 19:33:35', 202, 53, 120, 'total_fallos', 0),
(2638, '2019-02-11 19:33:35', '2019-02-11 19:33:35', 202, 51, 120, 'total_fallos', 0),
(2639, '2019-02-11 19:33:35', '2019-02-11 19:33:35', 202, 54, 120, 'total_fallos', 0),
(2640, '2019-02-11 19:33:35', '2019-02-11 19:33:35', 202, 67, 120, 'total_fallos', 0),
(2641, '2019-02-11 19:34:01', '2019-02-11 19:34:01', 203, 14, 10, 'saque', 0),
(2642, '2019-02-11 19:34:01', '2019-02-11 19:34:01', 203, 20, 10, 'saque', 0),
(2643, '2019-02-11 19:34:01', '2019-02-11 19:34:01', 203, 69, 10, 'saque', 0),
(2644, '2019-02-11 19:34:01', '2019-02-11 19:34:01', 203, 46, 10, 'saque', 0),
(2645, '2019-02-11 19:34:01', '2019-02-11 19:34:01', 203, 14, 20, 'dos_paredes', 0),
(2646, '2019-02-11 19:34:01', '2019-02-11 19:34:01', 203, 20, 20, 'dos_paredes', 0),
(2647, '2019-02-11 19:34:01', '2019-02-11 19:34:01', 203, 69, 20, 'dos_paredes', 0),
(2648, '2019-02-11 19:34:01', '2019-02-11 19:34:01', 203, 46, 20, 'dos_paredes', 0),
(2649, '2019-02-11 19:34:01', '2019-02-11 19:34:01', 203, 14, 30, 'dejada', 0),
(2650, '2019-02-11 19:34:01', '2019-02-11 19:34:01', 203, 20, 30, 'dejada', 0),
(2651, '2019-02-11 19:34:01', '2019-02-11 19:34:01', 203, 69, 30, 'dejada', 0),
(2652, '2019-02-11 19:34:01', '2019-02-11 19:34:01', 203, 46, 30, 'dejada', 0),
(2653, '2019-02-11 19:34:01', '2019-02-11 19:34:01', 203, 14, 40, 'aire', 0),
(2654, '2019-02-11 19:34:01', '2019-02-11 19:34:01', 203, 20, 40, 'aire', 0),
(2655, '2019-02-11 19:34:01', '2019-02-11 19:34:01', 203, 69, 40, 'aire', 0),
(2656, '2019-02-11 19:34:01', '2019-02-11 19:34:01', 203, 46, 40, 'aire', 0),
(2657, '2019-02-11 19:34:01', '2019-02-11 19:34:01', 203, 14, 50, 'bote', 0),
(2658, '2019-02-11 19:34:01', '2019-02-11 19:34:01', 203, 20, 50, 'bote', 0),
(2659, '2019-02-11 19:34:01', '2019-02-11 19:34:01', 203, 69, 50, 'bote', 0),
(2660, '2019-02-11 19:34:01', '2019-02-11 19:34:01', 203, 46, 50, 'bote', 0),
(2661, '2019-02-11 19:34:01', '2019-02-11 19:34:01', 203, 14, 60, 'cortadas', 0),
(2662, '2019-02-11 19:34:01', '2019-02-11 19:34:01', 203, 20, 60, 'cortadas', 0),
(2663, '2019-02-11 19:34:01', '2019-02-11 19:34:01', 203, 69, 60, 'cortadas', 0),
(2664, '2019-02-11 19:34:01', '2019-02-11 19:34:01', 203, 46, 60, 'cortadas', 0),
(2665, '2019-02-11 19:34:01', '2019-02-11 19:34:01', 203, 14, 70, 'escapadas', 0),
(2666, '2019-02-11 19:34:01', '2019-02-11 19:34:01', 203, 20, 70, 'escapadas', 0),
(2667, '2019-02-11 19:34:01', '2019-02-11 19:34:01', 203, 69, 70, 'escapadas', 0),
(2668, '2019-02-11 19:34:01', '2019-02-11 19:34:01', 203, 46, 70, 'escapadas', 0),
(2669, '2019-02-11 19:34:01', '2019-02-11 19:34:01', 203, 14, 80, 'atras', 0),
(2670, '2019-02-11 19:34:01', '2019-02-11 19:34:01', 203, 20, 80, 'atras', 0),
(2671, '2019-02-11 19:34:01', '2019-02-11 19:34:01', 203, 69, 80, 'atras', 0),
(2672, '2019-02-11 19:34:01', '2019-02-11 19:34:01', 203, 46, 80, 'atras', 0),
(2673, '2019-02-11 19:34:01', '2019-02-11 19:34:01', 203, 14, 90, 'falta_saque', 0),
(2674, '2019-02-11 19:34:01', '2019-02-11 19:34:01', 203, 20, 90, 'falta_saque', 0),
(2675, '2019-02-11 19:34:01', '2019-02-11 19:34:01', 203, 69, 90, 'falta_saque', 0),
(2676, '2019-02-11 19:34:01', '2019-02-11 19:34:01', 203, 46, 90, 'falta_saque', 0),
(2677, '2019-02-11 19:34:01', '2019-02-11 19:34:01', 203, 14, 100, 'errores', 0),
(2678, '2019-02-11 19:34:01', '2019-02-11 19:34:01', 203, 20, 100, 'errores', 0),
(2679, '2019-02-11 19:34:01', '2019-02-11 19:34:01', 203, 69, 100, 'errores', 0),
(2680, '2019-02-11 19:34:01', '2019-02-11 19:34:01', 203, 46, 100, 'errores', 0),
(2681, '2019-02-11 19:34:01', '2019-02-11 19:34:01', 203, 14, 110, 'total_tantos', 0),
(2682, '2019-02-11 19:34:01', '2019-02-11 19:34:01', 203, 20, 110, 'total_tantos', 0),
(2683, '2019-02-11 19:34:01', '2019-02-11 19:34:01', 203, 69, 110, 'total_tantos', 0),
(2684, '2019-02-11 19:34:01', '2019-02-11 19:34:01', 203, 46, 110, 'total_tantos', 0),
(2685, '2019-02-11 19:34:01', '2019-02-11 19:34:01', 203, 14, 120, 'total_fallos', 0),
(2686, '2019-02-11 19:34:01', '2019-02-11 19:34:01', 203, 20, 120, 'total_fallos', 0),
(2687, '2019-02-11 19:34:01', '2019-02-11 19:34:01', 203, 69, 120, 'total_fallos', 0),
(2688, '2019-02-11 19:34:01', '2019-02-11 19:34:01', 203, 46, 120, 'total_fallos', 0),
(2689, '2019-02-18 07:04:27', '2019-02-18 07:04:27', 215, 55, 10, 'saque', 0),
(2690, '2019-02-18 07:04:27', '2019-02-18 07:04:27', 215, 63, 10, 'saque', 0),
(2691, '2019-02-18 07:04:27', '2019-02-18 07:04:27', 215, 77, 10, 'saque', 0),
(2692, '2019-02-18 07:04:27', '2019-02-18 07:04:27', 215, 59, 10, 'saque', 0),
(2693, '2019-02-18 07:04:27', '2019-02-18 07:04:27', 215, 55, 20, 'dos_paredes', 0),
(2694, '2019-02-18 07:04:27', '2019-02-18 07:04:27', 215, 63, 20, 'dos_paredes', 0),
(2695, '2019-02-18 07:04:27', '2019-02-18 07:04:27', 215, 77, 20, 'dos_paredes', 0),
(2696, '2019-02-18 07:04:27', '2019-02-18 07:04:27', 215, 59, 20, 'dos_paredes', 0),
(2697, '2019-02-18 07:04:27', '2019-02-18 07:04:27', 215, 55, 30, 'dejada', 0),
(2698, '2019-02-18 07:04:27', '2019-02-18 07:04:27', 215, 63, 30, 'dejada', 0),
(2699, '2019-02-18 07:04:27', '2019-02-18 07:04:27', 215, 77, 30, 'dejada', 0),
(2700, '2019-02-18 07:04:27', '2019-02-18 07:04:27', 215, 59, 30, 'dejada', 0),
(2701, '2019-02-18 07:04:27', '2019-02-18 07:04:27', 215, 55, 40, 'aire', 0),
(2702, '2019-02-18 07:04:27', '2019-02-18 07:04:27', 215, 63, 40, 'aire', 0),
(2703, '2019-02-18 07:04:27', '2019-02-18 07:04:27', 215, 77, 40, 'aire', 0),
(2704, '2019-02-18 07:04:27', '2019-02-18 07:04:27', 215, 59, 40, 'aire', 0),
(2705, '2019-02-18 07:04:27', '2019-02-18 07:04:27', 215, 55, 50, 'bote', 0),
(2706, '2019-02-18 07:04:27', '2019-02-18 07:04:27', 215, 63, 50, 'bote', 0),
(2707, '2019-02-18 07:04:27', '2019-02-18 07:04:27', 215, 77, 50, 'bote', 0),
(2708, '2019-02-18 07:04:27', '2019-02-18 07:04:27', 215, 59, 50, 'bote', 0),
(2709, '2019-02-18 07:04:27', '2019-02-18 07:04:27', 215, 55, 60, 'cortadas', 0),
(2710, '2019-02-18 07:04:27', '2019-02-18 07:04:27', 215, 63, 60, 'cortadas', 0),
(2711, '2019-02-18 07:04:27', '2019-02-18 07:04:27', 215, 77, 60, 'cortadas', 0),
(2712, '2019-02-18 07:04:27', '2019-02-18 07:04:27', 215, 59, 60, 'cortadas', 0),
(2713, '2019-02-18 07:04:27', '2019-02-18 07:04:27', 215, 55, 70, 'escapadas', 0),
(2714, '2019-02-18 07:04:27', '2019-02-18 07:04:27', 215, 63, 70, 'escapadas', 0),
(2715, '2019-02-18 07:04:27', '2019-02-18 07:04:27', 215, 77, 70, 'escapadas', 0),
(2716, '2019-02-18 07:04:27', '2019-02-18 07:04:27', 215, 59, 70, 'escapadas', 0),
(2717, '2019-02-18 07:04:27', '2019-02-18 07:04:27', 215, 55, 80, 'atras', 0),
(2718, '2019-02-18 07:04:27', '2019-02-18 07:04:27', 215, 63, 80, 'atras', 0),
(2719, '2019-02-18 07:04:27', '2019-02-18 07:04:27', 215, 77, 80, 'atras', 0),
(2720, '2019-02-18 07:04:27', '2019-02-18 07:04:27', 215, 59, 80, 'atras', 0),
(2721, '2019-02-18 07:04:27', '2019-02-18 07:04:27', 215, 55, 90, 'falta_saque', 0),
(2722, '2019-02-18 07:04:27', '2019-02-18 07:04:27', 215, 63, 90, 'falta_saque', 0),
(2723, '2019-02-18 07:04:27', '2019-02-18 07:04:27', 215, 77, 90, 'falta_saque', 0),
(2724, '2019-02-18 07:04:27', '2019-02-18 07:04:27', 215, 59, 90, 'falta_saque', 0),
(2725, '2019-02-18 07:04:27', '2019-02-18 07:04:27', 215, 55, 100, 'errores', 0),
(2726, '2019-02-18 07:04:27', '2019-02-18 07:04:27', 215, 63, 100, 'errores', 0),
(2727, '2019-02-18 07:04:27', '2019-02-18 07:04:27', 215, 77, 100, 'errores', 0),
(2728, '2019-02-18 07:04:27', '2019-02-18 07:04:27', 215, 59, 100, 'errores', 0),
(2729, '2019-02-18 07:04:27', '2019-02-18 07:04:27', 215, 55, 110, 'total_tantos', 0),
(2730, '2019-02-18 07:04:27', '2019-02-18 07:04:27', 215, 63, 110, 'total_tantos', 0),
(2731, '2019-02-18 07:04:27', '2019-02-18 07:04:27', 215, 77, 110, 'total_tantos', 0),
(2732, '2019-02-18 07:04:27', '2019-02-18 07:04:27', 215, 59, 110, 'total_tantos', 0),
(2733, '2019-02-18 07:04:27', '2019-02-18 07:04:27', 215, 55, 120, 'total_fallos', 0),
(2734, '2019-02-18 07:04:27', '2019-02-18 07:04:27', 215, 63, 120, 'total_fallos', 0),
(2735, '2019-02-18 07:04:27', '2019-02-18 07:04:27', 215, 77, 120, 'total_fallos', 0),
(2736, '2019-02-18 07:04:27', '2019-02-18 07:04:27', 215, 59, 120, 'total_fallos', 0),
(2737, '2019-02-18 07:05:06', '2019-02-18 07:05:06', 213, 25, 10, 'saque', 0),
(2738, '2019-02-18 07:05:06', '2019-02-18 07:05:06', 213, 27, 10, 'saque', 0),
(2739, '2019-02-18 07:05:06', '2019-02-18 07:05:06', 213, 77, 10, 'saque', 0),
(2740, '2019-02-18 07:05:06', '2019-02-18 07:05:06', 213, 57, 10, 'saque', 0),
(2741, '2019-02-18 07:05:06', '2019-02-18 07:05:06', 213, 25, 20, 'dos_paredes', 0),
(2742, '2019-02-18 07:05:06', '2019-02-18 07:05:06', 213, 27, 20, 'dos_paredes', 0),
(2743, '2019-02-18 07:05:06', '2019-02-18 07:05:06', 213, 77, 20, 'dos_paredes', 0),
(2744, '2019-02-18 07:05:06', '2019-02-18 07:05:06', 213, 57, 20, 'dos_paredes', 0),
(2745, '2019-02-18 07:05:06', '2019-02-18 07:05:06', 213, 25, 30, 'dejada', 0),
(2746, '2019-02-18 07:05:06', '2019-02-18 07:05:06', 213, 27, 30, 'dejada', 0),
(2747, '2019-02-18 07:05:06', '2019-02-18 07:05:06', 213, 77, 30, 'dejada', 0),
(2748, '2019-02-18 07:05:06', '2019-02-18 07:05:06', 213, 57, 30, 'dejada', 0),
(2749, '2019-02-18 07:05:06', '2019-02-18 07:05:06', 213, 25, 40, 'aire', 0),
(2750, '2019-02-18 07:05:06', '2019-02-18 07:05:06', 213, 27, 40, 'aire', 0),
(2751, '2019-02-18 07:05:06', '2019-02-18 07:05:06', 213, 77, 40, 'aire', 0),
(2752, '2019-02-18 07:05:06', '2019-02-18 07:05:06', 213, 57, 40, 'aire', 0),
(2753, '2019-02-18 07:05:06', '2019-02-18 07:05:06', 213, 25, 50, 'bote', 0),
(2754, '2019-02-18 07:05:06', '2019-02-18 07:05:06', 213, 27, 50, 'bote', 0),
(2755, '2019-02-18 07:05:06', '2019-02-18 07:05:06', 213, 77, 50, 'bote', 0),
(2756, '2019-02-18 07:05:06', '2019-02-18 07:05:06', 213, 57, 50, 'bote', 0),
(2757, '2019-02-18 07:05:06', '2019-02-18 07:05:06', 213, 25, 60, 'cortadas', 0),
(2758, '2019-02-18 07:05:06', '2019-02-18 07:05:06', 213, 27, 60, 'cortadas', 0),
(2759, '2019-02-18 07:05:06', '2019-02-18 07:05:06', 213, 77, 60, 'cortadas', 0),
(2760, '2019-02-18 07:05:06', '2019-02-18 07:05:06', 213, 57, 60, 'cortadas', 0),
(2761, '2019-02-18 07:05:06', '2019-02-18 07:05:06', 213, 25, 70, 'escapadas', 0),
(2762, '2019-02-18 07:05:06', '2019-02-18 07:05:06', 213, 27, 70, 'escapadas', 0),
(2763, '2019-02-18 07:05:06', '2019-02-18 07:05:06', 213, 77, 70, 'escapadas', 0),
(2764, '2019-02-18 07:05:06', '2019-02-18 07:05:06', 213, 57, 70, 'escapadas', 0),
(2765, '2019-02-18 07:05:06', '2019-02-18 07:05:06', 213, 25, 80, 'atras', 0),
(2766, '2019-02-18 07:05:06', '2019-02-18 07:05:06', 213, 27, 80, 'atras', 0),
(2767, '2019-02-18 07:05:06', '2019-02-18 07:05:06', 213, 77, 80, 'atras', 0),
(2768, '2019-02-18 07:05:06', '2019-02-18 07:05:06', 213, 57, 80, 'atras', 0),
(2769, '2019-02-18 07:05:06', '2019-02-18 07:05:06', 213, 25, 90, 'falta_saque', 0),
(2770, '2019-02-18 07:05:06', '2019-02-18 07:05:06', 213, 27, 90, 'falta_saque', 0),
(2771, '2019-02-18 07:05:06', '2019-02-18 07:05:06', 213, 77, 90, 'falta_saque', 0),
(2772, '2019-02-18 07:05:06', '2019-02-18 07:05:06', 213, 57, 90, 'falta_saque', 0),
(2773, '2019-02-18 07:05:06', '2019-02-18 07:05:06', 213, 25, 100, 'errores', 0),
(2774, '2019-02-18 07:05:06', '2019-02-18 07:05:06', 213, 27, 100, 'errores', 0),
(2775, '2019-02-18 07:05:06', '2019-02-18 07:05:06', 213, 77, 100, 'errores', 0),
(2776, '2019-02-18 07:05:06', '2019-02-18 07:05:06', 213, 57, 100, 'errores', 0),
(2777, '2019-02-18 07:05:06', '2019-02-18 07:05:06', 213, 25, 110, 'total_tantos', 0),
(2778, '2019-02-18 07:05:06', '2019-02-18 07:05:06', 213, 27, 110, 'total_tantos', 0),
(2779, '2019-02-18 07:05:06', '2019-02-18 07:05:06', 213, 77, 110, 'total_tantos', 0),
(2780, '2019-02-18 07:05:06', '2019-02-18 07:05:06', 213, 57, 110, 'total_tantos', 0),
(2781, '2019-02-18 07:05:06', '2019-02-18 07:05:06', 213, 25, 120, 'total_fallos', 0),
(2782, '2019-02-18 07:05:06', '2019-02-18 07:05:06', 213, 27, 120, 'total_fallos', 0),
(2783, '2019-02-18 07:05:06', '2019-02-18 07:05:06', 213, 77, 120, 'total_fallos', 0),
(2784, '2019-02-18 07:05:06', '2019-02-18 07:05:06', 213, 57, 120, 'total_fallos', 0),
(2785, '2019-02-18 07:05:32', '2019-02-18 07:05:32', 214, 73, 10, 'saque', 0),
(2786, '2019-02-18 07:05:32', '2019-02-18 07:05:32', 214, 42, 10, 'saque', 0),
(2787, '2019-02-18 07:05:32', '2019-02-18 07:05:32', 214, 7, 10, 'saque', 0),
(2788, '2019-02-18 07:05:32', '2019-02-18 07:05:32', 214, 24, 10, 'saque', 0),
(2789, '2019-02-18 07:05:32', '2019-02-18 07:05:32', 214, 73, 20, 'dos_paredes', 0),
(2790, '2019-02-18 07:05:32', '2019-02-18 07:05:32', 214, 42, 20, 'dos_paredes', 0),
(2791, '2019-02-18 07:05:32', '2019-02-18 07:05:32', 214, 7, 20, 'dos_paredes', 0),
(2792, '2019-02-18 07:05:32', '2019-02-18 07:05:32', 214, 24, 20, 'dos_paredes', 0),
(2793, '2019-02-18 07:05:32', '2019-02-18 07:05:32', 214, 73, 30, 'dejada', 0),
(2794, '2019-02-18 07:05:32', '2019-02-18 07:05:32', 214, 42, 30, 'dejada', 0),
(2795, '2019-02-18 07:05:32', '2019-02-18 07:05:32', 214, 7, 30, 'dejada', 0),
(2796, '2019-02-18 07:05:32', '2019-02-18 07:05:32', 214, 24, 30, 'dejada', 0),
(2797, '2019-02-18 07:05:32', '2019-02-18 07:05:32', 214, 73, 40, 'aire', 0),
(2798, '2019-02-18 07:05:32', '2019-02-18 07:05:32', 214, 42, 40, 'aire', 0),
(2799, '2019-02-18 07:05:32', '2019-02-18 07:05:32', 214, 7, 40, 'aire', 0),
(2800, '2019-02-18 07:05:32', '2019-02-18 07:05:32', 214, 24, 40, 'aire', 0),
(2801, '2019-02-18 07:05:32', '2019-02-18 07:05:32', 214, 73, 50, 'bote', 0),
(2802, '2019-02-18 07:05:32', '2019-02-18 07:05:32', 214, 42, 50, 'bote', 0),
(2803, '2019-02-18 07:05:32', '2019-02-18 07:05:32', 214, 7, 50, 'bote', 0),
(2804, '2019-02-18 07:05:32', '2019-02-18 07:05:32', 214, 24, 50, 'bote', 0),
(2805, '2019-02-18 07:05:32', '2019-02-18 07:05:32', 214, 73, 60, 'cortadas', 0),
(2806, '2019-02-18 07:05:32', '2019-02-18 07:05:32', 214, 42, 60, 'cortadas', 0),
(2807, '2019-02-18 07:05:32', '2019-02-18 07:05:32', 214, 7, 60, 'cortadas', 0),
(2808, '2019-02-18 07:05:32', '2019-02-18 07:05:32', 214, 24, 60, 'cortadas', 0),
(2809, '2019-02-18 07:05:32', '2019-02-18 07:05:32', 214, 73, 70, 'escapadas', 0),
(2810, '2019-02-18 07:05:32', '2019-02-18 07:05:32', 214, 42, 70, 'escapadas', 0),
(2811, '2019-02-18 07:05:32', '2019-02-18 07:05:32', 214, 7, 70, 'escapadas', 0),
(2812, '2019-02-18 07:05:32', '2019-02-18 07:05:32', 214, 24, 70, 'escapadas', 0),
(2813, '2019-02-18 07:05:32', '2019-02-18 07:05:32', 214, 73, 80, 'atras', 0),
(2814, '2019-02-18 07:05:32', '2019-02-18 07:05:32', 214, 42, 80, 'atras', 0),
(2815, '2019-02-18 07:05:32', '2019-02-18 07:05:32', 214, 7, 80, 'atras', 0),
(2816, '2019-02-18 07:05:32', '2019-02-18 07:05:32', 214, 24, 80, 'atras', 0),
(2817, '2019-02-18 07:05:32', '2019-02-18 07:05:32', 214, 73, 90, 'falta_saque', 0),
(2818, '2019-02-18 07:05:32', '2019-02-18 07:05:32', 214, 42, 90, 'falta_saque', 0),
(2819, '2019-02-18 07:05:32', '2019-02-18 07:05:32', 214, 7, 90, 'falta_saque', 0),
(2820, '2019-02-18 07:05:32', '2019-02-18 07:05:32', 214, 24, 90, 'falta_saque', 0),
(2821, '2019-02-18 07:05:32', '2019-02-18 07:05:32', 214, 73, 100, 'errores', 0),
(2822, '2019-02-18 07:05:32', '2019-02-18 07:05:32', 214, 42, 100, 'errores', 0),
(2823, '2019-02-18 07:05:32', '2019-02-18 07:05:32', 214, 7, 100, 'errores', 0),
(2824, '2019-02-18 07:05:32', '2019-02-18 07:05:32', 214, 24, 100, 'errores', 0),
(2825, '2019-02-18 07:05:32', '2019-02-18 07:05:32', 214, 73, 110, 'total_tantos', 0),
(2826, '2019-02-18 07:05:32', '2019-02-18 07:05:32', 214, 42, 110, 'total_tantos', 0),
(2827, '2019-02-18 07:05:32', '2019-02-18 07:05:32', 214, 7, 110, 'total_tantos', 0),
(2828, '2019-02-18 07:05:32', '2019-02-18 07:05:32', 214, 24, 110, 'total_tantos', 0),
(2829, '2019-02-18 07:05:32', '2019-02-18 07:05:32', 214, 73, 120, 'total_fallos', 0),
(2830, '2019-02-18 07:05:32', '2019-02-18 07:05:32', 214, 42, 120, 'total_fallos', 0),
(2831, '2019-02-18 07:05:32', '2019-02-18 07:05:32', 214, 7, 120, 'total_fallos', 0),
(2832, '2019-02-18 07:05:32', '2019-02-18 07:05:32', 214, 24, 120, 'total_fallos', 0),
(2833, '2019-02-18 07:06:50', '2019-02-18 07:06:50', 208, 44, 10, 'saque', 0),
(2834, '2019-02-18 07:06:50', '2019-02-18 07:06:50', 208, 70, 10, 'saque', 0),
(2835, '2019-02-18 07:06:50', '2019-02-18 07:06:50', 208, 2, 10, 'saque', 0),
(2836, '2019-02-18 07:06:50', '2019-02-18 07:06:50', 208, 20, 10, 'saque', 0),
(2837, '2019-02-18 07:06:50', '2019-02-18 07:06:50', 208, 44, 20, 'dos_paredes', 0),
(2838, '2019-02-18 07:06:50', '2019-02-18 07:06:50', 208, 70, 20, 'dos_paredes', 0),
(2839, '2019-02-18 07:06:50', '2019-02-18 07:06:50', 208, 2, 20, 'dos_paredes', 0),
(2840, '2019-02-18 07:06:50', '2019-02-18 07:06:50', 208, 20, 20, 'dos_paredes', 0),
(2841, '2019-02-18 07:06:50', '2019-02-18 07:06:50', 208, 44, 30, 'dejada', 0),
(2842, '2019-02-18 07:06:50', '2019-02-18 07:06:50', 208, 70, 30, 'dejada', 0),
(2843, '2019-02-18 07:06:50', '2019-02-18 07:06:50', 208, 2, 30, 'dejada', 0),
(2844, '2019-02-18 07:06:50', '2019-02-18 07:06:50', 208, 20, 30, 'dejada', 0),
(2845, '2019-02-18 07:06:50', '2019-02-18 07:06:50', 208, 44, 40, 'aire', 0),
(2846, '2019-02-18 07:06:50', '2019-02-18 07:06:50', 208, 70, 40, 'aire', 0),
(2847, '2019-02-18 07:06:50', '2019-02-18 07:06:50', 208, 2, 40, 'aire', 0),
(2848, '2019-02-18 07:06:50', '2019-02-18 07:06:50', 208, 20, 40, 'aire', 0),
(2849, '2019-02-18 07:06:50', '2019-02-18 07:06:50', 208, 44, 50, 'bote', 0),
(2850, '2019-02-18 07:06:50', '2019-02-18 07:06:50', 208, 70, 50, 'bote', 0),
(2851, '2019-02-18 07:06:50', '2019-02-18 07:06:50', 208, 2, 50, 'bote', 0),
(2852, '2019-02-18 07:06:50', '2019-02-18 07:06:50', 208, 20, 50, 'bote', 0),
(2853, '2019-02-18 07:06:50', '2019-02-18 07:06:50', 208, 44, 60, 'cortadas', 0),
(2854, '2019-02-18 07:06:50', '2019-02-18 07:06:50', 208, 70, 60, 'cortadas', 0),
(2855, '2019-02-18 07:06:50', '2019-02-18 07:06:50', 208, 2, 60, 'cortadas', 0),
(2856, '2019-02-18 07:06:50', '2019-02-18 07:06:50', 208, 20, 60, 'cortadas', 0),
(2857, '2019-02-18 07:06:50', '2019-02-18 07:06:50', 208, 44, 70, 'escapadas', 0),
(2858, '2019-02-18 07:06:50', '2019-02-18 07:06:50', 208, 70, 70, 'escapadas', 0),
(2859, '2019-02-18 07:06:50', '2019-02-18 07:06:50', 208, 2, 70, 'escapadas', 0),
(2860, '2019-02-18 07:06:50', '2019-02-18 07:06:50', 208, 20, 70, 'escapadas', 0),
(2861, '2019-02-18 07:06:50', '2019-02-18 07:06:50', 208, 44, 80, 'atras', 0),
(2862, '2019-02-18 07:06:50', '2019-02-18 07:06:50', 208, 70, 80, 'atras', 0),
(2863, '2019-02-18 07:06:50', '2019-02-18 07:06:50', 208, 2, 80, 'atras', 0),
(2864, '2019-02-18 07:06:50', '2019-02-18 07:06:50', 208, 20, 80, 'atras', 0),
(2865, '2019-02-18 07:06:50', '2019-02-18 07:06:50', 208, 44, 90, 'falta_saque', 0),
(2866, '2019-02-18 07:06:50', '2019-02-18 07:06:50', 208, 70, 90, 'falta_saque', 0),
(2867, '2019-02-18 07:06:50', '2019-02-18 07:06:50', 208, 2, 90, 'falta_saque', 0),
(2868, '2019-02-18 07:06:50', '2019-02-18 07:06:50', 208, 20, 90, 'falta_saque', 0),
(2869, '2019-02-18 07:06:50', '2019-02-18 07:06:50', 208, 44, 100, 'errores', 0),
(2870, '2019-02-18 07:06:50', '2019-02-18 07:06:50', 208, 70, 100, 'errores', 0),
(2871, '2019-02-18 07:06:50', '2019-02-18 07:06:50', 208, 2, 100, 'errores', 0),
(2872, '2019-02-18 07:06:50', '2019-02-18 07:06:50', 208, 20, 100, 'errores', 0),
(2873, '2019-02-18 07:06:50', '2019-02-18 07:06:50', 208, 44, 110, 'total_tantos', 0),
(2874, '2019-02-18 07:06:50', '2019-02-18 07:06:50', 208, 70, 110, 'total_tantos', 0),
(2875, '2019-02-18 07:06:50', '2019-02-18 07:06:50', 208, 2, 110, 'total_tantos', 0),
(2876, '2019-02-18 07:06:50', '2019-02-18 07:06:50', 208, 20, 110, 'total_tantos', 0),
(2877, '2019-02-18 07:06:50', '2019-02-18 07:06:50', 208, 44, 120, 'total_fallos', 0),
(2878, '2019-02-18 07:06:50', '2019-02-18 07:06:50', 208, 70, 120, 'total_fallos', 0),
(2879, '2019-02-18 07:06:50', '2019-02-18 07:06:50', 208, 2, 120, 'total_fallos', 0),
(2880, '2019-02-18 07:06:50', '2019-02-18 07:06:50', 208, 20, 120, 'total_fallos', 0),
(2881, '2019-02-18 07:07:15', '2019-02-18 07:07:15', 209, 56, 10, 'saque', 0),
(2882, '2019-02-18 07:07:15', '2019-02-18 07:07:15', 209, 62, 10, 'saque', 0),
(2883, '2019-02-18 07:07:15', '2019-02-18 07:07:15', 209, 6, 10, 'saque', 0),
(2884, '2019-02-18 07:07:15', '2019-02-18 07:07:15', 209, 28, 10, 'saque', 0),
(2885, '2019-02-18 07:07:15', '2019-02-18 07:07:15', 209, 56, 20, 'dos_paredes', 0),
(2886, '2019-02-18 07:07:15', '2019-02-18 07:07:15', 209, 62, 20, 'dos_paredes', 0),
(2887, '2019-02-18 07:07:15', '2019-02-18 07:07:15', 209, 6, 20, 'dos_paredes', 0),
(2888, '2019-02-18 07:07:15', '2019-02-18 07:07:15', 209, 28, 20, 'dos_paredes', 0),
(2889, '2019-02-18 07:07:15', '2019-02-18 07:07:15', 209, 56, 30, 'dejada', 0),
(2890, '2019-02-18 07:07:15', '2019-02-18 07:07:15', 209, 62, 30, 'dejada', 0),
(2891, '2019-02-18 07:07:15', '2019-02-18 07:07:15', 209, 6, 30, 'dejada', 0),
(2892, '2019-02-18 07:07:15', '2019-02-18 07:07:15', 209, 28, 30, 'dejada', 0),
(2893, '2019-02-18 07:07:15', '2019-02-18 07:07:15', 209, 56, 40, 'aire', 0),
(2894, '2019-02-18 07:07:15', '2019-02-18 07:07:15', 209, 62, 40, 'aire', 0),
(2895, '2019-02-18 07:07:15', '2019-02-18 07:07:15', 209, 6, 40, 'aire', 0),
(2896, '2019-02-18 07:07:15', '2019-02-18 07:07:15', 209, 28, 40, 'aire', 0),
(2897, '2019-02-18 07:07:15', '2019-02-18 07:07:15', 209, 56, 50, 'bote', 0),
(2898, '2019-02-18 07:07:15', '2019-02-18 07:07:15', 209, 62, 50, 'bote', 0),
(2899, '2019-02-18 07:07:15', '2019-02-18 07:07:15', 209, 6, 50, 'bote', 0),
(2900, '2019-02-18 07:07:15', '2019-02-18 07:07:15', 209, 28, 50, 'bote', 0),
(2901, '2019-02-18 07:07:15', '2019-02-18 07:07:15', 209, 56, 60, 'cortadas', 0),
(2902, '2019-02-18 07:07:15', '2019-02-18 07:07:15', 209, 62, 60, 'cortadas', 0),
(2903, '2019-02-18 07:07:15', '2019-02-18 07:07:15', 209, 6, 60, 'cortadas', 0),
(2904, '2019-02-18 07:07:15', '2019-02-18 07:07:15', 209, 28, 60, 'cortadas', 0),
(2905, '2019-02-18 07:07:15', '2019-02-18 07:07:15', 209, 56, 70, 'escapadas', 0),
(2906, '2019-02-18 07:07:15', '2019-02-18 07:07:15', 209, 62, 70, 'escapadas', 0),
(2907, '2019-02-18 07:07:15', '2019-02-18 07:07:15', 209, 6, 70, 'escapadas', 0),
(2908, '2019-02-18 07:07:15', '2019-02-18 07:07:15', 209, 28, 70, 'escapadas', 0),
(2909, '2019-02-18 07:07:15', '2019-02-18 07:07:15', 209, 56, 80, 'atras', 0),
(2910, '2019-02-18 07:07:15', '2019-02-18 07:07:15', 209, 62, 80, 'atras', 0),
(2911, '2019-02-18 07:07:15', '2019-02-18 07:07:15', 209, 6, 80, 'atras', 0),
(2912, '2019-02-18 07:07:15', '2019-02-18 07:07:15', 209, 28, 80, 'atras', 0),
(2913, '2019-02-18 07:07:15', '2019-02-18 07:07:15', 209, 56, 90, 'falta_saque', 0),
(2914, '2019-02-18 07:07:15', '2019-02-18 07:07:15', 209, 62, 90, 'falta_saque', 0),
(2915, '2019-02-18 07:07:15', '2019-02-18 07:07:15', 209, 6, 90, 'falta_saque', 0),
(2916, '2019-02-18 07:07:15', '2019-02-18 07:07:15', 209, 28, 90, 'falta_saque', 0),
(2917, '2019-02-18 07:07:15', '2019-02-18 07:07:15', 209, 56, 100, 'errores', 0),
(2918, '2019-02-18 07:07:15', '2019-02-18 07:07:15', 209, 62, 100, 'errores', 0),
(2919, '2019-02-18 07:07:15', '2019-02-18 07:07:15', 209, 6, 100, 'errores', 0),
(2920, '2019-02-18 07:07:15', '2019-02-18 07:07:15', 209, 28, 100, 'errores', 0),
(2921, '2019-02-18 07:07:15', '2019-02-18 07:07:15', 209, 56, 110, 'total_tantos', 0),
(2922, '2019-02-18 07:07:15', '2019-02-18 07:07:15', 209, 62, 110, 'total_tantos', 0),
(2923, '2019-02-18 07:07:15', '2019-02-18 07:07:15', 209, 6, 110, 'total_tantos', 0),
(2924, '2019-02-18 07:07:15', '2019-02-18 07:07:15', 209, 28, 110, 'total_tantos', 0),
(2925, '2019-02-18 07:07:15', '2019-02-18 07:07:15', 209, 56, 120, 'total_fallos', 0),
(2926, '2019-02-18 07:07:15', '2019-02-18 07:07:15', 209, 62, 120, 'total_fallos', 0),
(2927, '2019-02-18 07:07:15', '2019-02-18 07:07:15', 209, 6, 120, 'total_fallos', 0),
(2928, '2019-02-18 07:07:15', '2019-02-18 07:07:15', 209, 28, 120, 'total_fallos', 0),
(2929, '2019-02-18 07:07:55', '2019-02-18 07:07:55', 196, 4, 10, 'saque', 0),
(2930, '2019-02-18 07:07:55', '2019-02-18 07:07:55', 196, 26, 10, 'saque', 0),
(2931, '2019-02-18 07:07:55', '2019-02-18 07:07:55', 196, 69, 10, 'saque', 0),
(2932, '2019-02-18 07:07:55', '2019-02-18 07:07:55', 196, 46, 10, 'saque', 0),
(2933, '2019-02-18 07:07:55', '2019-02-18 07:07:55', 196, 4, 20, 'dos_paredes', 0),
(2934, '2019-02-18 07:07:55', '2019-02-18 07:07:55', 196, 26, 20, 'dos_paredes', 0),
(2935, '2019-02-18 07:07:55', '2019-02-18 07:07:55', 196, 69, 20, 'dos_paredes', 0),
(2936, '2019-02-18 07:07:55', '2019-02-18 07:07:55', 196, 46, 20, 'dos_paredes', 0),
(2937, '2019-02-18 07:07:55', '2019-02-18 07:07:55', 196, 4, 30, 'dejada', 0),
(2938, '2019-02-18 07:07:55', '2019-02-18 07:07:55', 196, 26, 30, 'dejada', 0),
(2939, '2019-02-18 07:07:55', '2019-02-18 07:07:55', 196, 69, 30, 'dejada', 0),
(2940, '2019-02-18 07:07:55', '2019-02-18 07:07:55', 196, 46, 30, 'dejada', 0),
(2941, '2019-02-18 07:07:55', '2019-02-18 07:07:55', 196, 4, 40, 'aire', 0),
(2942, '2019-02-18 07:07:55', '2019-02-18 07:07:55', 196, 26, 40, 'aire', 0),
(2943, '2019-02-18 07:07:55', '2019-02-18 07:07:55', 196, 69, 40, 'aire', 0),
(2944, '2019-02-18 07:07:55', '2019-02-18 07:07:55', 196, 46, 40, 'aire', 0),
(2945, '2019-02-18 07:07:55', '2019-02-18 07:07:55', 196, 4, 50, 'bote', 0),
(2946, '2019-02-18 07:07:55', '2019-02-18 07:07:55', 196, 26, 50, 'bote', 0),
(2947, '2019-02-18 07:07:55', '2019-02-18 07:07:55', 196, 69, 50, 'bote', 0),
(2948, '2019-02-18 07:07:55', '2019-02-18 07:07:55', 196, 46, 50, 'bote', 0),
(2949, '2019-02-18 07:07:55', '2019-02-18 07:07:55', 196, 4, 60, 'cortadas', 0),
(2950, '2019-02-18 07:07:55', '2019-02-18 07:07:55', 196, 26, 60, 'cortadas', 0),
(2951, '2019-02-18 07:07:55', '2019-02-18 07:07:55', 196, 69, 60, 'cortadas', 0),
(2952, '2019-02-18 07:07:55', '2019-02-18 07:07:55', 196, 46, 60, 'cortadas', 0),
(2953, '2019-02-18 07:07:55', '2019-02-18 07:07:55', 196, 4, 70, 'escapadas', 0),
(2954, '2019-02-18 07:07:55', '2019-02-18 07:07:55', 196, 26, 70, 'escapadas', 0),
(2955, '2019-02-18 07:07:55', '2019-02-18 07:07:55', 196, 69, 70, 'escapadas', 0),
(2956, '2019-02-18 07:07:55', '2019-02-18 07:07:55', 196, 46, 70, 'escapadas', 0),
(2957, '2019-02-18 07:07:55', '2019-02-18 07:07:55', 196, 4, 80, 'atras', 0),
(2958, '2019-02-18 07:07:55', '2019-02-18 07:07:55', 196, 26, 80, 'atras', 0),
(2959, '2019-02-18 07:07:55', '2019-02-18 07:07:55', 196, 69, 80, 'atras', 0),
(2960, '2019-02-18 07:07:55', '2019-02-18 07:07:55', 196, 46, 80, 'atras', 0),
(2961, '2019-02-18 07:07:55', '2019-02-18 07:07:55', 196, 4, 90, 'falta_saque', 0),
(2962, '2019-02-18 07:07:55', '2019-02-18 07:07:55', 196, 26, 90, 'falta_saque', 0),
(2963, '2019-02-18 07:07:55', '2019-02-18 07:07:55', 196, 69, 90, 'falta_saque', 0),
(2964, '2019-02-18 07:07:55', '2019-02-18 07:07:55', 196, 46, 90, 'falta_saque', 0),
(2965, '2019-02-18 07:07:55', '2019-02-18 07:07:55', 196, 4, 100, 'errores', 0),
(2966, '2019-02-18 07:07:55', '2019-02-18 07:07:55', 196, 26, 100, 'errores', 0),
(2967, '2019-02-18 07:07:55', '2019-02-18 07:07:55', 196, 69, 100, 'errores', 0),
(2968, '2019-02-18 07:07:55', '2019-02-18 07:07:55', 196, 46, 100, 'errores', 0),
(2969, '2019-02-18 07:07:55', '2019-02-18 07:07:55', 196, 4, 110, 'total_tantos', 0),
(2970, '2019-02-18 07:07:55', '2019-02-18 07:07:55', 196, 26, 110, 'total_tantos', 0),
(2971, '2019-02-18 07:07:55', '2019-02-18 07:07:55', 196, 69, 110, 'total_tantos', 0),
(2972, '2019-02-18 07:07:55', '2019-02-18 07:07:55', 196, 46, 110, 'total_tantos', 0),
(2973, '2019-02-18 07:07:55', '2019-02-18 07:07:55', 196, 4, 120, 'total_fallos', 0),
(2974, '2019-02-18 07:07:55', '2019-02-18 07:07:55', 196, 26, 120, 'total_fallos', 0),
(2975, '2019-02-18 07:07:55', '2019-02-18 07:07:55', 196, 69, 120, 'total_fallos', 0),
(2976, '2019-02-18 07:07:55', '2019-02-18 07:07:55', 196, 46, 120, 'total_fallos', 0),
(2977, '2019-02-18 07:08:37', '2019-02-18 07:08:37', 210, 25, 10, 'saque', 0),
(2978, '2019-02-18 07:08:37', '2019-02-18 07:08:37', 210, 29, 10, 'saque', 0),
(2979, '2019-02-18 07:08:37', '2019-02-18 07:08:37', 210, 9, 10, 'saque', 0),
(2980, '2019-02-18 07:08:37', '2019-02-18 07:08:37', 210, 21, 10, 'saque', 0),
(2981, '2019-02-18 07:08:37', '2019-02-18 07:08:37', 210, 25, 20, 'dos_paredes', 0),
(2982, '2019-02-18 07:08:37', '2019-02-18 07:08:37', 210, 29, 20, 'dos_paredes', 0),
(2983, '2019-02-18 07:08:37', '2019-02-18 07:08:37', 210, 9, 20, 'dos_paredes', 0),
(2984, '2019-02-18 07:08:37', '2019-02-18 07:08:37', 210, 21, 20, 'dos_paredes', 0),
(2985, '2019-02-18 07:08:37', '2019-02-18 07:08:37', 210, 25, 30, 'dejada', 0),
(2986, '2019-02-18 07:08:37', '2019-02-18 07:08:37', 210, 29, 30, 'dejada', 0),
(2987, '2019-02-18 07:08:37', '2019-02-18 07:08:37', 210, 9, 30, 'dejada', 0),
(2988, '2019-02-18 07:08:37', '2019-02-18 07:08:37', 210, 21, 30, 'dejada', 0),
(2989, '2019-02-18 07:08:37', '2019-02-18 07:08:37', 210, 25, 40, 'aire', 0),
(2990, '2019-02-18 07:08:37', '2019-02-18 07:08:37', 210, 29, 40, 'aire', 0),
(2991, '2019-02-18 07:08:37', '2019-02-18 07:08:37', 210, 9, 40, 'aire', 0),
(2992, '2019-02-18 07:08:37', '2019-02-18 07:08:37', 210, 21, 40, 'aire', 0),
(2993, '2019-02-18 07:08:37', '2019-02-18 07:08:37', 210, 25, 50, 'bote', 0),
(2994, '2019-02-18 07:08:37', '2019-02-18 07:08:37', 210, 29, 50, 'bote', 0),
(2995, '2019-02-18 07:08:37', '2019-02-18 07:08:37', 210, 9, 50, 'bote', 0),
(2996, '2019-02-18 07:08:37', '2019-02-18 07:08:37', 210, 21, 50, 'bote', 0),
(2997, '2019-02-18 07:08:37', '2019-02-18 07:08:37', 210, 25, 60, 'cortadas', 0),
(2998, '2019-02-18 07:08:37', '2019-02-18 07:08:37', 210, 29, 60, 'cortadas', 0),
(2999, '2019-02-18 07:08:37', '2019-02-18 07:08:37', 210, 9, 60, 'cortadas', 0),
(3000, '2019-02-18 07:08:37', '2019-02-18 07:08:37', 210, 21, 60, 'cortadas', 0),
(3001, '2019-02-18 07:08:37', '2019-02-18 07:08:37', 210, 25, 70, 'escapadas', 0),
(3002, '2019-02-18 07:08:37', '2019-02-18 07:08:37', 210, 29, 70, 'escapadas', 0),
(3003, '2019-02-18 07:08:37', '2019-02-18 07:08:37', 210, 9, 70, 'escapadas', 0),
(3004, '2019-02-18 07:08:37', '2019-02-18 07:08:37', 210, 21, 70, 'escapadas', 0),
(3005, '2019-02-18 07:08:37', '2019-02-18 07:08:37', 210, 25, 80, 'atras', 0),
(3006, '2019-02-18 07:08:37', '2019-02-18 07:08:37', 210, 29, 80, 'atras', 0),
(3007, '2019-02-18 07:08:37', '2019-02-18 07:08:37', 210, 9, 80, 'atras', 0),
(3008, '2019-02-18 07:08:37', '2019-02-18 07:08:37', 210, 21, 80, 'atras', 0),
(3009, '2019-02-18 07:08:37', '2019-02-18 07:08:37', 210, 25, 90, 'falta_saque', 0),
(3010, '2019-02-18 07:08:37', '2019-02-18 07:08:37', 210, 29, 90, 'falta_saque', 0),
(3011, '2019-02-18 07:08:37', '2019-02-18 07:08:37', 210, 9, 90, 'falta_saque', 0),
(3012, '2019-02-18 07:08:37', '2019-02-18 07:08:37', 210, 21, 90, 'falta_saque', 0),
(3013, '2019-02-18 07:08:37', '2019-02-18 07:08:37', 210, 25, 100, 'errores', 0),
(3014, '2019-02-18 07:08:37', '2019-02-18 07:08:37', 210, 29, 100, 'errores', 0),
(3015, '2019-02-18 07:08:37', '2019-02-18 07:08:37', 210, 9, 100, 'errores', 0),
(3016, '2019-02-18 07:08:37', '2019-02-18 07:08:37', 210, 21, 100, 'errores', 0),
(3017, '2019-02-18 07:08:37', '2019-02-18 07:08:37', 210, 25, 110, 'total_tantos', 0),
(3018, '2019-02-18 07:08:37', '2019-02-18 07:08:37', 210, 29, 110, 'total_tantos', 0),
(3019, '2019-02-18 07:08:37', '2019-02-18 07:08:37', 210, 9, 110, 'total_tantos', 0),
(3020, '2019-02-18 07:08:37', '2019-02-18 07:08:37', 210, 21, 110, 'total_tantos', 0),
(3021, '2019-02-18 07:08:37', '2019-02-18 07:08:37', 210, 25, 120, 'total_fallos', 0),
(3022, '2019-02-18 07:08:37', '2019-02-18 07:08:37', 210, 29, 120, 'total_fallos', 0),
(3023, '2019-02-18 07:08:37', '2019-02-18 07:08:37', 210, 9, 120, 'total_fallos', 0),
(3024, '2019-02-18 07:08:37', '2019-02-18 07:08:37', 210, 21, 120, 'total_fallos', 0),
(3025, '2019-02-18 07:08:57', '2019-02-18 07:08:57', 211, 1, 10, 'saque', 0),
(3026, '2019-02-18 07:08:57', '2019-02-18 07:08:57', 211, 12, 10, 'saque', 0),
(3027, '2019-02-18 07:08:57', '2019-02-18 07:08:57', 211, 54, 10, 'saque', 0),
(3028, '2019-02-18 07:08:57', '2019-02-18 07:08:57', 211, 67, 10, 'saque', 0),
(3029, '2019-02-18 07:08:57', '2019-02-18 07:08:57', 211, 1, 20, 'dos_paredes', 0),
(3030, '2019-02-18 07:08:57', '2019-02-18 07:08:57', 211, 12, 20, 'dos_paredes', 0),
(3031, '2019-02-18 07:08:57', '2019-02-18 07:08:57', 211, 54, 20, 'dos_paredes', 0),
(3032, '2019-02-18 07:08:57', '2019-02-18 07:08:57', 211, 67, 20, 'dos_paredes', 0),
(3033, '2019-02-18 07:08:57', '2019-02-18 07:08:57', 211, 1, 30, 'dejada', 0),
(3034, '2019-02-18 07:08:57', '2019-02-18 07:08:57', 211, 12, 30, 'dejada', 0),
(3035, '2019-02-18 07:08:57', '2019-02-18 07:08:57', 211, 54, 30, 'dejada', 0),
(3036, '2019-02-18 07:08:57', '2019-02-18 07:08:57', 211, 67, 30, 'dejada', 0),
(3037, '2019-02-18 07:08:57', '2019-02-18 07:08:57', 211, 1, 40, 'aire', 0),
(3038, '2019-02-18 07:08:57', '2019-02-18 07:08:57', 211, 12, 40, 'aire', 0),
(3039, '2019-02-18 07:08:57', '2019-02-18 07:08:57', 211, 54, 40, 'aire', 0),
(3040, '2019-02-18 07:08:57', '2019-02-18 07:08:57', 211, 67, 40, 'aire', 0),
(3041, '2019-02-18 07:08:57', '2019-02-18 07:08:57', 211, 1, 50, 'bote', 0),
(3042, '2019-02-18 07:08:57', '2019-02-18 07:08:57', 211, 12, 50, 'bote', 0),
(3043, '2019-02-18 07:08:57', '2019-02-18 07:08:57', 211, 54, 50, 'bote', 0),
(3044, '2019-02-18 07:08:57', '2019-02-18 07:08:57', 211, 67, 50, 'bote', 0),
(3045, '2019-02-18 07:08:57', '2019-02-18 07:08:57', 211, 1, 60, 'cortadas', 0),
(3046, '2019-02-18 07:08:57', '2019-02-18 07:08:57', 211, 12, 60, 'cortadas', 0),
(3047, '2019-02-18 07:08:57', '2019-02-18 07:08:57', 211, 54, 60, 'cortadas', 0),
(3048, '2019-02-18 07:08:57', '2019-02-18 07:08:57', 211, 67, 60, 'cortadas', 0),
(3049, '2019-02-18 07:08:57', '2019-02-18 07:08:57', 211, 1, 70, 'escapadas', 0),
(3050, '2019-02-18 07:08:57', '2019-02-18 07:08:57', 211, 12, 70, 'escapadas', 0),
(3051, '2019-02-18 07:08:57', '2019-02-18 07:08:57', 211, 54, 70, 'escapadas', 0),
(3052, '2019-02-18 07:08:57', '2019-02-18 07:08:57', 211, 67, 70, 'escapadas', 0),
(3053, '2019-02-18 07:08:57', '2019-02-18 07:08:57', 211, 1, 80, 'atras', 0),
(3054, '2019-02-18 07:08:57', '2019-02-18 07:08:57', 211, 12, 80, 'atras', 0),
(3055, '2019-02-18 07:08:57', '2019-02-18 07:08:57', 211, 54, 80, 'atras', 0),
(3056, '2019-02-18 07:08:57', '2019-02-18 07:08:57', 211, 67, 80, 'atras', 0),
(3057, '2019-02-18 07:08:57', '2019-02-18 07:08:57', 211, 1, 90, 'falta_saque', 0),
(3058, '2019-02-18 07:08:57', '2019-02-18 07:08:57', 211, 12, 90, 'falta_saque', 0),
(3059, '2019-02-18 07:08:57', '2019-02-18 07:08:57', 211, 54, 90, 'falta_saque', 0),
(3060, '2019-02-18 07:08:57', '2019-02-18 07:08:57', 211, 67, 90, 'falta_saque', 0),
(3061, '2019-02-18 07:08:57', '2019-02-18 07:08:57', 211, 1, 100, 'errores', 0),
(3062, '2019-02-18 07:08:57', '2019-02-18 07:08:57', 211, 12, 100, 'errores', 0),
(3063, '2019-02-18 07:08:57', '2019-02-18 07:08:57', 211, 54, 100, 'errores', 0),
(3064, '2019-02-18 07:08:57', '2019-02-18 07:08:57', 211, 67, 100, 'errores', 0),
(3065, '2019-02-18 07:08:57', '2019-02-18 07:08:57', 211, 1, 110, 'total_tantos', 0),
(3066, '2019-02-18 07:08:57', '2019-02-18 07:08:57', 211, 12, 110, 'total_tantos', 0),
(3067, '2019-02-18 07:08:57', '2019-02-18 07:08:57', 211, 54, 110, 'total_tantos', 0),
(3068, '2019-02-18 07:08:57', '2019-02-18 07:08:57', 211, 67, 110, 'total_tantos', 0),
(3069, '2019-02-18 07:08:57', '2019-02-18 07:08:57', 211, 1, 120, 'total_fallos', 0),
(3070, '2019-02-18 07:08:57', '2019-02-18 07:08:57', 211, 12, 120, 'total_fallos', 0),
(3071, '2019-02-18 07:08:57', '2019-02-18 07:08:57', 211, 54, 120, 'total_fallos', 0),
(3072, '2019-02-18 07:08:57', '2019-02-18 07:08:57', 211, 67, 120, 'total_fallos', 0),
(3073, '2019-02-18 07:10:59', '2019-02-18 07:10:59', 212, 53, 10, 'saque', 0),
(3074, '2019-02-18 07:10:59', '2019-02-18 07:10:59', 212, 63, 10, 'saque', 0),
(3075, '2019-02-18 07:10:59', '2019-02-18 07:10:59', 212, 14, 10, 'saque', 0),
(3076, '2019-02-18 07:10:59', '2019-02-18 07:10:59', 212, 10, 10, 'saque', 0),
(3077, '2019-02-18 07:10:59', '2019-02-18 07:10:59', 212, 53, 20, 'dos_paredes', 0),
(3078, '2019-02-18 07:10:59', '2019-02-18 07:10:59', 212, 63, 20, 'dos_paredes', 0),
(3079, '2019-02-18 07:10:59', '2019-02-18 07:10:59', 212, 14, 20, 'dos_paredes', 0),
(3080, '2019-02-18 07:10:59', '2019-02-18 07:10:59', 212, 10, 20, 'dos_paredes', 0),
(3081, '2019-02-18 07:10:59', '2019-02-18 07:10:59', 212, 53, 30, 'dejada', 0),
(3082, '2019-02-18 07:10:59', '2019-02-18 07:10:59', 212, 63, 30, 'dejada', 0),
(3083, '2019-02-18 07:10:59', '2019-02-18 07:10:59', 212, 14, 30, 'dejada', 0),
(3084, '2019-02-18 07:10:59', '2019-02-18 07:10:59', 212, 10, 30, 'dejada', 0),
(3085, '2019-02-18 07:10:59', '2019-02-18 07:10:59', 212, 53, 40, 'aire', 0),
(3086, '2019-02-18 07:10:59', '2019-02-18 07:10:59', 212, 63, 40, 'aire', 0),
(3087, '2019-02-18 07:10:59', '2019-02-18 07:10:59', 212, 14, 40, 'aire', 0),
(3088, '2019-02-18 07:10:59', '2019-02-18 07:10:59', 212, 10, 40, 'aire', 0),
(3089, '2019-02-18 07:10:59', '2019-02-18 07:10:59', 212, 53, 50, 'bote', 0),
(3090, '2019-02-18 07:10:59', '2019-02-18 07:10:59', 212, 63, 50, 'bote', 0),
(3091, '2019-02-18 07:10:59', '2019-02-18 07:10:59', 212, 14, 50, 'bote', 0),
(3092, '2019-02-18 07:10:59', '2019-02-18 07:10:59', 212, 10, 50, 'bote', 0),
(3093, '2019-02-18 07:10:59', '2019-02-18 07:10:59', 212, 53, 60, 'cortadas', 0),
(3094, '2019-02-18 07:10:59', '2019-02-18 07:10:59', 212, 63, 60, 'cortadas', 0),
(3095, '2019-02-18 07:10:59', '2019-02-18 07:10:59', 212, 14, 60, 'cortadas', 0),
(3096, '2019-02-18 07:10:59', '2019-02-18 07:10:59', 212, 10, 60, 'cortadas', 0),
(3097, '2019-02-18 07:10:59', '2019-02-18 07:10:59', 212, 53, 70, 'escapadas', 0),
(3098, '2019-02-18 07:10:59', '2019-02-18 07:10:59', 212, 63, 70, 'escapadas', 0),
(3099, '2019-02-18 07:10:59', '2019-02-18 07:10:59', 212, 14, 70, 'escapadas', 0),
(3100, '2019-02-18 07:10:59', '2019-02-18 07:10:59', 212, 10, 70, 'escapadas', 0),
(3101, '2019-02-18 07:10:59', '2019-02-18 07:10:59', 212, 53, 80, 'atras', 0),
(3102, '2019-02-18 07:10:59', '2019-02-18 07:10:59', 212, 63, 80, 'atras', 0),
(3103, '2019-02-18 07:10:59', '2019-02-18 07:10:59', 212, 14, 80, 'atras', 0),
(3104, '2019-02-18 07:10:59', '2019-02-18 07:10:59', 212, 10, 80, 'atras', 0),
(3105, '2019-02-18 07:10:59', '2019-02-18 07:10:59', 212, 53, 90, 'falta_saque', 0),
(3106, '2019-02-18 07:10:59', '2019-02-18 07:10:59', 212, 63, 90, 'falta_saque', 0),
(3107, '2019-02-18 07:10:59', '2019-02-18 07:10:59', 212, 14, 90, 'falta_saque', 0),
(3108, '2019-02-18 07:10:59', '2019-02-18 07:10:59', 212, 10, 90, 'falta_saque', 0),
(3109, '2019-02-18 07:10:59', '2019-02-18 07:10:59', 212, 53, 100, 'errores', 0),
(3110, '2019-02-18 07:10:59', '2019-02-18 07:10:59', 212, 63, 100, 'errores', 0),
(3111, '2019-02-18 07:10:59', '2019-02-18 07:10:59', 212, 14, 100, 'errores', 0),
(3112, '2019-02-18 07:10:59', '2019-02-18 07:10:59', 212, 10, 100, 'errores', 0),
(3113, '2019-02-18 07:10:59', '2019-02-18 07:10:59', 212, 53, 110, 'total_tantos', 0),
(3114, '2019-02-18 07:10:59', '2019-02-18 07:10:59', 212, 63, 110, 'total_tantos', 0),
(3115, '2019-02-18 07:10:59', '2019-02-18 07:10:59', 212, 14, 110, 'total_tantos', 0),
(3116, '2019-02-18 07:10:59', '2019-02-18 07:10:59', 212, 10, 110, 'total_tantos', 0),
(3117, '2019-02-18 07:10:59', '2019-02-18 07:10:59', 212, 53, 120, 'total_fallos', 0),
(3118, '2019-02-18 07:10:59', '2019-02-18 07:10:59', 212, 63, 120, 'total_fallos', 0),
(3119, '2019-02-18 07:10:59', '2019-02-18 07:10:59', 212, 14, 120, 'total_fallos', 0),
(3120, '2019-02-18 07:10:59', '2019-02-18 07:10:59', 212, 10, 120, 'total_fallos', 0),
(3121, '2019-02-25 07:54:07', '2019-02-25 07:54:07', 220, 14, 10, 'saque', 0),
(3122, '2019-02-25 07:54:07', '2019-02-25 07:54:07', 220, 21, 10, 'saque', 0),
(3123, '2019-02-25 07:54:07', '2019-02-25 07:54:07', 220, 25, 10, 'saque', 0),
(3124, '2019-02-25 07:54:07', '2019-02-25 07:54:07', 220, 29, 10, 'saque', 0),
(3125, '2019-02-25 07:54:07', '2019-02-25 07:54:07', 220, 14, 20, 'dos_paredes', 0),
(3126, '2019-02-25 07:54:07', '2019-02-25 07:54:07', 220, 21, 20, 'dos_paredes', 0),
(3127, '2019-02-25 07:54:07', '2019-02-25 07:54:07', 220, 25, 20, 'dos_paredes', 0),
(3128, '2019-02-25 07:54:07', '2019-02-25 07:54:07', 220, 29, 20, 'dos_paredes', 0),
(3129, '2019-02-25 07:54:07', '2019-02-25 07:54:07', 220, 14, 30, 'dejada', 0),
(3130, '2019-02-25 07:54:07', '2019-02-25 07:54:07', 220, 21, 30, 'dejada', 0),
(3131, '2019-02-25 07:54:07', '2019-02-25 07:54:07', 220, 25, 30, 'dejada', 0),
(3132, '2019-02-25 07:54:07', '2019-02-25 07:54:07', 220, 29, 30, 'dejada', 0),
(3133, '2019-02-25 07:54:07', '2019-02-25 07:54:07', 220, 14, 40, 'aire', 0),
(3134, '2019-02-25 07:54:07', '2019-02-25 07:54:07', 220, 21, 40, 'aire', 0),
(3135, '2019-02-25 07:54:07', '2019-02-25 07:54:07', 220, 25, 40, 'aire', 0),
(3136, '2019-02-25 07:54:07', '2019-02-25 07:54:07', 220, 29, 40, 'aire', 0),
(3137, '2019-02-25 07:54:07', '2019-02-25 07:54:07', 220, 14, 50, 'bote', 0),
(3138, '2019-02-25 07:54:07', '2019-02-25 07:54:07', 220, 21, 50, 'bote', 0),
(3139, '2019-02-25 07:54:07', '2019-02-25 07:54:07', 220, 25, 50, 'bote', 0),
(3140, '2019-02-25 07:54:07', '2019-02-25 07:54:07', 220, 29, 50, 'bote', 0),
(3141, '2019-02-25 07:54:07', '2019-02-25 07:54:07', 220, 14, 60, 'cortadas', 0),
(3142, '2019-02-25 07:54:07', '2019-02-25 07:54:07', 220, 21, 60, 'cortadas', 0),
(3143, '2019-02-25 07:54:07', '2019-02-25 07:54:07', 220, 25, 60, 'cortadas', 0),
(3144, '2019-02-25 07:54:07', '2019-02-25 07:54:07', 220, 29, 60, 'cortadas', 0),
(3145, '2019-02-25 07:54:07', '2019-02-25 07:54:07', 220, 14, 70, 'escapadas', 0),
(3146, '2019-02-25 07:54:07', '2019-02-25 07:54:07', 220, 21, 70, 'escapadas', 0),
(3147, '2019-02-25 07:54:07', '2019-02-25 07:54:07', 220, 25, 70, 'escapadas', 0),
(3148, '2019-02-25 07:54:07', '2019-02-25 07:54:07', 220, 29, 70, 'escapadas', 0),
(3149, '2019-02-25 07:54:07', '2019-02-25 07:54:07', 220, 14, 80, 'atras', 0),
(3150, '2019-02-25 07:54:07', '2019-02-25 07:54:07', 220, 21, 80, 'atras', 0),
(3151, '2019-02-25 07:54:07', '2019-02-25 07:54:07', 220, 25, 80, 'atras', 0),
(3152, '2019-02-25 07:54:07', '2019-02-25 07:54:07', 220, 29, 80, 'atras', 0),
(3153, '2019-02-25 07:54:07', '2019-02-25 07:54:07', 220, 14, 90, 'falta_saque', 0),
(3154, '2019-02-25 07:54:07', '2019-02-25 07:54:07', 220, 21, 90, 'falta_saque', 0),
(3155, '2019-02-25 07:54:07', '2019-02-25 07:54:07', 220, 25, 90, 'falta_saque', 0),
(3156, '2019-02-25 07:54:07', '2019-02-25 07:54:07', 220, 29, 90, 'falta_saque', 0),
(3157, '2019-02-25 07:54:07', '2019-02-25 07:54:07', 220, 14, 100, 'errores', 0),
(3158, '2019-02-25 07:54:07', '2019-02-25 07:54:07', 220, 21, 100, 'errores', 0),
(3159, '2019-02-25 07:54:07', '2019-02-25 07:54:07', 220, 25, 100, 'errores', 0),
(3160, '2019-02-25 07:54:07', '2019-02-25 07:54:07', 220, 29, 100, 'errores', 0),
(3161, '2019-02-25 07:54:07', '2019-02-25 07:54:07', 220, 14, 110, 'total_tantos', 0),
(3162, '2019-02-25 07:54:07', '2019-02-25 07:54:07', 220, 21, 110, 'total_tantos', 0),
(3163, '2019-02-25 07:54:07', '2019-02-25 07:54:07', 220, 25, 110, 'total_tantos', 0),
(3164, '2019-02-25 07:54:07', '2019-02-25 07:54:07', 220, 29, 110, 'total_tantos', 0),
(3165, '2019-02-25 07:54:07', '2019-02-25 07:54:07', 220, 14, 120, 'total_fallos', 0),
(3166, '2019-02-25 07:54:07', '2019-02-25 07:54:07', 220, 21, 120, 'total_fallos', 0),
(3167, '2019-02-25 07:54:07', '2019-02-25 07:54:07', 220, 25, 120, 'total_fallos', 0),
(3168, '2019-02-25 07:54:07', '2019-02-25 07:54:07', 220, 29, 120, 'total_fallos', 0),
(3169, '2019-02-25 07:54:42', '2019-02-25 07:54:42', 221, 1, 10, 'saque', 0),
(3170, '2019-02-25 07:54:42', '2019-02-25 07:54:42', 221, 12, 10, 'saque', 0),
(3171, '2019-02-25 07:54:42', '2019-02-25 07:54:42', 221, 56, 10, 'saque', 0),
(3172, '2019-02-25 07:54:42', '2019-02-25 07:54:42', 221, 62, 10, 'saque', 0),
(3173, '2019-02-25 07:54:42', '2019-02-25 07:54:42', 221, 1, 20, 'dos_paredes', 0),
(3174, '2019-02-25 07:54:42', '2019-02-25 07:54:42', 221, 12, 20, 'dos_paredes', 0),
(3175, '2019-02-25 07:54:42', '2019-02-25 07:54:42', 221, 56, 20, 'dos_paredes', 0),
(3176, '2019-02-25 07:54:42', '2019-02-25 07:54:42', 221, 62, 20, 'dos_paredes', 0),
(3177, '2019-02-25 07:54:42', '2019-02-25 07:54:42', 221, 1, 30, 'dejada', 0),
(3178, '2019-02-25 07:54:42', '2019-02-25 07:54:42', 221, 12, 30, 'dejada', 0);
INSERT INTO `festival_partido_tanteo` (`id`, `created_at`, `updated_at`, `festival_partido_id`, `pelotari_id`, `tanteo_order`, `tanteo_desc`, `tanteo`) VALUES
(3179, '2019-02-25 07:54:42', '2019-02-25 07:54:42', 221, 56, 30, 'dejada', 0),
(3180, '2019-02-25 07:54:42', '2019-02-25 07:54:42', 221, 62, 30, 'dejada', 0),
(3181, '2019-02-25 07:54:42', '2019-02-25 07:54:42', 221, 1, 40, 'aire', 0),
(3182, '2019-02-25 07:54:42', '2019-02-25 07:54:42', 221, 12, 40, 'aire', 0),
(3183, '2019-02-25 07:54:42', '2019-02-25 07:54:42', 221, 56, 40, 'aire', 0),
(3184, '2019-02-25 07:54:42', '2019-02-25 07:54:42', 221, 62, 40, 'aire', 0),
(3185, '2019-02-25 07:54:42', '2019-02-25 07:54:42', 221, 1, 50, 'bote', 0),
(3186, '2019-02-25 07:54:42', '2019-02-25 07:54:42', 221, 12, 50, 'bote', 0),
(3187, '2019-02-25 07:54:42', '2019-02-25 07:54:42', 221, 56, 50, 'bote', 0),
(3188, '2019-02-25 07:54:42', '2019-02-25 07:54:42', 221, 62, 50, 'bote', 0),
(3189, '2019-02-25 07:54:42', '2019-02-25 07:54:42', 221, 1, 60, 'cortadas', 0),
(3190, '2019-02-25 07:54:42', '2019-02-25 07:54:42', 221, 12, 60, 'cortadas', 0),
(3191, '2019-02-25 07:54:42', '2019-02-25 07:54:42', 221, 56, 60, 'cortadas', 0),
(3192, '2019-02-25 07:54:42', '2019-02-25 07:54:42', 221, 62, 60, 'cortadas', 0),
(3193, '2019-02-25 07:54:42', '2019-02-25 07:54:42', 221, 1, 70, 'escapadas', 0),
(3194, '2019-02-25 07:54:42', '2019-02-25 07:54:42', 221, 12, 70, 'escapadas', 0),
(3195, '2019-02-25 07:54:42', '2019-02-25 07:54:42', 221, 56, 70, 'escapadas', 0),
(3196, '2019-02-25 07:54:42', '2019-02-25 07:54:42', 221, 62, 70, 'escapadas', 0),
(3197, '2019-02-25 07:54:42', '2019-02-25 07:54:42', 221, 1, 80, 'atras', 0),
(3198, '2019-02-25 07:54:42', '2019-02-25 07:54:42', 221, 12, 80, 'atras', 0),
(3199, '2019-02-25 07:54:42', '2019-02-25 07:54:42', 221, 56, 80, 'atras', 0),
(3200, '2019-02-25 07:54:42', '2019-02-25 07:54:42', 221, 62, 80, 'atras', 0),
(3201, '2019-02-25 07:54:42', '2019-02-25 07:54:42', 221, 1, 90, 'falta_saque', 0),
(3202, '2019-02-25 07:54:42', '2019-02-25 07:54:42', 221, 12, 90, 'falta_saque', 0),
(3203, '2019-02-25 07:54:42', '2019-02-25 07:54:42', 221, 56, 90, 'falta_saque', 0),
(3204, '2019-02-25 07:54:42', '2019-02-25 07:54:42', 221, 62, 90, 'falta_saque', 0),
(3205, '2019-02-25 07:54:42', '2019-02-25 07:54:42', 221, 1, 100, 'errores', 0),
(3206, '2019-02-25 07:54:42', '2019-02-25 07:54:42', 221, 12, 100, 'errores', 0),
(3207, '2019-02-25 07:54:42', '2019-02-25 07:54:42', 221, 56, 100, 'errores', 0),
(3208, '2019-02-25 07:54:42', '2019-02-25 07:54:42', 221, 62, 100, 'errores', 0),
(3209, '2019-02-25 07:54:42', '2019-02-25 07:54:42', 221, 1, 110, 'total_tantos', 0),
(3210, '2019-02-25 07:54:42', '2019-02-25 07:54:42', 221, 12, 110, 'total_tantos', 0),
(3211, '2019-02-25 07:54:42', '2019-02-25 07:54:42', 221, 56, 110, 'total_tantos', 0),
(3212, '2019-02-25 07:54:42', '2019-02-25 07:54:42', 221, 62, 110, 'total_tantos', 0),
(3213, '2019-02-25 07:54:42', '2019-02-25 07:54:42', 221, 1, 120, 'total_fallos', 0),
(3214, '2019-02-25 07:54:42', '2019-02-25 07:54:42', 221, 12, 120, 'total_fallos', 0),
(3215, '2019-02-25 07:54:42', '2019-02-25 07:54:42', 221, 56, 120, 'total_fallos', 0),
(3216, '2019-02-25 07:54:42', '2019-02-25 07:54:42', 221, 62, 120, 'total_fallos', 0),
(3217, '2019-02-25 07:55:00', '2019-02-25 07:55:00', 222, 2, 10, 'saque', 0),
(3218, '2019-02-25 07:55:00', '2019-02-25 07:55:00', 222, 26, 10, 'saque', 0),
(3219, '2019-02-25 07:55:00', '2019-02-25 07:55:00', 222, 4, 10, 'saque', 0),
(3220, '2019-02-25 07:55:00', '2019-02-25 07:55:00', 222, 20, 10, 'saque', 0),
(3221, '2019-02-25 07:55:00', '2019-02-25 07:55:00', 222, 2, 20, 'dos_paredes', 0),
(3222, '2019-02-25 07:55:00', '2019-02-25 07:55:00', 222, 26, 20, 'dos_paredes', 0),
(3223, '2019-02-25 07:55:00', '2019-02-25 07:55:00', 222, 4, 20, 'dos_paredes', 0),
(3224, '2019-02-25 07:55:00', '2019-02-25 07:55:00', 222, 20, 20, 'dos_paredes', 0),
(3225, '2019-02-25 07:55:00', '2019-02-25 07:55:00', 222, 2, 30, 'dejada', 0),
(3226, '2019-02-25 07:55:00', '2019-02-25 07:55:00', 222, 26, 30, 'dejada', 0),
(3227, '2019-02-25 07:55:00', '2019-02-25 07:55:00', 222, 4, 30, 'dejada', 0),
(3228, '2019-02-25 07:55:00', '2019-02-25 07:55:00', 222, 20, 30, 'dejada', 0),
(3229, '2019-02-25 07:55:00', '2019-02-25 07:55:00', 222, 2, 40, 'aire', 0),
(3230, '2019-02-25 07:55:00', '2019-02-25 07:55:00', 222, 26, 40, 'aire', 0),
(3231, '2019-02-25 07:55:00', '2019-02-25 07:55:00', 222, 4, 40, 'aire', 0),
(3232, '2019-02-25 07:55:00', '2019-02-25 07:55:00', 222, 20, 40, 'aire', 0),
(3233, '2019-02-25 07:55:00', '2019-02-25 07:55:00', 222, 2, 50, 'bote', 0),
(3234, '2019-02-25 07:55:00', '2019-02-25 07:55:00', 222, 26, 50, 'bote', 0),
(3235, '2019-02-25 07:55:00', '2019-02-25 07:55:00', 222, 4, 50, 'bote', 0),
(3236, '2019-02-25 07:55:00', '2019-02-25 07:55:00', 222, 20, 50, 'bote', 0),
(3237, '2019-02-25 07:55:00', '2019-02-25 07:55:00', 222, 2, 60, 'cortadas', 0),
(3238, '2019-02-25 07:55:00', '2019-02-25 07:55:00', 222, 26, 60, 'cortadas', 0),
(3239, '2019-02-25 07:55:00', '2019-02-25 07:55:00', 222, 4, 60, 'cortadas', 0),
(3240, '2019-02-25 07:55:00', '2019-02-25 07:55:00', 222, 20, 60, 'cortadas', 0),
(3241, '2019-02-25 07:55:00', '2019-02-25 07:55:00', 222, 2, 70, 'escapadas', 0),
(3242, '2019-02-25 07:55:00', '2019-02-25 07:55:00', 222, 26, 70, 'escapadas', 0),
(3243, '2019-02-25 07:55:00', '2019-02-25 07:55:00', 222, 4, 70, 'escapadas', 0),
(3244, '2019-02-25 07:55:00', '2019-02-25 07:55:00', 222, 20, 70, 'escapadas', 0),
(3245, '2019-02-25 07:55:00', '2019-02-25 07:55:00', 222, 2, 80, 'atras', 0),
(3246, '2019-02-25 07:55:00', '2019-02-25 07:55:00', 222, 26, 80, 'atras', 0),
(3247, '2019-02-25 07:55:00', '2019-02-25 07:55:00', 222, 4, 80, 'atras', 0),
(3248, '2019-02-25 07:55:00', '2019-02-25 07:55:00', 222, 20, 80, 'atras', 0),
(3249, '2019-02-25 07:55:00', '2019-02-25 07:55:00', 222, 2, 90, 'falta_saque', 0),
(3250, '2019-02-25 07:55:00', '2019-02-25 07:55:00', 222, 26, 90, 'falta_saque', 0),
(3251, '2019-02-25 07:55:00', '2019-02-25 07:55:00', 222, 4, 90, 'falta_saque', 0),
(3252, '2019-02-25 07:55:00', '2019-02-25 07:55:00', 222, 20, 90, 'falta_saque', 0),
(3253, '2019-02-25 07:55:00', '2019-02-25 07:55:00', 222, 2, 100, 'errores', 0),
(3254, '2019-02-25 07:55:00', '2019-02-25 07:55:00', 222, 26, 100, 'errores', 0),
(3255, '2019-02-25 07:55:00', '2019-02-25 07:55:00', 222, 4, 100, 'errores', 0),
(3256, '2019-02-25 07:55:00', '2019-02-25 07:55:00', 222, 20, 100, 'errores', 0),
(3257, '2019-02-25 07:55:00', '2019-02-25 07:55:00', 222, 2, 110, 'total_tantos', 0),
(3258, '2019-02-25 07:55:00', '2019-02-25 07:55:00', 222, 26, 110, 'total_tantos', 0),
(3259, '2019-02-25 07:55:00', '2019-02-25 07:55:00', 222, 4, 110, 'total_tantos', 0),
(3260, '2019-02-25 07:55:00', '2019-02-25 07:55:00', 222, 20, 110, 'total_tantos', 0),
(3261, '2019-02-25 07:55:00', '2019-02-25 07:55:00', 222, 2, 120, 'total_fallos', 0),
(3262, '2019-02-25 07:55:00', '2019-02-25 07:55:00', 222, 26, 120, 'total_fallos', 0),
(3263, '2019-02-25 07:55:00', '2019-02-25 07:55:00', 222, 4, 120, 'total_fallos', 0),
(3264, '2019-02-25 07:55:00', '2019-02-25 07:55:00', 222, 20, 120, 'total_fallos', 0),
(3265, '2019-02-25 08:40:04', '2019-02-25 08:40:04', 217, 18, 10, 'saque', 0),
(3266, '2019-02-25 08:40:04', '2019-02-25 08:40:04', 217, 5, 10, 'saque', 0),
(3267, '2019-02-25 08:40:04', '2019-02-25 08:40:04', 217, 9, 10, 'saque', 0),
(3268, '2019-02-25 08:40:04', '2019-02-25 08:40:04', 217, 27, 10, 'saque', 0),
(3269, '2019-02-25 08:40:04', '2019-02-25 08:40:04', 217, 18, 20, 'dos_paredes', 0),
(3270, '2019-02-25 08:40:04', '2019-02-25 08:40:04', 217, 5, 20, 'dos_paredes', 0),
(3271, '2019-02-25 08:40:04', '2019-02-25 08:40:04', 217, 9, 20, 'dos_paredes', 0),
(3272, '2019-02-25 08:40:04', '2019-02-25 08:40:04', 217, 27, 20, 'dos_paredes', 0),
(3273, '2019-02-25 08:40:04', '2019-02-25 08:40:04', 217, 18, 30, 'dejada', 0),
(3274, '2019-02-25 08:40:04', '2019-02-25 08:40:04', 217, 5, 30, 'dejada', 0),
(3275, '2019-02-25 08:40:04', '2019-02-25 08:40:04', 217, 9, 30, 'dejada', 0),
(3276, '2019-02-25 08:40:04', '2019-02-25 08:40:04', 217, 27, 30, 'dejada', 0),
(3277, '2019-02-25 08:40:04', '2019-02-25 08:40:04', 217, 18, 40, 'aire', 0),
(3278, '2019-02-25 08:40:04', '2019-02-25 08:40:04', 217, 5, 40, 'aire', 0),
(3279, '2019-02-25 08:40:04', '2019-02-25 08:40:04', 217, 9, 40, 'aire', 0),
(3280, '2019-02-25 08:40:04', '2019-02-25 08:40:04', 217, 27, 40, 'aire', 0),
(3281, '2019-02-25 08:40:04', '2019-02-25 08:40:04', 217, 18, 50, 'bote', 0),
(3282, '2019-02-25 08:40:04', '2019-02-25 08:40:04', 217, 5, 50, 'bote', 0),
(3283, '2019-02-25 08:40:04', '2019-02-25 08:40:04', 217, 9, 50, 'bote', 0),
(3284, '2019-02-25 08:40:04', '2019-02-25 08:40:04', 217, 27, 50, 'bote', 0),
(3285, '2019-02-25 08:40:04', '2019-02-25 08:40:04', 217, 18, 60, 'cortadas', 0),
(3286, '2019-02-25 08:40:04', '2019-02-25 08:40:04', 217, 5, 60, 'cortadas', 0),
(3287, '2019-02-25 08:40:04', '2019-02-25 08:40:04', 217, 9, 60, 'cortadas', 0),
(3288, '2019-02-25 08:40:04', '2019-02-25 08:40:04', 217, 27, 60, 'cortadas', 0),
(3289, '2019-02-25 08:40:04', '2019-02-25 08:40:04', 217, 18, 70, 'escapadas', 0),
(3290, '2019-02-25 08:40:04', '2019-02-25 08:40:04', 217, 5, 70, 'escapadas', 0),
(3291, '2019-02-25 08:40:04', '2019-02-25 08:40:04', 217, 9, 70, 'escapadas', 0),
(3292, '2019-02-25 08:40:04', '2019-02-25 08:40:04', 217, 27, 70, 'escapadas', 0),
(3293, '2019-02-25 08:40:04', '2019-02-25 08:40:04', 217, 18, 80, 'atras', 0),
(3294, '2019-02-25 08:40:04', '2019-02-25 08:40:04', 217, 5, 80, 'atras', 0),
(3295, '2019-02-25 08:40:04', '2019-02-25 08:40:04', 217, 9, 80, 'atras', 0),
(3296, '2019-02-25 08:40:04', '2019-02-25 08:40:04', 217, 27, 80, 'atras', 0),
(3297, '2019-02-25 08:40:04', '2019-02-25 08:40:04', 217, 18, 90, 'falta_saque', 0),
(3298, '2019-02-25 08:40:04', '2019-02-25 08:40:04', 217, 5, 90, 'falta_saque', 0),
(3299, '2019-02-25 08:40:04', '2019-02-25 08:40:04', 217, 9, 90, 'falta_saque', 0),
(3300, '2019-02-25 08:40:04', '2019-02-25 08:40:04', 217, 27, 90, 'falta_saque', 0),
(3301, '2019-02-25 08:40:04', '2019-02-25 08:40:04', 217, 18, 100, 'errores', 0),
(3302, '2019-02-25 08:40:04', '2019-02-25 08:40:04', 217, 5, 100, 'errores', 0),
(3303, '2019-02-25 08:40:04', '2019-02-25 08:40:04', 217, 9, 100, 'errores', 0),
(3304, '2019-02-25 08:40:04', '2019-02-25 08:40:04', 217, 27, 100, 'errores', 0),
(3305, '2019-02-25 08:40:04', '2019-02-25 08:40:04', 217, 18, 110, 'total_tantos', 0),
(3306, '2019-02-25 08:40:04', '2019-02-25 08:40:04', 217, 5, 110, 'total_tantos', 0),
(3307, '2019-02-25 08:40:04', '2019-02-25 08:40:04', 217, 9, 110, 'total_tantos', 0),
(3308, '2019-02-25 08:40:04', '2019-02-25 08:40:04', 217, 27, 110, 'total_tantos', 0),
(3309, '2019-02-25 08:40:04', '2019-02-25 08:40:04', 217, 18, 120, 'total_fallos', 0),
(3310, '2019-02-25 08:40:04', '2019-02-25 08:40:04', 217, 5, 120, 'total_fallos', 0),
(3311, '2019-02-25 08:40:04', '2019-02-25 08:40:04', 217, 9, 120, 'total_fallos', 0),
(3312, '2019-02-25 08:40:04', '2019-02-25 08:40:04', 217, 27, 120, 'total_fallos', 0),
(3313, '2019-02-25 08:40:21', '2019-02-25 08:40:21', 218, 73, 10, 'saque', 0),
(3314, '2019-02-25 08:40:21', '2019-02-25 08:40:21', 218, 42, 10, 'saque', 0),
(3315, '2019-02-25 08:40:21', '2019-02-25 08:40:21', 218, 3, 10, 'saque', 0),
(3316, '2019-02-25 08:40:21', '2019-02-25 08:40:21', 218, 19, 10, 'saque', 0),
(3317, '2019-02-25 08:40:21', '2019-02-25 08:40:21', 218, 73, 20, 'dos_paredes', 0),
(3318, '2019-02-25 08:40:21', '2019-02-25 08:40:21', 218, 42, 20, 'dos_paredes', 0),
(3319, '2019-02-25 08:40:21', '2019-02-25 08:40:21', 218, 3, 20, 'dos_paredes', 0),
(3320, '2019-02-25 08:40:21', '2019-02-25 08:40:21', 218, 19, 20, 'dos_paredes', 0),
(3321, '2019-02-25 08:40:21', '2019-02-25 08:40:21', 218, 73, 30, 'dejada', 0),
(3322, '2019-02-25 08:40:21', '2019-02-25 08:40:21', 218, 42, 30, 'dejada', 0),
(3323, '2019-02-25 08:40:21', '2019-02-25 08:40:21', 218, 3, 30, 'dejada', 0),
(3324, '2019-02-25 08:40:21', '2019-02-25 08:40:21', 218, 19, 30, 'dejada', 0),
(3325, '2019-02-25 08:40:21', '2019-02-25 08:40:21', 218, 73, 40, 'aire', 0),
(3326, '2019-02-25 08:40:21', '2019-02-25 08:40:21', 218, 42, 40, 'aire', 0),
(3327, '2019-02-25 08:40:21', '2019-02-25 08:40:21', 218, 3, 40, 'aire', 0),
(3328, '2019-02-25 08:40:21', '2019-02-25 08:40:21', 218, 19, 40, 'aire', 0),
(3329, '2019-02-25 08:40:21', '2019-02-25 08:40:21', 218, 73, 50, 'bote', 0),
(3330, '2019-02-25 08:40:21', '2019-02-25 08:40:21', 218, 42, 50, 'bote', 0),
(3331, '2019-02-25 08:40:21', '2019-02-25 08:40:21', 218, 3, 50, 'bote', 0),
(3332, '2019-02-25 08:40:21', '2019-02-25 08:40:21', 218, 19, 50, 'bote', 0),
(3333, '2019-02-25 08:40:21', '2019-02-25 08:40:21', 218, 73, 60, 'cortadas', 0),
(3334, '2019-02-25 08:40:21', '2019-02-25 08:40:21', 218, 42, 60, 'cortadas', 0),
(3335, '2019-02-25 08:40:21', '2019-02-25 08:40:21', 218, 3, 60, 'cortadas', 0),
(3336, '2019-02-25 08:40:21', '2019-02-25 08:40:21', 218, 19, 60, 'cortadas', 0),
(3337, '2019-02-25 08:40:21', '2019-02-25 08:40:21', 218, 73, 70, 'escapadas', 0),
(3338, '2019-02-25 08:40:21', '2019-02-25 08:40:21', 218, 42, 70, 'escapadas', 0),
(3339, '2019-02-25 08:40:21', '2019-02-25 08:40:21', 218, 3, 70, 'escapadas', 0),
(3340, '2019-02-25 08:40:21', '2019-02-25 08:40:21', 218, 19, 70, 'escapadas', 0),
(3341, '2019-02-25 08:40:21', '2019-02-25 08:40:21', 218, 73, 80, 'atras', 0),
(3342, '2019-02-25 08:40:21', '2019-02-25 08:40:21', 218, 42, 80, 'atras', 0),
(3343, '2019-02-25 08:40:21', '2019-02-25 08:40:21', 218, 3, 80, 'atras', 0),
(3344, '2019-02-25 08:40:21', '2019-02-25 08:40:21', 218, 19, 80, 'atras', 0),
(3345, '2019-02-25 08:40:21', '2019-02-25 08:40:21', 218, 73, 90, 'falta_saque', 0),
(3346, '2019-02-25 08:40:21', '2019-02-25 08:40:21', 218, 42, 90, 'falta_saque', 0),
(3347, '2019-02-25 08:40:21', '2019-02-25 08:40:21', 218, 3, 90, 'falta_saque', 0),
(3348, '2019-02-25 08:40:21', '2019-02-25 08:40:21', 218, 19, 90, 'falta_saque', 0),
(3349, '2019-02-25 08:40:21', '2019-02-25 08:40:21', 218, 73, 100, 'errores', 0),
(3350, '2019-02-25 08:40:21', '2019-02-25 08:40:21', 218, 42, 100, 'errores', 0),
(3351, '2019-02-25 08:40:21', '2019-02-25 08:40:21', 218, 3, 100, 'errores', 0),
(3352, '2019-02-25 08:40:21', '2019-02-25 08:40:21', 218, 19, 100, 'errores', 0),
(3353, '2019-02-25 08:40:21', '2019-02-25 08:40:21', 218, 73, 110, 'total_tantos', 0),
(3354, '2019-02-25 08:40:21', '2019-02-25 08:40:21', 218, 42, 110, 'total_tantos', 0),
(3355, '2019-02-25 08:40:21', '2019-02-25 08:40:21', 218, 3, 110, 'total_tantos', 0),
(3356, '2019-02-25 08:40:21', '2019-02-25 08:40:21', 218, 19, 110, 'total_tantos', 0),
(3357, '2019-02-25 08:40:21', '2019-02-25 08:40:21', 218, 73, 120, 'total_fallos', 0),
(3358, '2019-02-25 08:40:21', '2019-02-25 08:40:21', 218, 42, 120, 'total_fallos', 0),
(3359, '2019-02-25 08:40:21', '2019-02-25 08:40:21', 218, 3, 120, 'total_fallos', 0),
(3360, '2019-02-25 08:40:21', '2019-02-25 08:40:21', 218, 19, 120, 'total_fallos', 0),
(3361, '2019-02-25 08:41:05', '2019-02-25 08:41:05', 224, 66, 10, 'saque', 0),
(3362, '2019-02-25 08:41:05', '2019-02-25 08:41:05', 224, 46, 10, 'saque', 0),
(3363, '2019-02-25 08:41:05', '2019-02-25 08:41:05', 224, 69, 10, 'saque', 0),
(3364, '2019-02-25 08:41:05', '2019-02-25 08:41:05', 224, 65, 10, 'saque', 0),
(3365, '2019-02-25 08:41:05', '2019-02-25 08:41:05', 224, 66, 20, 'dos_paredes', 0),
(3366, '2019-02-25 08:41:05', '2019-02-25 08:41:05', 224, 46, 20, 'dos_paredes', 0),
(3367, '2019-02-25 08:41:05', '2019-02-25 08:41:05', 224, 69, 20, 'dos_paredes', 0),
(3368, '2019-02-25 08:41:05', '2019-02-25 08:41:05', 224, 65, 20, 'dos_paredes', 0),
(3369, '2019-02-25 08:41:05', '2019-02-25 08:41:05', 224, 66, 30, 'dejada', 0),
(3370, '2019-02-25 08:41:05', '2019-02-25 08:41:05', 224, 46, 30, 'dejada', 0),
(3371, '2019-02-25 08:41:05', '2019-02-25 08:41:05', 224, 69, 30, 'dejada', 0),
(3372, '2019-02-25 08:41:05', '2019-02-25 08:41:05', 224, 65, 30, 'dejada', 0),
(3373, '2019-02-25 08:41:05', '2019-02-25 08:41:05', 224, 66, 40, 'aire', 0),
(3374, '2019-02-25 08:41:05', '2019-02-25 08:41:05', 224, 46, 40, 'aire', 0),
(3375, '2019-02-25 08:41:05', '2019-02-25 08:41:05', 224, 69, 40, 'aire', 0),
(3376, '2019-02-25 08:41:05', '2019-02-25 08:41:05', 224, 65, 40, 'aire', 0),
(3377, '2019-02-25 08:41:05', '2019-02-25 08:41:05', 224, 66, 50, 'bote', 0),
(3378, '2019-02-25 08:41:05', '2019-02-25 08:41:05', 224, 46, 50, 'bote', 0),
(3379, '2019-02-25 08:41:05', '2019-02-25 08:41:05', 224, 69, 50, 'bote', 0),
(3380, '2019-02-25 08:41:05', '2019-02-25 08:41:05', 224, 65, 50, 'bote', 0),
(3381, '2019-02-25 08:41:05', '2019-02-25 08:41:05', 224, 66, 60, 'cortadas', 0),
(3382, '2019-02-25 08:41:05', '2019-02-25 08:41:05', 224, 46, 60, 'cortadas', 0),
(3383, '2019-02-25 08:41:05', '2019-02-25 08:41:05', 224, 69, 60, 'cortadas', 0),
(3384, '2019-02-25 08:41:05', '2019-02-25 08:41:05', 224, 65, 60, 'cortadas', 0),
(3385, '2019-02-25 08:41:05', '2019-02-25 08:41:05', 224, 66, 70, 'escapadas', 0),
(3386, '2019-02-25 08:41:05', '2019-02-25 08:41:05', 224, 46, 70, 'escapadas', 0),
(3387, '2019-02-25 08:41:05', '2019-02-25 08:41:05', 224, 69, 70, 'escapadas', 0),
(3388, '2019-02-25 08:41:05', '2019-02-25 08:41:05', 224, 65, 70, 'escapadas', 0),
(3389, '2019-02-25 08:41:05', '2019-02-25 08:41:05', 224, 66, 80, 'atras', 0),
(3390, '2019-02-25 08:41:05', '2019-02-25 08:41:05', 224, 46, 80, 'atras', 0),
(3391, '2019-02-25 08:41:05', '2019-02-25 08:41:05', 224, 69, 80, 'atras', 0),
(3392, '2019-02-25 08:41:05', '2019-02-25 08:41:05', 224, 65, 80, 'atras', 0),
(3393, '2019-02-25 08:41:05', '2019-02-25 08:41:05', 224, 66, 90, 'falta_saque', 0),
(3394, '2019-02-25 08:41:05', '2019-02-25 08:41:05', 224, 46, 90, 'falta_saque', 0),
(3395, '2019-02-25 08:41:05', '2019-02-25 08:41:05', 224, 69, 90, 'falta_saque', 0),
(3396, '2019-02-25 08:41:05', '2019-02-25 08:41:05', 224, 65, 90, 'falta_saque', 0),
(3397, '2019-02-25 08:41:05', '2019-02-25 08:41:05', 224, 66, 100, 'errores', 0),
(3398, '2019-02-25 08:41:05', '2019-02-25 08:41:05', 224, 46, 100, 'errores', 0),
(3399, '2019-02-25 08:41:05', '2019-02-25 08:41:05', 224, 69, 100, 'errores', 0),
(3400, '2019-02-25 08:41:05', '2019-02-25 08:41:05', 224, 65, 100, 'errores', 0),
(3401, '2019-02-25 08:41:05', '2019-02-25 08:41:05', 224, 66, 110, 'total_tantos', 0),
(3402, '2019-02-25 08:41:05', '2019-02-25 08:41:05', 224, 46, 110, 'total_tantos', 0),
(3403, '2019-02-25 08:41:05', '2019-02-25 08:41:05', 224, 69, 110, 'total_tantos', 0),
(3404, '2019-02-25 08:41:05', '2019-02-25 08:41:05', 224, 65, 110, 'total_tantos', 0),
(3405, '2019-02-25 08:41:05', '2019-02-25 08:41:05', 224, 66, 120, 'total_fallos', 0),
(3406, '2019-02-25 08:41:05', '2019-02-25 08:41:05', 224, 46, 120, 'total_fallos', 0),
(3407, '2019-02-25 08:41:05', '2019-02-25 08:41:05', 224, 69, 120, 'total_fallos', 0),
(3408, '2019-02-25 08:41:05', '2019-02-25 08:41:05', 224, 65, 120, 'total_fallos', 0),
(3409, '2019-02-25 08:41:28', '2019-02-25 08:41:28', 223, 6, 10, 'saque', 0),
(3410, '2019-02-25 08:41:28', '2019-02-25 08:41:28', 223, 28, 10, 'saque', 0),
(3411, '2019-02-25 08:41:28', '2019-02-25 08:41:28', 223, 54, 10, 'saque', 0),
(3412, '2019-02-25 08:41:28', '2019-02-25 08:41:28', 223, 67, 10, 'saque', 0),
(3413, '2019-02-25 08:41:28', '2019-02-25 08:41:28', 223, 6, 20, 'dos_paredes', 0),
(3414, '2019-02-25 08:41:28', '2019-02-25 08:41:28', 223, 28, 20, 'dos_paredes', 0),
(3415, '2019-02-25 08:41:28', '2019-02-25 08:41:28', 223, 54, 20, 'dos_paredes', 0),
(3416, '2019-02-25 08:41:28', '2019-02-25 08:41:28', 223, 67, 20, 'dos_paredes', 0),
(3417, '2019-02-25 08:41:28', '2019-02-25 08:41:28', 223, 6, 30, 'dejada', 0),
(3418, '2019-02-25 08:41:28', '2019-02-25 08:41:28', 223, 28, 30, 'dejada', 0),
(3419, '2019-02-25 08:41:28', '2019-02-25 08:41:28', 223, 54, 30, 'dejada', 0),
(3420, '2019-02-25 08:41:28', '2019-02-25 08:41:28', 223, 67, 30, 'dejada', 0),
(3421, '2019-02-25 08:41:28', '2019-02-25 08:41:28', 223, 6, 40, 'aire', 0),
(3422, '2019-02-25 08:41:28', '2019-02-25 08:41:28', 223, 28, 40, 'aire', 0),
(3423, '2019-02-25 08:41:28', '2019-02-25 08:41:28', 223, 54, 40, 'aire', 0),
(3424, '2019-02-25 08:41:28', '2019-02-25 08:41:28', 223, 67, 40, 'aire', 0),
(3425, '2019-02-25 08:41:28', '2019-02-25 08:41:28', 223, 6, 50, 'bote', 0),
(3426, '2019-02-25 08:41:28', '2019-02-25 08:41:28', 223, 28, 50, 'bote', 0),
(3427, '2019-02-25 08:41:28', '2019-02-25 08:41:28', 223, 54, 50, 'bote', 0),
(3428, '2019-02-25 08:41:28', '2019-02-25 08:41:28', 223, 67, 50, 'bote', 0),
(3429, '2019-02-25 08:41:28', '2019-02-25 08:41:28', 223, 6, 60, 'cortadas', 0),
(3430, '2019-02-25 08:41:28', '2019-02-25 08:41:28', 223, 28, 60, 'cortadas', 0),
(3431, '2019-02-25 08:41:28', '2019-02-25 08:41:28', 223, 54, 60, 'cortadas', 0),
(3432, '2019-02-25 08:41:28', '2019-02-25 08:41:28', 223, 67, 60, 'cortadas', 0),
(3433, '2019-02-25 08:41:28', '2019-02-25 08:41:28', 223, 6, 70, 'escapadas', 0),
(3434, '2019-02-25 08:41:28', '2019-02-25 08:41:28', 223, 28, 70, 'escapadas', 0),
(3435, '2019-02-25 08:41:28', '2019-02-25 08:41:28', 223, 54, 70, 'escapadas', 0),
(3436, '2019-02-25 08:41:28', '2019-02-25 08:41:28', 223, 67, 70, 'escapadas', 0),
(3437, '2019-02-25 08:41:28', '2019-02-25 08:41:28', 223, 6, 80, 'atras', 0),
(3438, '2019-02-25 08:41:28', '2019-02-25 08:41:28', 223, 28, 80, 'atras', 0),
(3439, '2019-02-25 08:41:28', '2019-02-25 08:41:28', 223, 54, 80, 'atras', 0),
(3440, '2019-02-25 08:41:28', '2019-02-25 08:41:28', 223, 67, 80, 'atras', 0),
(3441, '2019-02-25 08:41:28', '2019-02-25 08:41:28', 223, 6, 90, 'falta_saque', 0),
(3442, '2019-02-25 08:41:28', '2019-02-25 08:41:28', 223, 28, 90, 'falta_saque', 0),
(3443, '2019-02-25 08:41:28', '2019-02-25 08:41:28', 223, 54, 90, 'falta_saque', 0),
(3444, '2019-02-25 08:41:28', '2019-02-25 08:41:28', 223, 67, 90, 'falta_saque', 0),
(3445, '2019-02-25 08:41:28', '2019-02-25 08:41:28', 223, 6, 100, 'errores', 0),
(3446, '2019-02-25 08:41:28', '2019-02-25 08:41:28', 223, 28, 100, 'errores', 0),
(3447, '2019-02-25 08:41:28', '2019-02-25 08:41:28', 223, 54, 100, 'errores', 0),
(3448, '2019-02-25 08:41:28', '2019-02-25 08:41:28', 223, 67, 100, 'errores', 0),
(3449, '2019-02-25 08:41:28', '2019-02-25 08:41:28', 223, 6, 110, 'total_tantos', 0),
(3450, '2019-02-25 08:41:28', '2019-02-25 08:41:28', 223, 28, 110, 'total_tantos', 0),
(3451, '2019-02-25 08:41:28', '2019-02-25 08:41:28', 223, 54, 110, 'total_tantos', 0),
(3452, '2019-02-25 08:41:28', '2019-02-25 08:41:28', 223, 67, 110, 'total_tantos', 0),
(3453, '2019-02-25 08:41:28', '2019-02-25 08:41:28', 223, 6, 120, 'total_fallos', 0),
(3454, '2019-02-25 08:41:28', '2019-02-25 08:41:28', 223, 28, 120, 'total_fallos', 0),
(3455, '2019-02-25 08:41:28', '2019-02-25 08:41:28', 223, 54, 120, 'total_fallos', 0),
(3456, '2019-02-25 08:41:28', '2019-02-25 08:41:28', 223, 67, 120, 'total_fallos', 0),
(3457, '2019-02-25 08:41:52', '2019-02-25 08:41:52', 225, 53, 10, 'saque', 0),
(3458, '2019-02-25 08:41:52', '2019-02-25 08:41:52', 225, 58, 10, 'saque', 0),
(3459, '2019-02-25 08:41:52', '2019-02-25 08:41:52', 225, 55, 10, 'saque', 0),
(3460, '2019-02-25 08:41:52', '2019-02-25 08:41:52', 225, 61, 10, 'saque', 0),
(3461, '2019-02-25 08:41:52', '2019-02-25 08:41:52', 225, 53, 20, 'dos_paredes', 0),
(3462, '2019-02-25 08:41:52', '2019-02-25 08:41:52', 225, 58, 20, 'dos_paredes', 0),
(3463, '2019-02-25 08:41:52', '2019-02-25 08:41:52', 225, 55, 20, 'dos_paredes', 0),
(3464, '2019-02-25 08:41:52', '2019-02-25 08:41:52', 225, 61, 20, 'dos_paredes', 0),
(3465, '2019-02-25 08:41:52', '2019-02-25 08:41:52', 225, 53, 30, 'dejada', 0),
(3466, '2019-02-25 08:41:52', '2019-02-25 08:41:52', 225, 58, 30, 'dejada', 0),
(3467, '2019-02-25 08:41:52', '2019-02-25 08:41:52', 225, 55, 30, 'dejada', 0),
(3468, '2019-02-25 08:41:52', '2019-02-25 08:41:52', 225, 61, 30, 'dejada', 0),
(3469, '2019-02-25 08:41:52', '2019-02-25 08:41:52', 225, 53, 40, 'aire', 0),
(3470, '2019-02-25 08:41:52', '2019-02-25 08:41:52', 225, 58, 40, 'aire', 0),
(3471, '2019-02-25 08:41:52', '2019-02-25 08:41:52', 225, 55, 40, 'aire', 0),
(3472, '2019-02-25 08:41:52', '2019-02-25 08:41:52', 225, 61, 40, 'aire', 0),
(3473, '2019-02-25 08:41:52', '2019-02-25 08:41:52', 225, 53, 50, 'bote', 0),
(3474, '2019-02-25 08:41:52', '2019-02-25 08:41:52', 225, 58, 50, 'bote', 0),
(3475, '2019-02-25 08:41:52', '2019-02-25 08:41:52', 225, 55, 50, 'bote', 0),
(3476, '2019-02-25 08:41:52', '2019-02-25 08:41:52', 225, 61, 50, 'bote', 0),
(3477, '2019-02-25 08:41:52', '2019-02-25 08:41:52', 225, 53, 60, 'cortadas', 0),
(3478, '2019-02-25 08:41:52', '2019-02-25 08:41:52', 225, 58, 60, 'cortadas', 0),
(3479, '2019-02-25 08:41:52', '2019-02-25 08:41:52', 225, 55, 60, 'cortadas', 0),
(3480, '2019-02-25 08:41:52', '2019-02-25 08:41:52', 225, 61, 60, 'cortadas', 0),
(3481, '2019-02-25 08:41:52', '2019-02-25 08:41:52', 225, 53, 70, 'escapadas', 0),
(3482, '2019-02-25 08:41:52', '2019-02-25 08:41:52', 225, 58, 70, 'escapadas', 0),
(3483, '2019-02-25 08:41:52', '2019-02-25 08:41:52', 225, 55, 70, 'escapadas', 0),
(3484, '2019-02-25 08:41:52', '2019-02-25 08:41:52', 225, 61, 70, 'escapadas', 0),
(3485, '2019-02-25 08:41:52', '2019-02-25 08:41:52', 225, 53, 80, 'atras', 0),
(3486, '2019-02-25 08:41:52', '2019-02-25 08:41:52', 225, 58, 80, 'atras', 0),
(3487, '2019-02-25 08:41:52', '2019-02-25 08:41:52', 225, 55, 80, 'atras', 0),
(3488, '2019-02-25 08:41:52', '2019-02-25 08:41:52', 225, 61, 80, 'atras', 0),
(3489, '2019-02-25 08:41:52', '2019-02-25 08:41:52', 225, 53, 90, 'falta_saque', 0),
(3490, '2019-02-25 08:41:52', '2019-02-25 08:41:52', 225, 58, 90, 'falta_saque', 0),
(3491, '2019-02-25 08:41:52', '2019-02-25 08:41:52', 225, 55, 90, 'falta_saque', 0),
(3492, '2019-02-25 08:41:52', '2019-02-25 08:41:52', 225, 61, 90, 'falta_saque', 0),
(3493, '2019-02-25 08:41:52', '2019-02-25 08:41:52', 225, 53, 100, 'errores', 0),
(3494, '2019-02-25 08:41:52', '2019-02-25 08:41:52', 225, 58, 100, 'errores', 0),
(3495, '2019-02-25 08:41:52', '2019-02-25 08:41:52', 225, 55, 100, 'errores', 0),
(3496, '2019-02-25 08:41:52', '2019-02-25 08:41:52', 225, 61, 100, 'errores', 0),
(3497, '2019-02-25 08:41:52', '2019-02-25 08:41:52', 225, 53, 110, 'total_tantos', 0),
(3498, '2019-02-25 08:41:52', '2019-02-25 08:41:52', 225, 58, 110, 'total_tantos', 0),
(3499, '2019-02-25 08:41:52', '2019-02-25 08:41:52', 225, 55, 110, 'total_tantos', 0),
(3500, '2019-02-25 08:41:52', '2019-02-25 08:41:52', 225, 61, 110, 'total_tantos', 0),
(3501, '2019-02-25 08:41:52', '2019-02-25 08:41:52', 225, 53, 120, 'total_fallos', 0),
(3502, '2019-02-25 08:41:52', '2019-02-25 08:41:52', 225, 58, 120, 'total_fallos', 0),
(3503, '2019-02-25 08:41:52', '2019-02-25 08:41:52', 225, 55, 120, 'total_fallos', 0),
(3504, '2019-02-25 08:41:52', '2019-02-25 08:41:52', 225, 61, 120, 'total_fallos', 0),
(3505, '2019-03-03 19:58:10', '2019-03-03 19:58:10', 226, 44, 10, 'saque', 0),
(3506, '2019-03-03 19:58:10', '2019-03-03 19:58:10', 226, 70, 10, 'saque', 0),
(3507, '2019-03-03 19:58:10', '2019-03-03 19:58:10', 226, 4, 10, 'saque', 0),
(3508, '2019-03-03 19:58:10', '2019-03-03 19:58:10', 226, 26, 10, 'saque', 0),
(3509, '2019-03-03 19:58:10', '2019-03-03 19:58:10', 226, 44, 20, 'dos_paredes', 0),
(3510, '2019-03-03 19:58:10', '2019-03-03 19:58:10', 226, 70, 20, 'dos_paredes', 0),
(3511, '2019-03-03 19:58:10', '2019-03-03 19:58:10', 226, 4, 20, 'dos_paredes', 0),
(3512, '2019-03-03 19:58:10', '2019-03-03 19:58:10', 226, 26, 20, 'dos_paredes', 0),
(3513, '2019-03-03 19:58:10', '2019-03-03 19:58:10', 226, 44, 30, 'dejada', 0),
(3514, '2019-03-03 19:58:10', '2019-03-03 19:58:10', 226, 70, 30, 'dejada', 0),
(3515, '2019-03-03 19:58:10', '2019-03-03 19:58:10', 226, 4, 30, 'dejada', 0),
(3516, '2019-03-03 19:58:10', '2019-03-03 19:58:10', 226, 26, 30, 'dejada', 0),
(3517, '2019-03-03 19:58:10', '2019-03-03 19:58:10', 226, 44, 40, 'aire', 0),
(3518, '2019-03-03 19:58:10', '2019-03-03 19:58:10', 226, 70, 40, 'aire', 0),
(3519, '2019-03-03 19:58:10', '2019-03-03 19:58:10', 226, 4, 40, 'aire', 0),
(3520, '2019-03-03 19:58:10', '2019-03-03 19:58:10', 226, 26, 40, 'aire', 0),
(3521, '2019-03-03 19:58:10', '2019-03-03 19:58:10', 226, 44, 50, 'bote', 0),
(3522, '2019-03-03 19:58:10', '2019-03-03 19:58:10', 226, 70, 50, 'bote', 0),
(3523, '2019-03-03 19:58:10', '2019-03-03 19:58:10', 226, 4, 50, 'bote', 0),
(3524, '2019-03-03 19:58:10', '2019-03-03 19:58:10', 226, 26, 50, 'bote', 0),
(3525, '2019-03-03 19:58:10', '2019-03-03 19:58:10', 226, 44, 60, 'cortadas', 0),
(3526, '2019-03-03 19:58:10', '2019-03-03 19:58:10', 226, 70, 60, 'cortadas', 0),
(3527, '2019-03-03 19:58:10', '2019-03-03 19:58:10', 226, 4, 60, 'cortadas', 0),
(3528, '2019-03-03 19:58:10', '2019-03-03 19:58:10', 226, 26, 60, 'cortadas', 0),
(3529, '2019-03-03 19:58:10', '2019-03-03 19:58:10', 226, 44, 70, 'escapadas', 0),
(3530, '2019-03-03 19:58:10', '2019-03-03 19:58:10', 226, 70, 70, 'escapadas', 0),
(3531, '2019-03-03 19:58:10', '2019-03-03 19:58:10', 226, 4, 70, 'escapadas', 0),
(3532, '2019-03-03 19:58:10', '2019-03-03 19:58:10', 226, 26, 70, 'escapadas', 0),
(3533, '2019-03-03 19:58:10', '2019-03-03 19:58:10', 226, 44, 80, 'atras', 0),
(3534, '2019-03-03 19:58:10', '2019-03-03 19:58:10', 226, 70, 80, 'atras', 0),
(3535, '2019-03-03 19:58:10', '2019-03-03 19:58:10', 226, 4, 80, 'atras', 0),
(3536, '2019-03-03 19:58:10', '2019-03-03 19:58:10', 226, 26, 80, 'atras', 0),
(3537, '2019-03-03 19:58:10', '2019-03-03 19:58:10', 226, 44, 90, 'falta_saque', 0),
(3538, '2019-03-03 19:58:10', '2019-03-03 19:58:10', 226, 70, 90, 'falta_saque', 0),
(3539, '2019-03-03 19:58:10', '2019-03-03 19:58:10', 226, 4, 90, 'falta_saque', 0),
(3540, '2019-03-03 19:58:10', '2019-03-03 19:58:10', 226, 26, 90, 'falta_saque', 0),
(3541, '2019-03-03 19:58:10', '2019-03-03 19:58:10', 226, 44, 100, 'errores', 0),
(3542, '2019-03-03 19:58:10', '2019-03-03 19:58:10', 226, 70, 100, 'errores', 0),
(3543, '2019-03-03 19:58:10', '2019-03-03 19:58:10', 226, 4, 100, 'errores', 0),
(3544, '2019-03-03 19:58:10', '2019-03-03 19:58:10', 226, 26, 100, 'errores', 0),
(3545, '2019-03-03 19:58:10', '2019-03-03 19:58:10', 226, 44, 110, 'total_tantos', 0),
(3546, '2019-03-03 19:58:10', '2019-03-03 19:58:10', 226, 70, 110, 'total_tantos', 0),
(3547, '2019-03-03 19:58:10', '2019-03-03 19:58:10', 226, 4, 110, 'total_tantos', 0),
(3548, '2019-03-03 19:58:10', '2019-03-03 19:58:10', 226, 26, 110, 'total_tantos', 0),
(3549, '2019-03-03 19:58:10', '2019-03-03 19:58:10', 226, 44, 120, 'total_fallos', 0),
(3550, '2019-03-03 19:58:10', '2019-03-03 19:58:10', 226, 70, 120, 'total_fallos', 0),
(3551, '2019-03-03 19:58:10', '2019-03-03 19:58:10', 226, 4, 120, 'total_fallos', 0),
(3552, '2019-03-03 19:58:10', '2019-03-03 19:58:10', 226, 26, 120, 'total_fallos', 0),
(3553, '2019-03-03 19:59:21', '2019-03-03 19:59:21', 227, 56, 10, 'saque', 0),
(3554, '2019-03-03 19:59:21', '2019-03-03 19:59:21', 227, 58, 10, 'saque', 0),
(3555, '2019-03-03 19:59:21', '2019-03-03 19:59:21', 227, 66, 10, 'saque', 0),
(3556, '2019-03-03 19:59:21', '2019-03-03 19:59:21', 227, 62, 10, 'saque', 0),
(3557, '2019-03-03 19:59:21', '2019-03-03 19:59:21', 227, 56, 20, 'dos_paredes', 0),
(3558, '2019-03-03 19:59:21', '2019-03-03 19:59:21', 227, 58, 20, 'dos_paredes', 0),
(3559, '2019-03-03 19:59:21', '2019-03-03 19:59:21', 227, 66, 20, 'dos_paredes', 0),
(3560, '2019-03-03 19:59:21', '2019-03-03 19:59:21', 227, 62, 20, 'dos_paredes', 0),
(3561, '2019-03-03 19:59:21', '2019-03-03 19:59:21', 227, 56, 30, 'dejada', 0),
(3562, '2019-03-03 19:59:21', '2019-03-03 19:59:21', 227, 58, 30, 'dejada', 0),
(3563, '2019-03-03 19:59:21', '2019-03-03 19:59:21', 227, 66, 30, 'dejada', 0),
(3564, '2019-03-03 19:59:21', '2019-03-03 19:59:21', 227, 62, 30, 'dejada', 0),
(3565, '2019-03-03 19:59:21', '2019-03-03 19:59:21', 227, 56, 40, 'aire', 0),
(3566, '2019-03-03 19:59:21', '2019-03-03 19:59:21', 227, 58, 40, 'aire', 0),
(3567, '2019-03-03 19:59:21', '2019-03-03 19:59:21', 227, 66, 40, 'aire', 0),
(3568, '2019-03-03 19:59:21', '2019-03-03 19:59:21', 227, 62, 40, 'aire', 0),
(3569, '2019-03-03 19:59:21', '2019-03-03 19:59:21', 227, 56, 50, 'bote', 0),
(3570, '2019-03-03 19:59:21', '2019-03-03 19:59:21', 227, 58, 50, 'bote', 0),
(3571, '2019-03-03 19:59:21', '2019-03-03 19:59:21', 227, 66, 50, 'bote', 0),
(3572, '2019-03-03 19:59:21', '2019-03-03 19:59:21', 227, 62, 50, 'bote', 0),
(3573, '2019-03-03 19:59:21', '2019-03-03 19:59:21', 227, 56, 60, 'cortadas', 0),
(3574, '2019-03-03 19:59:21', '2019-03-03 19:59:21', 227, 58, 60, 'cortadas', 0),
(3575, '2019-03-03 19:59:21', '2019-03-03 19:59:21', 227, 66, 60, 'cortadas', 0),
(3576, '2019-03-03 19:59:21', '2019-03-03 19:59:21', 227, 62, 60, 'cortadas', 0),
(3577, '2019-03-03 19:59:21', '2019-03-03 19:59:21', 227, 56, 70, 'escapadas', 0),
(3578, '2019-03-03 19:59:21', '2019-03-03 19:59:21', 227, 58, 70, 'escapadas', 0),
(3579, '2019-03-03 19:59:21', '2019-03-03 19:59:21', 227, 66, 70, 'escapadas', 0),
(3580, '2019-03-03 19:59:21', '2019-03-03 19:59:21', 227, 62, 70, 'escapadas', 0),
(3581, '2019-03-03 19:59:21', '2019-03-03 19:59:21', 227, 56, 80, 'atras', 0),
(3582, '2019-03-03 19:59:21', '2019-03-03 19:59:21', 227, 58, 80, 'atras', 0),
(3583, '2019-03-03 19:59:21', '2019-03-03 19:59:21', 227, 66, 80, 'atras', 0),
(3584, '2019-03-03 19:59:21', '2019-03-03 19:59:21', 227, 62, 80, 'atras', 0),
(3585, '2019-03-03 19:59:21', '2019-03-03 19:59:21', 227, 56, 90, 'falta_saque', 0),
(3586, '2019-03-03 19:59:21', '2019-03-03 19:59:21', 227, 58, 90, 'falta_saque', 0),
(3587, '2019-03-03 19:59:21', '2019-03-03 19:59:21', 227, 66, 90, 'falta_saque', 0),
(3588, '2019-03-03 19:59:21', '2019-03-03 19:59:21', 227, 62, 90, 'falta_saque', 0),
(3589, '2019-03-03 19:59:21', '2019-03-03 19:59:21', 227, 56, 100, 'errores', 0),
(3590, '2019-03-03 19:59:21', '2019-03-03 19:59:21', 227, 58, 100, 'errores', 0),
(3591, '2019-03-03 19:59:21', '2019-03-03 19:59:21', 227, 66, 100, 'errores', 0),
(3592, '2019-03-03 19:59:21', '2019-03-03 19:59:21', 227, 62, 100, 'errores', 0),
(3593, '2019-03-03 19:59:21', '2019-03-03 19:59:21', 227, 56, 110, 'total_tantos', 0),
(3594, '2019-03-03 19:59:21', '2019-03-03 19:59:21', 227, 58, 110, 'total_tantos', 0),
(3595, '2019-03-03 19:59:21', '2019-03-03 19:59:21', 227, 66, 110, 'total_tantos', 0),
(3596, '2019-03-03 19:59:21', '2019-03-03 19:59:21', 227, 62, 110, 'total_tantos', 0),
(3597, '2019-03-03 19:59:21', '2019-03-03 19:59:21', 227, 56, 120, 'total_fallos', 0),
(3598, '2019-03-03 19:59:21', '2019-03-03 19:59:21', 227, 58, 120, 'total_fallos', 0),
(3599, '2019-03-03 19:59:21', '2019-03-03 19:59:21', 227, 66, 120, 'total_fallos', 0),
(3600, '2019-03-03 19:59:21', '2019-03-03 19:59:21', 227, 62, 120, 'total_fallos', 0),
(3601, '2019-03-03 20:00:16', '2019-03-03 20:00:16', 228, 22, 10, 'saque', 0),
(3602, '2019-03-03 20:00:16', '2019-03-03 20:00:16', 228, 10, 10, 'saque', 0),
(3603, '2019-03-03 20:00:16', '2019-03-03 20:00:16', 228, 25, 10, 'saque', 0),
(3604, '2019-03-03 20:00:16', '2019-03-03 20:00:16', 228, 27, 10, 'saque', 0),
(3605, '2019-03-03 20:00:16', '2019-03-03 20:00:16', 228, 22, 20, 'dos_paredes', 0),
(3606, '2019-03-03 20:00:16', '2019-03-03 20:00:16', 228, 10, 20, 'dos_paredes', 0),
(3607, '2019-03-03 20:00:16', '2019-03-03 20:00:16', 228, 25, 20, 'dos_paredes', 0),
(3608, '2019-03-03 20:00:16', '2019-03-03 20:00:16', 228, 27, 20, 'dos_paredes', 0),
(3609, '2019-03-03 20:00:16', '2019-03-03 20:00:16', 228, 22, 30, 'dejada', 0),
(3610, '2019-03-03 20:00:16', '2019-03-03 20:00:16', 228, 10, 30, 'dejada', 0),
(3611, '2019-03-03 20:00:16', '2019-03-03 20:00:16', 228, 25, 30, 'dejada', 0),
(3612, '2019-03-03 20:00:16', '2019-03-03 20:00:16', 228, 27, 30, 'dejada', 0),
(3613, '2019-03-03 20:00:16', '2019-03-03 20:00:16', 228, 22, 40, 'aire', 0),
(3614, '2019-03-03 20:00:16', '2019-03-03 20:00:16', 228, 10, 40, 'aire', 0),
(3615, '2019-03-03 20:00:16', '2019-03-03 20:00:16', 228, 25, 40, 'aire', 0),
(3616, '2019-03-03 20:00:16', '2019-03-03 20:00:16', 228, 27, 40, 'aire', 0),
(3617, '2019-03-03 20:00:16', '2019-03-03 20:00:16', 228, 22, 50, 'bote', 0),
(3618, '2019-03-03 20:00:16', '2019-03-03 20:00:16', 228, 10, 50, 'bote', 0),
(3619, '2019-03-03 20:00:16', '2019-03-03 20:00:16', 228, 25, 50, 'bote', 0),
(3620, '2019-03-03 20:00:16', '2019-03-03 20:00:16', 228, 27, 50, 'bote', 0),
(3621, '2019-03-03 20:00:16', '2019-03-03 20:00:16', 228, 22, 60, 'cortadas', 0),
(3622, '2019-03-03 20:00:16', '2019-03-03 20:00:16', 228, 10, 60, 'cortadas', 0),
(3623, '2019-03-03 20:00:16', '2019-03-03 20:00:16', 228, 25, 60, 'cortadas', 0),
(3624, '2019-03-03 20:00:16', '2019-03-03 20:00:16', 228, 27, 60, 'cortadas', 0),
(3625, '2019-03-03 20:00:16', '2019-03-03 20:00:16', 228, 22, 70, 'escapadas', 0),
(3626, '2019-03-03 20:00:16', '2019-03-03 20:00:16', 228, 10, 70, 'escapadas', 0),
(3627, '2019-03-03 20:00:16', '2019-03-03 20:00:16', 228, 25, 70, 'escapadas', 0),
(3628, '2019-03-03 20:00:16', '2019-03-03 20:00:16', 228, 27, 70, 'escapadas', 0),
(3629, '2019-03-03 20:00:16', '2019-03-03 20:00:16', 228, 22, 80, 'atras', 0),
(3630, '2019-03-03 20:00:16', '2019-03-03 20:00:16', 228, 10, 80, 'atras', 0),
(3631, '2019-03-03 20:00:16', '2019-03-03 20:00:16', 228, 25, 80, 'atras', 0),
(3632, '2019-03-03 20:00:16', '2019-03-03 20:00:16', 228, 27, 80, 'atras', 0),
(3633, '2019-03-03 20:00:16', '2019-03-03 20:00:16', 228, 22, 90, 'falta_saque', 0),
(3634, '2019-03-03 20:00:16', '2019-03-03 20:00:16', 228, 10, 90, 'falta_saque', 0),
(3635, '2019-03-03 20:00:16', '2019-03-03 20:00:16', 228, 25, 90, 'falta_saque', 0),
(3636, '2019-03-03 20:00:16', '2019-03-03 20:00:16', 228, 27, 90, 'falta_saque', 0),
(3637, '2019-03-03 20:00:16', '2019-03-03 20:00:16', 228, 22, 100, 'errores', 0),
(3638, '2019-03-03 20:00:16', '2019-03-03 20:00:16', 228, 10, 100, 'errores', 0),
(3639, '2019-03-03 20:00:16', '2019-03-03 20:00:16', 228, 25, 100, 'errores', 0),
(3640, '2019-03-03 20:00:16', '2019-03-03 20:00:16', 228, 27, 100, 'errores', 0),
(3641, '2019-03-03 20:00:16', '2019-03-03 20:00:16', 228, 22, 110, 'total_tantos', 0),
(3642, '2019-03-03 20:00:16', '2019-03-03 20:00:16', 228, 10, 110, 'total_tantos', 0),
(3643, '2019-03-03 20:00:16', '2019-03-03 20:00:16', 228, 25, 110, 'total_tantos', 0),
(3644, '2019-03-03 20:00:16', '2019-03-03 20:00:16', 228, 27, 110, 'total_tantos', 0),
(3645, '2019-03-03 20:00:16', '2019-03-03 20:00:16', 228, 22, 120, 'total_fallos', 0),
(3646, '2019-03-03 20:00:16', '2019-03-03 20:00:16', 228, 10, 120, 'total_fallos', 0),
(3647, '2019-03-03 20:00:16', '2019-03-03 20:00:16', 228, 25, 120, 'total_fallos', 0),
(3648, '2019-03-03 20:00:16', '2019-03-03 20:00:16', 228, 27, 120, 'total_fallos', 0),
(3649, '2019-03-03 20:00:34', '2019-03-03 20:00:34', 229, 6, 10, 'saque', 0),
(3650, '2019-03-03 20:00:34', '2019-03-03 20:00:34', 229, 5, 10, 'saque', 0),
(3651, '2019-03-03 20:00:34', '2019-03-03 20:00:34', 229, 9, 10, 'saque', 0),
(3652, '2019-03-03 20:00:34', '2019-03-03 20:00:34', 229, 28, 10, 'saque', 0),
(3653, '2019-03-03 20:00:34', '2019-03-03 20:00:34', 229, 6, 20, 'dos_paredes', 0),
(3654, '2019-03-03 20:00:34', '2019-03-03 20:00:34', 229, 5, 20, 'dos_paredes', 0),
(3655, '2019-03-03 20:00:34', '2019-03-03 20:00:34', 229, 9, 20, 'dos_paredes', 0),
(3656, '2019-03-03 20:00:34', '2019-03-03 20:00:34', 229, 28, 20, 'dos_paredes', 0),
(3657, '2019-03-03 20:00:34', '2019-03-03 20:00:34', 229, 6, 30, 'dejada', 0),
(3658, '2019-03-03 20:00:34', '2019-03-03 20:00:34', 229, 5, 30, 'dejada', 0),
(3659, '2019-03-03 20:00:34', '2019-03-03 20:00:34', 229, 9, 30, 'dejada', 0),
(3660, '2019-03-03 20:00:34', '2019-03-03 20:00:34', 229, 28, 30, 'dejada', 0),
(3661, '2019-03-03 20:00:34', '2019-03-03 20:00:34', 229, 6, 40, 'aire', 0),
(3662, '2019-03-03 20:00:34', '2019-03-03 20:00:34', 229, 5, 40, 'aire', 0),
(3663, '2019-03-03 20:00:34', '2019-03-03 20:00:34', 229, 9, 40, 'aire', 0),
(3664, '2019-03-03 20:00:34', '2019-03-03 20:00:34', 229, 28, 40, 'aire', 0),
(3665, '2019-03-03 20:00:34', '2019-03-03 20:00:34', 229, 6, 50, 'bote', 0),
(3666, '2019-03-03 20:00:34', '2019-03-03 20:00:34', 229, 5, 50, 'bote', 0),
(3667, '2019-03-03 20:00:34', '2019-03-03 20:00:34', 229, 9, 50, 'bote', 0),
(3668, '2019-03-03 20:00:34', '2019-03-03 20:00:34', 229, 28, 50, 'bote', 0),
(3669, '2019-03-03 20:00:34', '2019-03-03 20:00:34', 229, 6, 60, 'cortadas', 0),
(3670, '2019-03-03 20:00:34', '2019-03-03 20:00:34', 229, 5, 60, 'cortadas', 0),
(3671, '2019-03-03 20:00:34', '2019-03-03 20:00:34', 229, 9, 60, 'cortadas', 0),
(3672, '2019-03-03 20:00:34', '2019-03-03 20:00:34', 229, 28, 60, 'cortadas', 0),
(3673, '2019-03-03 20:00:34', '2019-03-03 20:00:34', 229, 6, 70, 'escapadas', 0),
(3674, '2019-03-03 20:00:34', '2019-03-03 20:00:34', 229, 5, 70, 'escapadas', 0),
(3675, '2019-03-03 20:00:34', '2019-03-03 20:00:34', 229, 9, 70, 'escapadas', 0),
(3676, '2019-03-03 20:00:34', '2019-03-03 20:00:34', 229, 28, 70, 'escapadas', 0),
(3677, '2019-03-03 20:00:34', '2019-03-03 20:00:34', 229, 6, 80, 'atras', 0),
(3678, '2019-03-03 20:00:34', '2019-03-03 20:00:34', 229, 5, 80, 'atras', 0),
(3679, '2019-03-03 20:00:34', '2019-03-03 20:00:34', 229, 9, 80, 'atras', 0),
(3680, '2019-03-03 20:00:34', '2019-03-03 20:00:34', 229, 28, 80, 'atras', 0),
(3681, '2019-03-03 20:00:34', '2019-03-03 20:00:34', 229, 6, 90, 'falta_saque', 0),
(3682, '2019-03-03 20:00:34', '2019-03-03 20:00:34', 229, 5, 90, 'falta_saque', 0),
(3683, '2019-03-03 20:00:34', '2019-03-03 20:00:34', 229, 9, 90, 'falta_saque', 0),
(3684, '2019-03-03 20:00:34', '2019-03-03 20:00:34', 229, 28, 90, 'falta_saque', 0),
(3685, '2019-03-03 20:00:34', '2019-03-03 20:00:34', 229, 6, 100, 'errores', 0),
(3686, '2019-03-03 20:00:34', '2019-03-03 20:00:34', 229, 5, 100, 'errores', 0),
(3687, '2019-03-03 20:00:34', '2019-03-03 20:00:34', 229, 9, 100, 'errores', 0),
(3688, '2019-03-03 20:00:34', '2019-03-03 20:00:34', 229, 28, 100, 'errores', 0),
(3689, '2019-03-03 20:00:34', '2019-03-03 20:00:34', 229, 6, 110, 'total_tantos', 0),
(3690, '2019-03-03 20:00:34', '2019-03-03 20:00:34', 229, 5, 110, 'total_tantos', 0),
(3691, '2019-03-03 20:00:34', '2019-03-03 20:00:34', 229, 9, 110, 'total_tantos', 0),
(3692, '2019-03-03 20:00:34', '2019-03-03 20:00:34', 229, 28, 110, 'total_tantos', 0),
(3693, '2019-03-03 20:00:34', '2019-03-03 20:00:34', 229, 6, 120, 'total_fallos', 0),
(3694, '2019-03-03 20:00:34', '2019-03-03 20:00:34', 229, 5, 120, 'total_fallos', 0),
(3695, '2019-03-03 20:00:34', '2019-03-03 20:00:34', 229, 9, 120, 'total_fallos', 0),
(3696, '2019-03-03 20:00:34', '2019-03-03 20:00:34', 229, 28, 120, 'total_fallos', 0),
(3841, '2019-03-05 09:53:34', '2019-03-05 09:53:34', 219, 74, 10, 'saque', 0),
(3842, '2019-03-05 09:53:34', '2019-03-05 09:53:34', 219, 51, 10, 'saque', 0),
(3843, '2019-03-05 09:53:34', '2019-03-05 09:53:34', 219, 7, 10, 'saque', 0),
(3844, '2019-03-05 09:53:34', '2019-03-05 09:53:34', 219, 24, 10, 'saque', 0),
(3845, '2019-03-05 09:53:34', '2019-03-05 09:53:34', 219, 74, 20, 'dos_paredes', 0),
(3846, '2019-03-05 09:53:34', '2019-03-05 09:53:34', 219, 51, 20, 'dos_paredes', 0),
(3847, '2019-03-05 09:53:34', '2019-03-05 09:53:34', 219, 7, 20, 'dos_paredes', 0),
(3848, '2019-03-05 09:53:34', '2019-03-05 09:53:34', 219, 24, 20, 'dos_paredes', 0),
(3849, '2019-03-05 09:53:34', '2019-03-05 09:53:34', 219, 74, 30, 'dejada', 0),
(3850, '2019-03-05 09:53:34', '2019-03-05 09:53:34', 219, 51, 30, 'dejada', 0),
(3851, '2019-03-05 09:53:34', '2019-03-05 09:53:34', 219, 7, 30, 'dejada', 0),
(3852, '2019-03-05 09:53:34', '2019-03-05 09:53:34', 219, 24, 30, 'dejada', 0),
(3853, '2019-03-05 09:53:34', '2019-03-05 09:53:34', 219, 74, 40, 'aire', 0),
(3854, '2019-03-05 09:53:34', '2019-03-05 09:53:34', 219, 51, 40, 'aire', 0),
(3855, '2019-03-05 09:53:34', '2019-03-05 09:53:34', 219, 7, 40, 'aire', 0),
(3856, '2019-03-05 09:53:34', '2019-03-05 09:53:34', 219, 24, 40, 'aire', 0),
(3857, '2019-03-05 09:53:34', '2019-03-05 09:53:34', 219, 74, 50, 'bote', 0),
(3858, '2019-03-05 09:53:34', '2019-03-05 09:53:34', 219, 51, 50, 'bote', 0),
(3859, '2019-03-05 09:53:34', '2019-03-05 09:53:34', 219, 7, 50, 'bote', 0),
(3860, '2019-03-05 09:53:34', '2019-03-05 09:53:34', 219, 24, 50, 'bote', 0),
(3861, '2019-03-05 09:53:34', '2019-03-05 09:53:34', 219, 74, 60, 'cortadas', 0),
(3862, '2019-03-05 09:53:34', '2019-03-05 09:53:34', 219, 51, 60, 'cortadas', 0),
(3863, '2019-03-05 09:53:34', '2019-03-05 09:53:34', 219, 7, 60, 'cortadas', 0),
(3864, '2019-03-05 09:53:34', '2019-03-05 09:53:34', 219, 24, 60, 'cortadas', 0),
(3865, '2019-03-05 09:53:34', '2019-03-05 09:53:34', 219, 74, 70, 'escapadas', 0),
(3866, '2019-03-05 09:53:34', '2019-03-05 09:53:34', 219, 51, 70, 'escapadas', 0),
(3867, '2019-03-05 09:53:34', '2019-03-05 09:53:34', 219, 7, 70, 'escapadas', 0),
(3868, '2019-03-05 09:53:34', '2019-03-05 09:53:34', 219, 24, 70, 'escapadas', 0),
(3869, '2019-03-05 09:53:34', '2019-03-05 09:53:34', 219, 74, 80, 'atras', 0),
(3870, '2019-03-05 09:53:34', '2019-03-05 09:53:34', 219, 51, 80, 'atras', 0),
(3871, '2019-03-05 09:53:34', '2019-03-05 09:53:34', 219, 7, 80, 'atras', 0),
(3872, '2019-03-05 09:53:34', '2019-03-05 09:53:34', 219, 24, 80, 'atras', 0),
(3873, '2019-03-05 09:53:34', '2019-03-05 09:53:34', 219, 74, 90, 'falta_saque', 0),
(3874, '2019-03-05 09:53:34', '2019-03-05 09:53:34', 219, 51, 90, 'falta_saque', 0),
(3875, '2019-03-05 09:53:34', '2019-03-05 09:53:34', 219, 7, 90, 'falta_saque', 0),
(3876, '2019-03-05 09:53:34', '2019-03-05 09:53:34', 219, 24, 90, 'falta_saque', 0),
(3877, '2019-03-05 09:53:34', '2019-03-05 09:53:34', 219, 74, 100, 'errores', 0),
(3878, '2019-03-05 09:53:34', '2019-03-05 09:53:34', 219, 51, 100, 'errores', 0),
(3879, '2019-03-05 09:53:34', '2019-03-05 09:53:34', 219, 7, 100, 'errores', 0),
(3880, '2019-03-05 09:53:34', '2019-03-05 09:53:34', 219, 24, 100, 'errores', 0),
(3881, '2019-03-05 09:53:34', '2019-03-05 09:53:34', 219, 74, 110, 'total_tantos', 0),
(3882, '2019-03-05 09:53:34', '2019-03-05 09:53:34', 219, 51, 110, 'total_tantos', 0),
(3883, '2019-03-05 09:53:34', '2019-03-05 09:53:34', 219, 7, 110, 'total_tantos', 0),
(3884, '2019-03-05 09:53:34', '2019-03-05 09:53:34', 219, 24, 110, 'total_tantos', 0),
(3885, '2019-03-05 09:53:34', '2019-03-05 09:53:34', 219, 74, 120, 'total_fallos', 0),
(3886, '2019-03-05 09:53:34', '2019-03-05 09:53:34', 219, 51, 120, 'total_fallos', 0),
(3887, '2019-03-05 09:53:34', '2019-03-05 09:53:34', 219, 7, 120, 'total_fallos', 0),
(3888, '2019-03-05 09:53:34', '2019-03-05 09:53:34', 219, 24, 120, 'total_fallos', 0),
(3889, '2019-03-05 09:54:53', '2019-03-05 09:54:53', 241, 77, 10, 'saque', 0),
(3890, '2019-03-05 09:54:53', '2019-03-05 09:54:53', 241, 63, 10, 'saque', 0),
(3891, '2019-03-05 09:54:53', '2019-03-05 09:54:53', 241, 78, 10, 'saque', 0),
(3892, '2019-03-05 09:54:53', '2019-03-05 09:54:53', 241, 57, 10, 'saque', 0),
(3893, '2019-03-05 09:54:53', '2019-03-05 09:54:53', 241, 77, 20, 'dos_paredes', 0),
(3894, '2019-03-05 09:54:53', '2019-03-05 09:54:53', 241, 63, 20, 'dos_paredes', 0),
(3895, '2019-03-05 09:54:53', '2019-03-05 09:54:53', 241, 78, 20, 'dos_paredes', 0),
(3896, '2019-03-05 09:54:53', '2019-03-05 09:54:53', 241, 57, 20, 'dos_paredes', 0),
(3897, '2019-03-05 09:54:53', '2019-03-05 09:54:53', 241, 77, 30, 'dejada', 0),
(3898, '2019-03-05 09:54:53', '2019-03-05 09:54:53', 241, 63, 30, 'dejada', 0),
(3899, '2019-03-05 09:54:53', '2019-03-05 09:54:53', 241, 78, 30, 'dejada', 0),
(3900, '2019-03-05 09:54:53', '2019-03-05 09:54:53', 241, 57, 30, 'dejada', 0),
(3901, '2019-03-05 09:54:53', '2019-03-05 09:54:53', 241, 77, 40, 'aire', 0),
(3902, '2019-03-05 09:54:53', '2019-03-05 09:54:53', 241, 63, 40, 'aire', 0),
(3903, '2019-03-05 09:54:53', '2019-03-05 09:54:53', 241, 78, 40, 'aire', 0),
(3904, '2019-03-05 09:54:53', '2019-03-05 09:54:53', 241, 57, 40, 'aire', 0),
(3905, '2019-03-05 09:54:53', '2019-03-05 09:54:53', 241, 77, 50, 'bote', 0),
(3906, '2019-03-05 09:54:53', '2019-03-05 09:54:53', 241, 63, 50, 'bote', 0),
(3907, '2019-03-05 09:54:53', '2019-03-05 09:54:53', 241, 78, 50, 'bote', 0),
(3908, '2019-03-05 09:54:53', '2019-03-05 09:54:53', 241, 57, 50, 'bote', 0),
(3909, '2019-03-05 09:54:53', '2019-03-05 09:54:53', 241, 77, 60, 'cortadas', 0),
(3910, '2019-03-05 09:54:53', '2019-03-05 09:54:53', 241, 63, 60, 'cortadas', 0),
(3911, '2019-03-05 09:54:53', '2019-03-05 09:54:53', 241, 78, 60, 'cortadas', 0),
(3912, '2019-03-05 09:54:53', '2019-03-05 09:54:53', 241, 57, 60, 'cortadas', 0),
(3913, '2019-03-05 09:54:53', '2019-03-05 09:54:53', 241, 77, 70, 'escapadas', 0),
(3914, '2019-03-05 09:54:53', '2019-03-05 09:54:53', 241, 63, 70, 'escapadas', 0),
(3915, '2019-03-05 09:54:53', '2019-03-05 09:54:53', 241, 78, 70, 'escapadas', 0),
(3916, '2019-03-05 09:54:53', '2019-03-05 09:54:53', 241, 57, 70, 'escapadas', 0),
(3917, '2019-03-05 09:54:53', '2019-03-05 09:54:53', 241, 77, 80, 'atras', 0),
(3918, '2019-03-05 09:54:53', '2019-03-05 09:54:53', 241, 63, 80, 'atras', 0),
(3919, '2019-03-05 09:54:53', '2019-03-05 09:54:53', 241, 78, 80, 'atras', 0),
(3920, '2019-03-05 09:54:53', '2019-03-05 09:54:53', 241, 57, 80, 'atras', 0),
(3921, '2019-03-05 09:54:53', '2019-03-05 09:54:53', 241, 77, 90, 'falta_saque', 0),
(3922, '2019-03-05 09:54:53', '2019-03-05 09:54:53', 241, 63, 90, 'falta_saque', 0),
(3923, '2019-03-05 09:54:53', '2019-03-05 09:54:53', 241, 78, 90, 'falta_saque', 0),
(3924, '2019-03-05 09:54:53', '2019-03-05 09:54:53', 241, 57, 90, 'falta_saque', 0),
(3925, '2019-03-05 09:54:53', '2019-03-05 09:54:53', 241, 77, 100, 'errores', 0),
(3926, '2019-03-05 09:54:53', '2019-03-05 09:54:53', 241, 63, 100, 'errores', 0),
(3927, '2019-03-05 09:54:53', '2019-03-05 09:54:53', 241, 78, 100, 'errores', 0),
(3928, '2019-03-05 09:54:53', '2019-03-05 09:54:53', 241, 57, 100, 'errores', 0),
(3929, '2019-03-05 09:54:53', '2019-03-05 09:54:53', 241, 77, 110, 'total_tantos', 0),
(3930, '2019-03-05 09:54:53', '2019-03-05 09:54:53', 241, 63, 110, 'total_tantos', 0),
(3931, '2019-03-05 09:54:53', '2019-03-05 09:54:53', 241, 78, 110, 'total_tantos', 0),
(3932, '2019-03-05 09:54:53', '2019-03-05 09:54:53', 241, 57, 110, 'total_tantos', 0),
(3933, '2019-03-05 09:54:53', '2019-03-05 09:54:53', 241, 77, 120, 'total_fallos', 0),
(3934, '2019-03-05 09:54:53', '2019-03-05 09:54:53', 241, 63, 120, 'total_fallos', 0),
(3935, '2019-03-05 09:54:53', '2019-03-05 09:54:53', 241, 78, 120, 'total_fallos', 0),
(3936, '2019-03-05 09:54:53', '2019-03-05 09:54:53', 241, 57, 120, 'total_fallos', 0),
(3937, '2019-03-05 10:00:12', '2019-03-05 10:00:12', 230, 2, 10, 'saque', 0),
(3938, '2019-03-05 10:00:12', '2019-03-05 10:00:12', 230, 21, 10, 'saque', 0),
(3939, '2019-03-05 10:00:12', '2019-03-05 10:00:12', 230, 55, 10, 'saque', 0),
(3940, '2019-03-05 10:00:12', '2019-03-05 10:00:12', 230, 46, 10, 'saque', 0),
(3941, '2019-03-05 10:00:12', '2019-03-05 10:00:12', 230, 2, 20, 'dos_paredes', 0),
(3942, '2019-03-05 10:00:12', '2019-03-05 10:00:12', 230, 21, 20, 'dos_paredes', 0),
(3943, '2019-03-05 10:00:12', '2019-03-05 10:00:12', 230, 55, 20, 'dos_paredes', 0),
(3944, '2019-03-05 10:00:12', '2019-03-05 10:00:12', 230, 46, 20, 'dos_paredes', 0),
(3945, '2019-03-05 10:00:12', '2019-03-05 10:00:12', 230, 2, 30, 'dejada', 0),
(3946, '2019-03-05 10:00:12', '2019-03-05 10:00:12', 230, 21, 30, 'dejada', 0);
INSERT INTO `festival_partido_tanteo` (`id`, `created_at`, `updated_at`, `festival_partido_id`, `pelotari_id`, `tanteo_order`, `tanteo_desc`, `tanteo`) VALUES
(3947, '2019-03-05 10:00:12', '2019-03-05 10:00:12', 230, 55, 30, 'dejada', 0),
(3948, '2019-03-05 10:00:12', '2019-03-05 10:00:12', 230, 46, 30, 'dejada', 0),
(3949, '2019-03-05 10:00:12', '2019-03-05 10:00:12', 230, 2, 40, 'aire', 0),
(3950, '2019-03-05 10:00:12', '2019-03-05 10:00:12', 230, 21, 40, 'aire', 0),
(3951, '2019-03-05 10:00:12', '2019-03-05 10:00:12', 230, 55, 40, 'aire', 0),
(3952, '2019-03-05 10:00:12', '2019-03-05 10:00:12', 230, 46, 40, 'aire', 0),
(3953, '2019-03-05 10:00:12', '2019-03-05 10:00:12', 230, 2, 50, 'bote', 0),
(3954, '2019-03-05 10:00:12', '2019-03-05 10:00:12', 230, 21, 50, 'bote', 0),
(3955, '2019-03-05 10:00:12', '2019-03-05 10:00:12', 230, 55, 50, 'bote', 0),
(3956, '2019-03-05 10:00:12', '2019-03-05 10:00:12', 230, 46, 50, 'bote', 0),
(3957, '2019-03-05 10:00:12', '2019-03-05 10:00:12', 230, 2, 60, 'cortadas', 0),
(3958, '2019-03-05 10:00:12', '2019-03-05 10:00:12', 230, 21, 60, 'cortadas', 0),
(3959, '2019-03-05 10:00:12', '2019-03-05 10:00:12', 230, 55, 60, 'cortadas', 0),
(3960, '2019-03-05 10:00:12', '2019-03-05 10:00:12', 230, 46, 60, 'cortadas', 0),
(3961, '2019-03-05 10:00:12', '2019-03-05 10:00:12', 230, 2, 70, 'escapadas', 0),
(3962, '2019-03-05 10:00:12', '2019-03-05 10:00:12', 230, 21, 70, 'escapadas', 0),
(3963, '2019-03-05 10:00:12', '2019-03-05 10:00:12', 230, 55, 70, 'escapadas', 0),
(3964, '2019-03-05 10:00:12', '2019-03-05 10:00:12', 230, 46, 70, 'escapadas', 0),
(3965, '2019-03-05 10:00:12', '2019-03-05 10:00:12', 230, 2, 80, 'atras', 0),
(3966, '2019-03-05 10:00:12', '2019-03-05 10:00:12', 230, 21, 80, 'atras', 0),
(3967, '2019-03-05 10:00:12', '2019-03-05 10:00:12', 230, 55, 80, 'atras', 0),
(3968, '2019-03-05 10:00:12', '2019-03-05 10:00:12', 230, 46, 80, 'atras', 0),
(3969, '2019-03-05 10:00:12', '2019-03-05 10:00:12', 230, 2, 90, 'falta_saque', 0),
(3970, '2019-03-05 10:00:12', '2019-03-05 10:00:12', 230, 21, 90, 'falta_saque', 0),
(3971, '2019-03-05 10:00:12', '2019-03-05 10:00:12', 230, 55, 90, 'falta_saque', 0),
(3972, '2019-03-05 10:00:12', '2019-03-05 10:00:12', 230, 46, 90, 'falta_saque', 0),
(3973, '2019-03-05 10:00:12', '2019-03-05 10:00:12', 230, 2, 100, 'errores', 0),
(3974, '2019-03-05 10:00:12', '2019-03-05 10:00:12', 230, 21, 100, 'errores', 0),
(3975, '2019-03-05 10:00:12', '2019-03-05 10:00:12', 230, 55, 100, 'errores', 0),
(3976, '2019-03-05 10:00:12', '2019-03-05 10:00:12', 230, 46, 100, 'errores', 0),
(3977, '2019-03-05 10:00:12', '2019-03-05 10:00:12', 230, 2, 110, 'total_tantos', 0),
(3978, '2019-03-05 10:00:12', '2019-03-05 10:00:12', 230, 21, 110, 'total_tantos', 0),
(3979, '2019-03-05 10:00:12', '2019-03-05 10:00:12', 230, 55, 110, 'total_tantos', 0),
(3980, '2019-03-05 10:00:12', '2019-03-05 10:00:12', 230, 46, 110, 'total_tantos', 0),
(3981, '2019-03-05 10:00:12', '2019-03-05 10:00:12', 230, 2, 120, 'total_fallos', 0),
(3982, '2019-03-05 10:00:12', '2019-03-05 10:00:12', 230, 21, 120, 'total_fallos', 0),
(3983, '2019-03-05 10:00:12', '2019-03-05 10:00:12', 230, 55, 120, 'total_fallos', 0),
(3984, '2019-03-05 10:00:12', '2019-03-05 10:00:12', 230, 46, 120, 'total_fallos', 0),
(3985, '2019-03-05 10:00:33', '2019-03-05 10:00:33', 231, 9, 10, 'saque', 0),
(3986, '2019-03-05 10:00:33', '2019-03-05 10:00:33', 231, 24, 10, 'saque', 0),
(3987, '2019-03-05 10:00:33', '2019-03-05 10:00:33', 231, 66, 10, 'saque', 0),
(3988, '2019-03-05 10:00:33', '2019-03-05 10:00:33', 231, 67, 10, 'saque', 0),
(3989, '2019-03-05 10:00:33', '2019-03-05 10:00:33', 231, 9, 20, 'dos_paredes', 0),
(3990, '2019-03-05 10:00:33', '2019-03-05 10:00:33', 231, 24, 20, 'dos_paredes', 0),
(3991, '2019-03-05 10:00:33', '2019-03-05 10:00:33', 231, 66, 20, 'dos_paredes', 0),
(3992, '2019-03-05 10:00:33', '2019-03-05 10:00:33', 231, 67, 20, 'dos_paredes', 0),
(3993, '2019-03-05 10:00:33', '2019-03-05 10:00:33', 231, 9, 30, 'dejada', 0),
(3994, '2019-03-05 10:00:33', '2019-03-05 10:00:33', 231, 24, 30, 'dejada', 0),
(3995, '2019-03-05 10:00:33', '2019-03-05 10:00:33', 231, 66, 30, 'dejada', 0),
(3996, '2019-03-05 10:00:33', '2019-03-05 10:00:33', 231, 67, 30, 'dejada', 0),
(3997, '2019-03-05 10:00:33', '2019-03-05 10:00:33', 231, 9, 40, 'aire', 0),
(3998, '2019-03-05 10:00:33', '2019-03-05 10:00:33', 231, 24, 40, 'aire', 0),
(3999, '2019-03-05 10:00:33', '2019-03-05 10:00:33', 231, 66, 40, 'aire', 0),
(4000, '2019-03-05 10:00:33', '2019-03-05 10:00:33', 231, 67, 40, 'aire', 0),
(4001, '2019-03-05 10:00:33', '2019-03-05 10:00:33', 231, 9, 50, 'bote', 0),
(4002, '2019-03-05 10:00:33', '2019-03-05 10:00:33', 231, 24, 50, 'bote', 0),
(4003, '2019-03-05 10:00:33', '2019-03-05 10:00:33', 231, 66, 50, 'bote', 0),
(4004, '2019-03-05 10:00:33', '2019-03-05 10:00:33', 231, 67, 50, 'bote', 0),
(4005, '2019-03-05 10:00:33', '2019-03-05 10:00:33', 231, 9, 60, 'cortadas', 0),
(4006, '2019-03-05 10:00:33', '2019-03-05 10:00:33', 231, 24, 60, 'cortadas', 0),
(4007, '2019-03-05 10:00:33', '2019-03-05 10:00:33', 231, 66, 60, 'cortadas', 0),
(4008, '2019-03-05 10:00:33', '2019-03-05 10:00:33', 231, 67, 60, 'cortadas', 0),
(4009, '2019-03-05 10:00:33', '2019-03-05 10:00:33', 231, 9, 70, 'escapadas', 0),
(4010, '2019-03-05 10:00:33', '2019-03-05 10:00:33', 231, 24, 70, 'escapadas', 0),
(4011, '2019-03-05 10:00:33', '2019-03-05 10:00:33', 231, 66, 70, 'escapadas', 0),
(4012, '2019-03-05 10:00:33', '2019-03-05 10:00:33', 231, 67, 70, 'escapadas', 0),
(4013, '2019-03-05 10:00:33', '2019-03-05 10:00:33', 231, 9, 80, 'atras', 0),
(4014, '2019-03-05 10:00:33', '2019-03-05 10:00:33', 231, 24, 80, 'atras', 0),
(4015, '2019-03-05 10:00:33', '2019-03-05 10:00:33', 231, 66, 80, 'atras', 0),
(4016, '2019-03-05 10:00:33', '2019-03-05 10:00:33', 231, 67, 80, 'atras', 0),
(4017, '2019-03-05 10:00:33', '2019-03-05 10:00:33', 231, 9, 90, 'falta_saque', 0),
(4018, '2019-03-05 10:00:33', '2019-03-05 10:00:33', 231, 24, 90, 'falta_saque', 0),
(4019, '2019-03-05 10:00:33', '2019-03-05 10:00:33', 231, 66, 90, 'falta_saque', 0),
(4020, '2019-03-05 10:00:33', '2019-03-05 10:00:33', 231, 67, 90, 'falta_saque', 0),
(4021, '2019-03-05 10:00:33', '2019-03-05 10:00:33', 231, 9, 100, 'errores', 0),
(4022, '2019-03-05 10:00:33', '2019-03-05 10:00:33', 231, 24, 100, 'errores', 0),
(4023, '2019-03-05 10:00:33', '2019-03-05 10:00:33', 231, 66, 100, 'errores', 0),
(4024, '2019-03-05 10:00:33', '2019-03-05 10:00:33', 231, 67, 100, 'errores', 0),
(4025, '2019-03-05 10:00:33', '2019-03-05 10:00:33', 231, 9, 110, 'total_tantos', 0),
(4026, '2019-03-05 10:00:33', '2019-03-05 10:00:33', 231, 24, 110, 'total_tantos', 0),
(4027, '2019-03-05 10:00:33', '2019-03-05 10:00:33', 231, 66, 110, 'total_tantos', 0),
(4028, '2019-03-05 10:00:33', '2019-03-05 10:00:33', 231, 67, 110, 'total_tantos', 0),
(4029, '2019-03-05 10:00:33', '2019-03-05 10:00:33', 231, 9, 120, 'total_fallos', 0),
(4030, '2019-03-05 10:00:33', '2019-03-05 10:00:33', 231, 24, 120, 'total_fallos', 0),
(4031, '2019-03-05 10:00:33', '2019-03-05 10:00:33', 231, 66, 120, 'total_fallos', 0),
(4032, '2019-03-05 10:00:33', '2019-03-05 10:00:33', 231, 67, 120, 'total_fallos', 0),
(4033, '2019-03-05 10:00:51', '2019-03-05 10:00:51', 232, 53, 10, 'saque', 0),
(4034, '2019-03-05 10:00:51', '2019-03-05 10:00:51', 232, 58, 10, 'saque', 0),
(4035, '2019-03-05 10:00:51', '2019-03-05 10:00:51', 232, 4, 10, 'saque', 0),
(4036, '2019-03-05 10:00:51', '2019-03-05 10:00:51', 232, 5, 10, 'saque', 0),
(4037, '2019-03-05 10:00:51', '2019-03-05 10:00:51', 232, 53, 20, 'dos_paredes', 0),
(4038, '2019-03-05 10:00:51', '2019-03-05 10:00:51', 232, 58, 20, 'dos_paredes', 0),
(4039, '2019-03-05 10:00:51', '2019-03-05 10:00:51', 232, 4, 20, 'dos_paredes', 0),
(4040, '2019-03-05 10:00:51', '2019-03-05 10:00:51', 232, 5, 20, 'dos_paredes', 0),
(4041, '2019-03-05 10:00:51', '2019-03-05 10:00:51', 232, 53, 30, 'dejada', 0),
(4042, '2019-03-05 10:00:51', '2019-03-05 10:00:51', 232, 58, 30, 'dejada', 0),
(4043, '2019-03-05 10:00:51', '2019-03-05 10:00:51', 232, 4, 30, 'dejada', 0),
(4044, '2019-03-05 10:00:51', '2019-03-05 10:00:51', 232, 5, 30, 'dejada', 0),
(4045, '2019-03-05 10:00:51', '2019-03-05 10:00:51', 232, 53, 40, 'aire', 0),
(4046, '2019-03-05 10:00:51', '2019-03-05 10:00:51', 232, 58, 40, 'aire', 0),
(4047, '2019-03-05 10:00:51', '2019-03-05 10:00:51', 232, 4, 40, 'aire', 0),
(4048, '2019-03-05 10:00:51', '2019-03-05 10:00:51', 232, 5, 40, 'aire', 0),
(4049, '2019-03-05 10:00:51', '2019-03-05 10:00:51', 232, 53, 50, 'bote', 0),
(4050, '2019-03-05 10:00:51', '2019-03-05 10:00:51', 232, 58, 50, 'bote', 0),
(4051, '2019-03-05 10:00:51', '2019-03-05 10:00:51', 232, 4, 50, 'bote', 0),
(4052, '2019-03-05 10:00:51', '2019-03-05 10:00:51', 232, 5, 50, 'bote', 0),
(4053, '2019-03-05 10:00:51', '2019-03-05 10:00:51', 232, 53, 60, 'cortadas', 0),
(4054, '2019-03-05 10:00:51', '2019-03-05 10:00:51', 232, 58, 60, 'cortadas', 0),
(4055, '2019-03-05 10:00:51', '2019-03-05 10:00:51', 232, 4, 60, 'cortadas', 0),
(4056, '2019-03-05 10:00:51', '2019-03-05 10:00:51', 232, 5, 60, 'cortadas', 0),
(4057, '2019-03-05 10:00:51', '2019-03-05 10:00:51', 232, 53, 70, 'escapadas', 0),
(4058, '2019-03-05 10:00:51', '2019-03-05 10:00:51', 232, 58, 70, 'escapadas', 0),
(4059, '2019-03-05 10:00:51', '2019-03-05 10:00:51', 232, 4, 70, 'escapadas', 0),
(4060, '2019-03-05 10:00:51', '2019-03-05 10:00:51', 232, 5, 70, 'escapadas', 0),
(4061, '2019-03-05 10:00:51', '2019-03-05 10:00:51', 232, 53, 80, 'atras', 0),
(4062, '2019-03-05 10:00:51', '2019-03-05 10:00:51', 232, 58, 80, 'atras', 0),
(4063, '2019-03-05 10:00:51', '2019-03-05 10:00:51', 232, 4, 80, 'atras', 0),
(4064, '2019-03-05 10:00:51', '2019-03-05 10:00:51', 232, 5, 80, 'atras', 0),
(4065, '2019-03-05 10:00:51', '2019-03-05 10:00:51', 232, 53, 90, 'falta_saque', 0),
(4066, '2019-03-05 10:00:51', '2019-03-05 10:00:51', 232, 58, 90, 'falta_saque', 0),
(4067, '2019-03-05 10:00:51', '2019-03-05 10:00:51', 232, 4, 90, 'falta_saque', 0),
(4068, '2019-03-05 10:00:51', '2019-03-05 10:00:51', 232, 5, 90, 'falta_saque', 0),
(4069, '2019-03-05 10:00:51', '2019-03-05 10:00:51', 232, 53, 100, 'errores', 0),
(4070, '2019-03-05 10:00:51', '2019-03-05 10:00:51', 232, 58, 100, 'errores', 0),
(4071, '2019-03-05 10:00:51', '2019-03-05 10:00:51', 232, 4, 100, 'errores', 0),
(4072, '2019-03-05 10:00:51', '2019-03-05 10:00:51', 232, 5, 100, 'errores', 0),
(4073, '2019-03-05 10:00:51', '2019-03-05 10:00:51', 232, 53, 110, 'total_tantos', 0),
(4074, '2019-03-05 10:00:51', '2019-03-05 10:00:51', 232, 58, 110, 'total_tantos', 0),
(4075, '2019-03-05 10:00:51', '2019-03-05 10:00:51', 232, 4, 110, 'total_tantos', 0),
(4076, '2019-03-05 10:00:51', '2019-03-05 10:00:51', 232, 5, 110, 'total_tantos', 0),
(4077, '2019-03-05 10:00:51', '2019-03-05 10:00:51', 232, 53, 120, 'total_fallos', 0),
(4078, '2019-03-05 10:00:51', '2019-03-05 10:00:51', 232, 58, 120, 'total_fallos', 0),
(4079, '2019-03-05 10:00:51', '2019-03-05 10:00:51', 232, 4, 120, 'total_fallos', 0),
(4080, '2019-03-05 10:00:51', '2019-03-05 10:00:51', 232, 5, 120, 'total_fallos', 0),
(4081, '2019-03-10 19:40:53', '2019-03-10 19:40:53', 233, 14, 10, 'saque', 0),
(4082, '2019-03-10 19:40:53', '2019-03-10 19:40:53', 233, 20, 10, 'saque', 0),
(4083, '2019-03-10 19:40:53', '2019-03-10 19:40:53', 233, 77, 10, 'saque', 0),
(4084, '2019-03-10 19:40:53', '2019-03-10 19:40:53', 233, 59, 10, 'saque', 0),
(4085, '2019-03-10 19:40:53', '2019-03-10 19:40:53', 233, 14, 20, 'dos_paredes', 0),
(4086, '2019-03-10 19:40:53', '2019-03-10 19:40:53', 233, 20, 20, 'dos_paredes', 0),
(4087, '2019-03-10 19:40:53', '2019-03-10 19:40:53', 233, 77, 20, 'dos_paredes', 0),
(4088, '2019-03-10 19:40:53', '2019-03-10 19:40:53', 233, 59, 20, 'dos_paredes', 0),
(4089, '2019-03-10 19:40:53', '2019-03-10 19:40:53', 233, 14, 30, 'dejada', 0),
(4090, '2019-03-10 19:40:53', '2019-03-10 19:40:53', 233, 20, 30, 'dejada', 0),
(4091, '2019-03-10 19:40:53', '2019-03-10 19:40:53', 233, 77, 30, 'dejada', 0),
(4092, '2019-03-10 19:40:53', '2019-03-10 19:40:53', 233, 59, 30, 'dejada', 0),
(4093, '2019-03-10 19:40:53', '2019-03-10 19:40:53', 233, 14, 40, 'aire', 0),
(4094, '2019-03-10 19:40:53', '2019-03-10 19:40:53', 233, 20, 40, 'aire', 0),
(4095, '2019-03-10 19:40:53', '2019-03-10 19:40:53', 233, 77, 40, 'aire', 0),
(4096, '2019-03-10 19:40:53', '2019-03-10 19:40:53', 233, 59, 40, 'aire', 0),
(4097, '2019-03-10 19:40:53', '2019-03-10 19:40:53', 233, 14, 50, 'bote', 0),
(4098, '2019-03-10 19:40:53', '2019-03-10 19:40:53', 233, 20, 50, 'bote', 0),
(4099, '2019-03-10 19:40:53', '2019-03-10 19:40:53', 233, 77, 50, 'bote', 0),
(4100, '2019-03-10 19:40:53', '2019-03-10 19:40:53', 233, 59, 50, 'bote', 0),
(4101, '2019-03-10 19:40:53', '2019-03-10 19:40:53', 233, 14, 60, 'cortadas', 0),
(4102, '2019-03-10 19:40:53', '2019-03-10 19:40:53', 233, 20, 60, 'cortadas', 0),
(4103, '2019-03-10 19:40:53', '2019-03-10 19:40:53', 233, 77, 60, 'cortadas', 0),
(4104, '2019-03-10 19:40:53', '2019-03-10 19:40:53', 233, 59, 60, 'cortadas', 0),
(4105, '2019-03-10 19:40:53', '2019-03-10 19:40:53', 233, 14, 70, 'escapadas', 0),
(4106, '2019-03-10 19:40:53', '2019-03-10 19:40:53', 233, 20, 70, 'escapadas', 0),
(4107, '2019-03-10 19:40:53', '2019-03-10 19:40:53', 233, 77, 70, 'escapadas', 0),
(4108, '2019-03-10 19:40:53', '2019-03-10 19:40:53', 233, 59, 70, 'escapadas', 0),
(4109, '2019-03-10 19:40:53', '2019-03-10 19:40:53', 233, 14, 80, 'atras', 0),
(4110, '2019-03-10 19:40:53', '2019-03-10 19:40:53', 233, 20, 80, 'atras', 0),
(4111, '2019-03-10 19:40:53', '2019-03-10 19:40:53', 233, 77, 80, 'atras', 0),
(4112, '2019-03-10 19:40:53', '2019-03-10 19:40:53', 233, 59, 80, 'atras', 0),
(4113, '2019-03-10 19:40:53', '2019-03-10 19:40:53', 233, 14, 90, 'falta_saque', 0),
(4114, '2019-03-10 19:40:53', '2019-03-10 19:40:53', 233, 20, 90, 'falta_saque', 0),
(4115, '2019-03-10 19:40:53', '2019-03-10 19:40:53', 233, 77, 90, 'falta_saque', 0),
(4116, '2019-03-10 19:40:53', '2019-03-10 19:40:53', 233, 59, 90, 'falta_saque', 0),
(4117, '2019-03-10 19:40:53', '2019-03-10 19:40:53', 233, 14, 100, 'errores', 0),
(4118, '2019-03-10 19:40:53', '2019-03-10 19:40:53', 233, 20, 100, 'errores', 0),
(4119, '2019-03-10 19:40:53', '2019-03-10 19:40:53', 233, 77, 100, 'errores', 0),
(4120, '2019-03-10 19:40:53', '2019-03-10 19:40:53', 233, 59, 100, 'errores', 0),
(4121, '2019-03-10 19:40:53', '2019-03-10 19:40:53', 233, 14, 110, 'total_tantos', 0),
(4122, '2019-03-10 19:40:53', '2019-03-10 19:40:53', 233, 20, 110, 'total_tantos', 0),
(4123, '2019-03-10 19:40:53', '2019-03-10 19:40:53', 233, 77, 110, 'total_tantos', 0),
(4124, '2019-03-10 19:40:53', '2019-03-10 19:40:53', 233, 59, 110, 'total_tantos', 0),
(4125, '2019-03-10 19:40:53', '2019-03-10 19:40:53', 233, 14, 120, 'total_fallos', 0),
(4126, '2019-03-10 19:40:53', '2019-03-10 19:40:53', 233, 20, 120, 'total_fallos', 0),
(4127, '2019-03-10 19:40:53', '2019-03-10 19:40:53', 233, 77, 120, 'total_fallos', 0),
(4128, '2019-03-10 19:40:53', '2019-03-10 19:40:53', 233, 59, 120, 'total_fallos', 0),
(4129, '2019-03-10 19:41:10', '2019-03-10 19:41:10', 234, 56, 10, 'saque', 0),
(4130, '2019-03-10 19:41:10', '2019-03-10 19:41:10', 234, 65, 10, 'saque', 0),
(4131, '2019-03-10 19:41:10', '2019-03-10 19:41:10', 234, 6, 10, 'saque', 0),
(4132, '2019-03-10 19:41:10', '2019-03-10 19:41:10', 234, 28, 10, 'saque', 0),
(4133, '2019-03-10 19:41:10', '2019-03-10 19:41:10', 234, 56, 20, 'dos_paredes', 0),
(4134, '2019-03-10 19:41:10', '2019-03-10 19:41:10', 234, 65, 20, 'dos_paredes', 0),
(4135, '2019-03-10 19:41:10', '2019-03-10 19:41:10', 234, 6, 20, 'dos_paredes', 0),
(4136, '2019-03-10 19:41:10', '2019-03-10 19:41:10', 234, 28, 20, 'dos_paredes', 0),
(4137, '2019-03-10 19:41:10', '2019-03-10 19:41:10', 234, 56, 30, 'dejada', 0),
(4138, '2019-03-10 19:41:10', '2019-03-10 19:41:10', 234, 65, 30, 'dejada', 0),
(4139, '2019-03-10 19:41:10', '2019-03-10 19:41:10', 234, 6, 30, 'dejada', 0),
(4140, '2019-03-10 19:41:10', '2019-03-10 19:41:10', 234, 28, 30, 'dejada', 0),
(4141, '2019-03-10 19:41:10', '2019-03-10 19:41:10', 234, 56, 40, 'aire', 0),
(4142, '2019-03-10 19:41:10', '2019-03-10 19:41:10', 234, 65, 40, 'aire', 0),
(4143, '2019-03-10 19:41:10', '2019-03-10 19:41:10', 234, 6, 40, 'aire', 0),
(4144, '2019-03-10 19:41:10', '2019-03-10 19:41:10', 234, 28, 40, 'aire', 0),
(4145, '2019-03-10 19:41:10', '2019-03-10 19:41:10', 234, 56, 50, 'bote', 0),
(4146, '2019-03-10 19:41:10', '2019-03-10 19:41:10', 234, 65, 50, 'bote', 0),
(4147, '2019-03-10 19:41:10', '2019-03-10 19:41:10', 234, 6, 50, 'bote', 0),
(4148, '2019-03-10 19:41:10', '2019-03-10 19:41:10', 234, 28, 50, 'bote', 0),
(4149, '2019-03-10 19:41:10', '2019-03-10 19:41:10', 234, 56, 60, 'cortadas', 0),
(4150, '2019-03-10 19:41:10', '2019-03-10 19:41:10', 234, 65, 60, 'cortadas', 0),
(4151, '2019-03-10 19:41:10', '2019-03-10 19:41:10', 234, 6, 60, 'cortadas', 0),
(4152, '2019-03-10 19:41:10', '2019-03-10 19:41:10', 234, 28, 60, 'cortadas', 0),
(4153, '2019-03-10 19:41:10', '2019-03-10 19:41:10', 234, 56, 70, 'escapadas', 0),
(4154, '2019-03-10 19:41:10', '2019-03-10 19:41:10', 234, 65, 70, 'escapadas', 0),
(4155, '2019-03-10 19:41:10', '2019-03-10 19:41:10', 234, 6, 70, 'escapadas', 0),
(4156, '2019-03-10 19:41:10', '2019-03-10 19:41:10', 234, 28, 70, 'escapadas', 0),
(4157, '2019-03-10 19:41:10', '2019-03-10 19:41:10', 234, 56, 80, 'atras', 0),
(4158, '2019-03-10 19:41:10', '2019-03-10 19:41:10', 234, 65, 80, 'atras', 0),
(4159, '2019-03-10 19:41:10', '2019-03-10 19:41:10', 234, 6, 80, 'atras', 0),
(4160, '2019-03-10 19:41:10', '2019-03-10 19:41:10', 234, 28, 80, 'atras', 0),
(4161, '2019-03-10 19:41:10', '2019-03-10 19:41:10', 234, 56, 90, 'falta_saque', 0),
(4162, '2019-03-10 19:41:10', '2019-03-10 19:41:10', 234, 65, 90, 'falta_saque', 0),
(4163, '2019-03-10 19:41:10', '2019-03-10 19:41:10', 234, 6, 90, 'falta_saque', 0),
(4164, '2019-03-10 19:41:10', '2019-03-10 19:41:10', 234, 28, 90, 'falta_saque', 0),
(4165, '2019-03-10 19:41:10', '2019-03-10 19:41:10', 234, 56, 100, 'errores', 0),
(4166, '2019-03-10 19:41:10', '2019-03-10 19:41:10', 234, 65, 100, 'errores', 0),
(4167, '2019-03-10 19:41:10', '2019-03-10 19:41:10', 234, 6, 100, 'errores', 0),
(4168, '2019-03-10 19:41:10', '2019-03-10 19:41:10', 234, 28, 100, 'errores', 0),
(4169, '2019-03-10 19:41:10', '2019-03-10 19:41:10', 234, 56, 110, 'total_tantos', 0),
(4170, '2019-03-10 19:41:10', '2019-03-10 19:41:10', 234, 65, 110, 'total_tantos', 0),
(4171, '2019-03-10 19:41:10', '2019-03-10 19:41:10', 234, 6, 110, 'total_tantos', 0),
(4172, '2019-03-10 19:41:10', '2019-03-10 19:41:10', 234, 28, 110, 'total_tantos', 0),
(4173, '2019-03-10 19:41:10', '2019-03-10 19:41:10', 234, 56, 120, 'total_fallos', 0),
(4174, '2019-03-10 19:41:10', '2019-03-10 19:41:10', 234, 65, 120, 'total_fallos', 0),
(4175, '2019-03-10 19:41:10', '2019-03-10 19:41:10', 234, 6, 120, 'total_fallos', 0),
(4176, '2019-03-10 19:41:10', '2019-03-10 19:41:10', 234, 28, 120, 'total_fallos', 0),
(4177, '2019-03-14 10:49:51', '2019-03-14 10:49:51', 239, 44, 10, 'saque', 0),
(4178, '2019-03-14 10:49:51', '2019-03-14 10:49:51', 239, 70, 10, 'saque', 0),
(4179, '2019-03-14 10:49:51', '2019-03-14 10:49:51', 239, 22, 10, 'saque', 0),
(4180, '2019-03-14 10:49:51', '2019-03-14 10:49:51', 239, 10, 10, 'saque', 0),
(4181, '2019-03-14 10:49:51', '2019-03-14 10:49:51', 239, 44, 20, 'dos_paredes', 0),
(4182, '2019-03-14 10:49:51', '2019-03-14 10:49:51', 239, 70, 20, 'dos_paredes', 0),
(4183, '2019-03-14 10:49:51', '2019-03-14 10:49:51', 239, 22, 20, 'dos_paredes', 0),
(4184, '2019-03-14 10:49:51', '2019-03-14 10:49:51', 239, 10, 20, 'dos_paredes', 0),
(4185, '2019-03-14 10:49:51', '2019-03-14 10:49:51', 239, 44, 30, 'dejada', 0),
(4186, '2019-03-14 10:49:51', '2019-03-14 10:49:51', 239, 70, 30, 'dejada', 0),
(4187, '2019-03-14 10:49:51', '2019-03-14 10:49:51', 239, 22, 30, 'dejada', 0),
(4188, '2019-03-14 10:49:51', '2019-03-14 10:49:51', 239, 10, 30, 'dejada', 0),
(4189, '2019-03-14 10:49:51', '2019-03-14 10:49:51', 239, 44, 40, 'aire', 0),
(4190, '2019-03-14 10:49:51', '2019-03-14 10:49:51', 239, 70, 40, 'aire', 0),
(4191, '2019-03-14 10:49:51', '2019-03-14 10:49:51', 239, 22, 40, 'aire', 0),
(4192, '2019-03-14 10:49:51', '2019-03-14 10:49:51', 239, 10, 40, 'aire', 0),
(4193, '2019-03-14 10:49:51', '2019-03-14 10:49:51', 239, 44, 50, 'bote', 0),
(4194, '2019-03-14 10:49:51', '2019-03-14 10:49:51', 239, 70, 50, 'bote', 0),
(4195, '2019-03-14 10:49:51', '2019-03-14 10:49:51', 239, 22, 50, 'bote', 0),
(4196, '2019-03-14 10:49:51', '2019-03-14 10:49:51', 239, 10, 50, 'bote', 0),
(4197, '2019-03-14 10:49:51', '2019-03-14 10:49:51', 239, 44, 60, 'cortadas', 0),
(4198, '2019-03-14 10:49:51', '2019-03-14 10:49:51', 239, 70, 60, 'cortadas', 0),
(4199, '2019-03-14 10:49:51', '2019-03-14 10:49:51', 239, 22, 60, 'cortadas', 0),
(4200, '2019-03-14 10:49:51', '2019-03-14 10:49:51', 239, 10, 60, 'cortadas', 0),
(4201, '2019-03-14 10:49:51', '2019-03-14 10:49:51', 239, 44, 70, 'escapadas', 0),
(4202, '2019-03-14 10:49:51', '2019-03-14 10:49:51', 239, 70, 70, 'escapadas', 0),
(4203, '2019-03-14 10:49:51', '2019-03-14 10:49:51', 239, 22, 70, 'escapadas', 0),
(4204, '2019-03-14 10:49:51', '2019-03-14 10:49:51', 239, 10, 70, 'escapadas', 0),
(4205, '2019-03-14 10:49:51', '2019-03-14 10:49:51', 239, 44, 80, 'atras', 0),
(4206, '2019-03-14 10:49:51', '2019-03-14 10:49:51', 239, 70, 80, 'atras', 0),
(4207, '2019-03-14 10:49:51', '2019-03-14 10:49:51', 239, 22, 80, 'atras', 0),
(4208, '2019-03-14 10:49:51', '2019-03-14 10:49:51', 239, 10, 80, 'atras', 0),
(4209, '2019-03-14 10:49:51', '2019-03-14 10:49:51', 239, 44, 90, 'falta_saque', 0),
(4210, '2019-03-14 10:49:51', '2019-03-14 10:49:51', 239, 70, 90, 'falta_saque', 0),
(4211, '2019-03-14 10:49:51', '2019-03-14 10:49:51', 239, 22, 90, 'falta_saque', 0),
(4212, '2019-03-14 10:49:51', '2019-03-14 10:49:51', 239, 10, 90, 'falta_saque', 0),
(4213, '2019-03-14 10:49:51', '2019-03-14 10:49:51', 239, 44, 100, 'errores', 0),
(4214, '2019-03-14 10:49:51', '2019-03-14 10:49:51', 239, 70, 100, 'errores', 0),
(4215, '2019-03-14 10:49:51', '2019-03-14 10:49:51', 239, 22, 100, 'errores', 0),
(4216, '2019-03-14 10:49:51', '2019-03-14 10:49:51', 239, 10, 100, 'errores', 0),
(4217, '2019-03-14 10:49:51', '2019-03-14 10:49:51', 239, 44, 110, 'total_tantos', 0),
(4218, '2019-03-14 10:49:51', '2019-03-14 10:49:51', 239, 70, 110, 'total_tantos', 0),
(4219, '2019-03-14 10:49:51', '2019-03-14 10:49:51', 239, 22, 110, 'total_tantos', 0),
(4220, '2019-03-14 10:49:51', '2019-03-14 10:49:51', 239, 10, 110, 'total_tantos', 0),
(4221, '2019-03-14 10:49:51', '2019-03-14 10:49:51', 239, 44, 120, 'total_fallos', 0),
(4222, '2019-03-14 10:49:51', '2019-03-14 10:49:51', 239, 70, 120, 'total_fallos', 0),
(4223, '2019-03-14 10:49:51', '2019-03-14 10:49:51', 239, 22, 120, 'total_fallos', 0),
(4224, '2019-03-14 10:49:51', '2019-03-14 10:49:51', 239, 10, 120, 'total_fallos', 0),
(4225, '2019-03-14 10:52:55', '2019-03-14 10:52:55', 236, 18, 10, 'saque', 0),
(4226, '2019-03-14 10:52:55', '2019-03-14 10:52:55', 236, 29, 10, 'saque', 0),
(4227, '2019-03-14 10:52:55', '2019-03-14 10:52:55', 236, 9, 10, 'saque', 0),
(4228, '2019-03-14 10:52:55', '2019-03-14 10:52:55', 236, 20, 10, 'saque', 0),
(4229, '2019-03-14 10:52:55', '2019-03-14 10:52:55', 236, 18, 20, 'dos_paredes', 0),
(4230, '2019-03-14 10:52:55', '2019-03-14 10:52:55', 236, 29, 20, 'dos_paredes', 0),
(4231, '2019-03-14 10:52:55', '2019-03-14 10:52:55', 236, 9, 20, 'dos_paredes', 0),
(4232, '2019-03-14 10:52:55', '2019-03-14 10:52:55', 236, 20, 20, 'dos_paredes', 0),
(4233, '2019-03-14 10:52:55', '2019-03-14 10:52:55', 236, 18, 30, 'dejada', 0),
(4234, '2019-03-14 10:52:55', '2019-03-14 10:52:55', 236, 29, 30, 'dejada', 0),
(4235, '2019-03-14 10:52:55', '2019-03-14 10:52:55', 236, 9, 30, 'dejada', 0),
(4236, '2019-03-14 10:52:55', '2019-03-14 10:52:55', 236, 20, 30, 'dejada', 0),
(4237, '2019-03-14 10:52:55', '2019-03-14 10:52:55', 236, 18, 40, 'aire', 0),
(4238, '2019-03-14 10:52:55', '2019-03-14 10:52:55', 236, 29, 40, 'aire', 0),
(4239, '2019-03-14 10:52:55', '2019-03-14 10:52:55', 236, 9, 40, 'aire', 0),
(4240, '2019-03-14 10:52:55', '2019-03-14 10:52:55', 236, 20, 40, 'aire', 0),
(4241, '2019-03-14 10:52:55', '2019-03-14 10:52:55', 236, 18, 50, 'bote', 0),
(4242, '2019-03-14 10:52:55', '2019-03-14 10:52:55', 236, 29, 50, 'bote', 0),
(4243, '2019-03-14 10:52:55', '2019-03-14 10:52:55', 236, 9, 50, 'bote', 0),
(4244, '2019-03-14 10:52:55', '2019-03-14 10:52:55', 236, 20, 50, 'bote', 0),
(4245, '2019-03-14 10:52:55', '2019-03-14 10:52:55', 236, 18, 60, 'cortadas', 0),
(4246, '2019-03-14 10:52:55', '2019-03-14 10:52:55', 236, 29, 60, 'cortadas', 0),
(4247, '2019-03-14 10:52:55', '2019-03-14 10:52:55', 236, 9, 60, 'cortadas', 0),
(4248, '2019-03-14 10:52:55', '2019-03-14 10:52:55', 236, 20, 60, 'cortadas', 0),
(4249, '2019-03-14 10:52:55', '2019-03-14 10:52:55', 236, 18, 70, 'escapadas', 0),
(4250, '2019-03-14 10:52:55', '2019-03-14 10:52:55', 236, 29, 70, 'escapadas', 0),
(4251, '2019-03-14 10:52:55', '2019-03-14 10:52:55', 236, 9, 70, 'escapadas', 0),
(4252, '2019-03-14 10:52:55', '2019-03-14 10:52:55', 236, 20, 70, 'escapadas', 0),
(4253, '2019-03-14 10:52:55', '2019-03-14 10:52:55', 236, 18, 80, 'atras', 0),
(4254, '2019-03-14 10:52:55', '2019-03-14 10:52:55', 236, 29, 80, 'atras', 0),
(4255, '2019-03-14 10:52:55', '2019-03-14 10:52:55', 236, 9, 80, 'atras', 0),
(4256, '2019-03-14 10:52:55', '2019-03-14 10:52:55', 236, 20, 80, 'atras', 0),
(4257, '2019-03-14 10:52:55', '2019-03-14 10:52:55', 236, 18, 90, 'falta_saque', 0),
(4258, '2019-03-14 10:52:55', '2019-03-14 10:52:55', 236, 29, 90, 'falta_saque', 0),
(4259, '2019-03-14 10:52:55', '2019-03-14 10:52:55', 236, 9, 90, 'falta_saque', 0),
(4260, '2019-03-14 10:52:55', '2019-03-14 10:52:55', 236, 20, 90, 'falta_saque', 0),
(4261, '2019-03-14 10:52:55', '2019-03-14 10:52:55', 236, 18, 100, 'errores', 0),
(4262, '2019-03-14 10:52:55', '2019-03-14 10:52:55', 236, 29, 100, 'errores', 0),
(4263, '2019-03-14 10:52:55', '2019-03-14 10:52:55', 236, 9, 100, 'errores', 0),
(4264, '2019-03-14 10:52:55', '2019-03-14 10:52:55', 236, 20, 100, 'errores', 0),
(4265, '2019-03-14 10:52:55', '2019-03-14 10:52:55', 236, 18, 110, 'total_tantos', 0),
(4266, '2019-03-14 10:52:55', '2019-03-14 10:52:55', 236, 29, 110, 'total_tantos', 0),
(4267, '2019-03-14 10:52:55', '2019-03-14 10:52:55', 236, 9, 110, 'total_tantos', 0),
(4268, '2019-03-14 10:52:55', '2019-03-14 10:52:55', 236, 20, 110, 'total_tantos', 0),
(4269, '2019-03-14 10:52:55', '2019-03-14 10:52:55', 236, 18, 120, 'total_fallos', 0),
(4270, '2019-03-14 10:52:55', '2019-03-14 10:52:55', 236, 29, 120, 'total_fallos', 0),
(4271, '2019-03-14 10:52:55', '2019-03-14 10:52:55', 236, 9, 120, 'total_fallos', 0),
(4272, '2019-03-14 10:52:55', '2019-03-14 10:52:55', 236, 20, 120, 'total_fallos', 0),
(4273, '2019-03-14 10:53:16', '2019-03-14 10:53:16', 237, 1, 10, 'saque', 0),
(4274, '2019-03-14 10:53:16', '2019-03-14 10:53:16', 237, 12, 10, 'saque', 0),
(4275, '2019-03-14 10:53:16', '2019-03-14 10:53:16', 237, 7, 10, 'saque', 0),
(4276, '2019-03-14 10:53:16', '2019-03-14 10:53:16', 237, 24, 10, 'saque', 0),
(4277, '2019-03-14 10:53:16', '2019-03-14 10:53:16', 237, 1, 20, 'dos_paredes', 0),
(4278, '2019-03-14 10:53:16', '2019-03-14 10:53:16', 237, 12, 20, 'dos_paredes', 0),
(4279, '2019-03-14 10:53:16', '2019-03-14 10:53:16', 237, 7, 20, 'dos_paredes', 0),
(4280, '2019-03-14 10:53:16', '2019-03-14 10:53:16', 237, 24, 20, 'dos_paredes', 0),
(4281, '2019-03-14 10:53:16', '2019-03-14 10:53:16', 237, 1, 30, 'dejada', 0),
(4282, '2019-03-14 10:53:16', '2019-03-14 10:53:16', 237, 12, 30, 'dejada', 0),
(4283, '2019-03-14 10:53:16', '2019-03-14 10:53:16', 237, 7, 30, 'dejada', 0),
(4284, '2019-03-14 10:53:16', '2019-03-14 10:53:16', 237, 24, 30, 'dejada', 0),
(4285, '2019-03-14 10:53:16', '2019-03-14 10:53:16', 237, 1, 40, 'aire', 0),
(4286, '2019-03-14 10:53:16', '2019-03-14 10:53:16', 237, 12, 40, 'aire', 0),
(4287, '2019-03-14 10:53:16', '2019-03-14 10:53:16', 237, 7, 40, 'aire', 0),
(4288, '2019-03-14 10:53:16', '2019-03-14 10:53:16', 237, 24, 40, 'aire', 0),
(4289, '2019-03-14 10:53:16', '2019-03-14 10:53:16', 237, 1, 50, 'bote', 0),
(4290, '2019-03-14 10:53:16', '2019-03-14 10:53:16', 237, 12, 50, 'bote', 0),
(4291, '2019-03-14 10:53:16', '2019-03-14 10:53:16', 237, 7, 50, 'bote', 0),
(4292, '2019-03-14 10:53:16', '2019-03-14 10:53:16', 237, 24, 50, 'bote', 0),
(4293, '2019-03-14 10:53:16', '2019-03-14 10:53:16', 237, 1, 60, 'cortadas', 0),
(4294, '2019-03-14 10:53:16', '2019-03-14 10:53:16', 237, 12, 60, 'cortadas', 0),
(4295, '2019-03-14 10:53:16', '2019-03-14 10:53:16', 237, 7, 60, 'cortadas', 0),
(4296, '2019-03-14 10:53:16', '2019-03-14 10:53:16', 237, 24, 60, 'cortadas', 0),
(4297, '2019-03-14 10:53:16', '2019-03-14 10:53:16', 237, 1, 70, 'escapadas', 0),
(4298, '2019-03-14 10:53:16', '2019-03-14 10:53:16', 237, 12, 70, 'escapadas', 0),
(4299, '2019-03-14 10:53:16', '2019-03-14 10:53:16', 237, 7, 70, 'escapadas', 0),
(4300, '2019-03-14 10:53:16', '2019-03-14 10:53:16', 237, 24, 70, 'escapadas', 0),
(4301, '2019-03-14 10:53:16', '2019-03-14 10:53:16', 237, 1, 80, 'atras', 0),
(4302, '2019-03-14 10:53:16', '2019-03-14 10:53:16', 237, 12, 80, 'atras', 0),
(4303, '2019-03-14 10:53:16', '2019-03-14 10:53:16', 237, 7, 80, 'atras', 0),
(4304, '2019-03-14 10:53:16', '2019-03-14 10:53:16', 237, 24, 80, 'atras', 0),
(4305, '2019-03-14 10:53:16', '2019-03-14 10:53:16', 237, 1, 90, 'falta_saque', 0),
(4306, '2019-03-14 10:53:16', '2019-03-14 10:53:16', 237, 12, 90, 'falta_saque', 0),
(4307, '2019-03-14 10:53:16', '2019-03-14 10:53:16', 237, 7, 90, 'falta_saque', 0),
(4308, '2019-03-14 10:53:16', '2019-03-14 10:53:16', 237, 24, 90, 'falta_saque', 0),
(4309, '2019-03-14 10:53:16', '2019-03-14 10:53:16', 237, 1, 100, 'errores', 0),
(4310, '2019-03-14 10:53:16', '2019-03-14 10:53:16', 237, 12, 100, 'errores', 0),
(4311, '2019-03-14 10:53:16', '2019-03-14 10:53:16', 237, 7, 100, 'errores', 0),
(4312, '2019-03-14 10:53:16', '2019-03-14 10:53:16', 237, 24, 100, 'errores', 0),
(4313, '2019-03-14 10:53:16', '2019-03-14 10:53:16', 237, 1, 110, 'total_tantos', 0),
(4314, '2019-03-14 10:53:16', '2019-03-14 10:53:16', 237, 12, 110, 'total_tantos', 0),
(4315, '2019-03-14 10:53:16', '2019-03-14 10:53:16', 237, 7, 110, 'total_tantos', 0),
(4316, '2019-03-14 10:53:16', '2019-03-14 10:53:16', 237, 24, 110, 'total_tantos', 0),
(4317, '2019-03-14 10:53:16', '2019-03-14 10:53:16', 237, 1, 120, 'total_fallos', 0),
(4318, '2019-03-14 10:53:16', '2019-03-14 10:53:16', 237, 12, 120, 'total_fallos', 0),
(4319, '2019-03-14 10:53:16', '2019-03-14 10:53:16', 237, 7, 120, 'total_fallos', 0),
(4320, '2019-03-14 10:53:16', '2019-03-14 10:53:16', 237, 24, 120, 'total_fallos', 0),
(4321, '2019-03-14 10:53:36', '2019-03-14 10:53:36', 238, 4, 10, 'saque', 0),
(4322, '2019-03-14 10:53:36', '2019-03-14 10:53:36', 238, 26, 10, 'saque', 0),
(4323, '2019-03-14 10:53:36', '2019-03-14 10:53:36', 238, 25, 10, 'saque', 0),
(4324, '2019-03-14 10:53:36', '2019-03-14 10:53:36', 238, 27, 10, 'saque', 0),
(4325, '2019-03-14 10:53:36', '2019-03-14 10:53:36', 238, 4, 20, 'dos_paredes', 0),
(4326, '2019-03-14 10:53:36', '2019-03-14 10:53:36', 238, 26, 20, 'dos_paredes', 0),
(4327, '2019-03-14 10:53:36', '2019-03-14 10:53:36', 238, 25, 20, 'dos_paredes', 0),
(4328, '2019-03-14 10:53:36', '2019-03-14 10:53:36', 238, 27, 20, 'dos_paredes', 0),
(4329, '2019-03-14 10:53:36', '2019-03-14 10:53:36', 238, 4, 30, 'dejada', 0),
(4330, '2019-03-14 10:53:36', '2019-03-14 10:53:36', 238, 26, 30, 'dejada', 0),
(4331, '2019-03-14 10:53:36', '2019-03-14 10:53:36', 238, 25, 30, 'dejada', 0),
(4332, '2019-03-14 10:53:36', '2019-03-14 10:53:36', 238, 27, 30, 'dejada', 0),
(4333, '2019-03-14 10:53:36', '2019-03-14 10:53:36', 238, 4, 40, 'aire', 0),
(4334, '2019-03-14 10:53:36', '2019-03-14 10:53:36', 238, 26, 40, 'aire', 0),
(4335, '2019-03-14 10:53:36', '2019-03-14 10:53:36', 238, 25, 40, 'aire', 0),
(4336, '2019-03-14 10:53:36', '2019-03-14 10:53:36', 238, 27, 40, 'aire', 0),
(4337, '2019-03-14 10:53:36', '2019-03-14 10:53:36', 238, 4, 50, 'bote', 0),
(4338, '2019-03-14 10:53:36', '2019-03-14 10:53:36', 238, 26, 50, 'bote', 0),
(4339, '2019-03-14 10:53:36', '2019-03-14 10:53:36', 238, 25, 50, 'bote', 0),
(4340, '2019-03-14 10:53:36', '2019-03-14 10:53:36', 238, 27, 50, 'bote', 0),
(4341, '2019-03-14 10:53:36', '2019-03-14 10:53:36', 238, 4, 60, 'cortadas', 0),
(4342, '2019-03-14 10:53:36', '2019-03-14 10:53:36', 238, 26, 60, 'cortadas', 0),
(4343, '2019-03-14 10:53:36', '2019-03-14 10:53:36', 238, 25, 60, 'cortadas', 0),
(4344, '2019-03-14 10:53:36', '2019-03-14 10:53:36', 238, 27, 60, 'cortadas', 0),
(4345, '2019-03-14 10:53:36', '2019-03-14 10:53:36', 238, 4, 70, 'escapadas', 0),
(4346, '2019-03-14 10:53:36', '2019-03-14 10:53:36', 238, 26, 70, 'escapadas', 0),
(4347, '2019-03-14 10:53:36', '2019-03-14 10:53:36', 238, 25, 70, 'escapadas', 0),
(4348, '2019-03-14 10:53:36', '2019-03-14 10:53:36', 238, 27, 70, 'escapadas', 0),
(4349, '2019-03-14 10:53:36', '2019-03-14 10:53:36', 238, 4, 80, 'atras', 0),
(4350, '2019-03-14 10:53:36', '2019-03-14 10:53:36', 238, 26, 80, 'atras', 0),
(4351, '2019-03-14 10:53:36', '2019-03-14 10:53:36', 238, 25, 80, 'atras', 0),
(4352, '2019-03-14 10:53:36', '2019-03-14 10:53:36', 238, 27, 80, 'atras', 0),
(4353, '2019-03-14 10:53:36', '2019-03-14 10:53:36', 238, 4, 90, 'falta_saque', 0),
(4354, '2019-03-14 10:53:36', '2019-03-14 10:53:36', 238, 26, 90, 'falta_saque', 0),
(4355, '2019-03-14 10:53:36', '2019-03-14 10:53:36', 238, 25, 90, 'falta_saque', 0),
(4356, '2019-03-14 10:53:36', '2019-03-14 10:53:36', 238, 27, 90, 'falta_saque', 0),
(4357, '2019-03-14 10:53:36', '2019-03-14 10:53:36', 238, 4, 100, 'errores', 0),
(4358, '2019-03-14 10:53:36', '2019-03-14 10:53:36', 238, 26, 100, 'errores', 0),
(4359, '2019-03-14 10:53:36', '2019-03-14 10:53:36', 238, 25, 100, 'errores', 0),
(4360, '2019-03-14 10:53:36', '2019-03-14 10:53:36', 238, 27, 100, 'errores', 0),
(4361, '2019-03-14 10:53:36', '2019-03-14 10:53:36', 238, 4, 110, 'total_tantos', 0),
(4362, '2019-03-14 10:53:36', '2019-03-14 10:53:36', 238, 26, 110, 'total_tantos', 0),
(4363, '2019-03-14 10:53:36', '2019-03-14 10:53:36', 238, 25, 110, 'total_tantos', 0),
(4364, '2019-03-14 10:53:36', '2019-03-14 10:53:36', 238, 27, 110, 'total_tantos', 0),
(4365, '2019-03-14 10:53:36', '2019-03-14 10:53:36', 238, 4, 120, 'total_fallos', 0),
(4366, '2019-03-14 10:53:36', '2019-03-14 10:53:36', 238, 26, 120, 'total_fallos', 0),
(4367, '2019-03-14 10:53:36', '2019-03-14 10:53:36', 238, 25, 120, 'total_fallos', 0),
(4368, '2019-03-14 10:53:36', '2019-03-14 10:53:36', 238, 27, 120, 'total_fallos', 0),
(4369, '2019-03-18 08:11:36', '2019-03-18 08:11:36', 245, 44, 10, 'saque', 0),
(4370, '2019-03-18 08:11:36', '2019-03-18 08:11:36', 245, 70, 10, 'saque', 0),
(4371, '2019-03-18 08:11:36', '2019-03-18 08:11:36', 245, 25, 10, 'saque', 0),
(4372, '2019-03-18 08:11:36', '2019-03-18 08:11:36', 245, 27, 10, 'saque', 0),
(4373, '2019-03-18 08:11:36', '2019-03-18 08:11:36', 245, 44, 20, 'dos_paredes', 0),
(4374, '2019-03-18 08:11:36', '2019-03-18 08:11:36', 245, 70, 20, 'dos_paredes', 0),
(4375, '2019-03-18 08:11:36', '2019-03-18 08:11:36', 245, 25, 20, 'dos_paredes', 0),
(4376, '2019-03-18 08:11:36', '2019-03-18 08:11:36', 245, 27, 20, 'dos_paredes', 0),
(4377, '2019-03-18 08:11:36', '2019-03-18 08:11:36', 245, 44, 30, 'dejada', 0),
(4378, '2019-03-18 08:11:36', '2019-03-18 08:11:36', 245, 70, 30, 'dejada', 0),
(4379, '2019-03-18 08:11:36', '2019-03-18 08:11:36', 245, 25, 30, 'dejada', 0),
(4380, '2019-03-18 08:11:36', '2019-03-18 08:11:36', 245, 27, 30, 'dejada', 0),
(4381, '2019-03-18 08:11:36', '2019-03-18 08:11:36', 245, 44, 40, 'aire', 0),
(4382, '2019-03-18 08:11:36', '2019-03-18 08:11:36', 245, 70, 40, 'aire', 0),
(4383, '2019-03-18 08:11:36', '2019-03-18 08:11:36', 245, 25, 40, 'aire', 0),
(4384, '2019-03-18 08:11:36', '2019-03-18 08:11:36', 245, 27, 40, 'aire', 0),
(4385, '2019-03-18 08:11:36', '2019-03-18 08:11:36', 245, 44, 50, 'bote', 0),
(4386, '2019-03-18 08:11:36', '2019-03-18 08:11:36', 245, 70, 50, 'bote', 0),
(4387, '2019-03-18 08:11:36', '2019-03-18 08:11:36', 245, 25, 50, 'bote', 0),
(4388, '2019-03-18 08:11:36', '2019-03-18 08:11:36', 245, 27, 50, 'bote', 0),
(4389, '2019-03-18 08:11:36', '2019-03-18 08:11:36', 245, 44, 60, 'cortadas', 0),
(4390, '2019-03-18 08:11:36', '2019-03-18 08:11:36', 245, 70, 60, 'cortadas', 0),
(4391, '2019-03-18 08:11:36', '2019-03-18 08:11:36', 245, 25, 60, 'cortadas', 0),
(4392, '2019-03-18 08:11:36', '2019-03-18 08:11:36', 245, 27, 60, 'cortadas', 0),
(4393, '2019-03-18 08:11:36', '2019-03-18 08:11:36', 245, 44, 70, 'escapadas', 0),
(4394, '2019-03-18 08:11:36', '2019-03-18 08:11:36', 245, 70, 70, 'escapadas', 0),
(4395, '2019-03-18 08:11:36', '2019-03-18 08:11:36', 245, 25, 70, 'escapadas', 0),
(4396, '2019-03-18 08:11:36', '2019-03-18 08:11:36', 245, 27, 70, 'escapadas', 0),
(4397, '2019-03-18 08:11:36', '2019-03-18 08:11:36', 245, 44, 80, 'atras', 0),
(4398, '2019-03-18 08:11:36', '2019-03-18 08:11:36', 245, 70, 80, 'atras', 0),
(4399, '2019-03-18 08:11:36', '2019-03-18 08:11:36', 245, 25, 80, 'atras', 0),
(4400, '2019-03-18 08:11:36', '2019-03-18 08:11:36', 245, 27, 80, 'atras', 0),
(4401, '2019-03-18 08:11:36', '2019-03-18 08:11:36', 245, 44, 90, 'falta_saque', 0),
(4402, '2019-03-18 08:11:36', '2019-03-18 08:11:36', 245, 70, 90, 'falta_saque', 0),
(4403, '2019-03-18 08:11:36', '2019-03-18 08:11:36', 245, 25, 90, 'falta_saque', 0),
(4404, '2019-03-18 08:11:36', '2019-03-18 08:11:36', 245, 27, 90, 'falta_saque', 0),
(4405, '2019-03-18 08:11:36', '2019-03-18 08:11:36', 245, 44, 100, 'errores', 0),
(4406, '2019-03-18 08:11:36', '2019-03-18 08:11:36', 245, 70, 100, 'errores', 0),
(4407, '2019-03-18 08:11:36', '2019-03-18 08:11:36', 245, 25, 100, 'errores', 0),
(4408, '2019-03-18 08:11:36', '2019-03-18 08:11:36', 245, 27, 100, 'errores', 0),
(4409, '2019-03-18 08:11:36', '2019-03-18 08:11:36', 245, 44, 110, 'total_tantos', 0),
(4410, '2019-03-18 08:11:36', '2019-03-18 08:11:36', 245, 70, 110, 'total_tantos', 0),
(4411, '2019-03-18 08:11:36', '2019-03-18 08:11:36', 245, 25, 110, 'total_tantos', 0),
(4412, '2019-03-18 08:11:36', '2019-03-18 08:11:36', 245, 27, 110, 'total_tantos', 0),
(4413, '2019-03-18 08:11:36', '2019-03-18 08:11:36', 245, 44, 120, 'total_fallos', 0),
(4414, '2019-03-18 08:11:36', '2019-03-18 08:11:36', 245, 70, 120, 'total_fallos', 0),
(4415, '2019-03-18 08:11:36', '2019-03-18 08:11:36', 245, 25, 120, 'total_fallos', 0),
(4416, '2019-03-18 08:11:36', '2019-03-18 08:11:36', 245, 27, 120, 'total_fallos', 0),
(4417, '2019-03-18 08:11:57', '2019-03-18 08:11:57', 246, 1, 10, 'saque', 0),
(4418, '2019-03-18 08:11:57', '2019-03-18 08:11:57', 246, 12, 10, 'saque', 0),
(4419, '2019-03-18 08:11:57', '2019-03-18 08:11:57', 246, 74, 10, 'saque', 0),
(4420, '2019-03-18 08:11:57', '2019-03-18 08:11:57', 246, 51, 10, 'saque', 0),
(4421, '2019-03-18 08:11:57', '2019-03-18 08:11:57', 246, 1, 20, 'dos_paredes', 0),
(4422, '2019-03-18 08:11:57', '2019-03-18 08:11:57', 246, 12, 20, 'dos_paredes', 0),
(4423, '2019-03-18 08:11:57', '2019-03-18 08:11:57', 246, 74, 20, 'dos_paredes', 0),
(4424, '2019-03-18 08:11:57', '2019-03-18 08:11:57', 246, 51, 20, 'dos_paredes', 0),
(4425, '2019-03-18 08:11:57', '2019-03-18 08:11:57', 246, 1, 30, 'dejada', 0),
(4426, '2019-03-18 08:11:57', '2019-03-18 08:11:57', 246, 12, 30, 'dejada', 0),
(4427, '2019-03-18 08:11:57', '2019-03-18 08:11:57', 246, 74, 30, 'dejada', 0),
(4428, '2019-03-18 08:11:57', '2019-03-18 08:11:57', 246, 51, 30, 'dejada', 0),
(4429, '2019-03-18 08:11:57', '2019-03-18 08:11:57', 246, 1, 40, 'aire', 0),
(4430, '2019-03-18 08:11:57', '2019-03-18 08:11:57', 246, 12, 40, 'aire', 0),
(4431, '2019-03-18 08:11:57', '2019-03-18 08:11:57', 246, 74, 40, 'aire', 0),
(4432, '2019-03-18 08:11:57', '2019-03-18 08:11:57', 246, 51, 40, 'aire', 0),
(4433, '2019-03-18 08:11:57', '2019-03-18 08:11:57', 246, 1, 50, 'bote', 0),
(4434, '2019-03-18 08:11:57', '2019-03-18 08:11:57', 246, 12, 50, 'bote', 0),
(4435, '2019-03-18 08:11:57', '2019-03-18 08:11:57', 246, 74, 50, 'bote', 0),
(4436, '2019-03-18 08:11:57', '2019-03-18 08:11:57', 246, 51, 50, 'bote', 0),
(4437, '2019-03-18 08:11:57', '2019-03-18 08:11:57', 246, 1, 60, 'cortadas', 0),
(4438, '2019-03-18 08:11:57', '2019-03-18 08:11:57', 246, 12, 60, 'cortadas', 0),
(4439, '2019-03-18 08:11:57', '2019-03-18 08:11:57', 246, 74, 60, 'cortadas', 0),
(4440, '2019-03-18 08:11:57', '2019-03-18 08:11:57', 246, 51, 60, 'cortadas', 0),
(4441, '2019-03-18 08:11:57', '2019-03-18 08:11:57', 246, 1, 70, 'escapadas', 0),
(4442, '2019-03-18 08:11:57', '2019-03-18 08:11:57', 246, 12, 70, 'escapadas', 0),
(4443, '2019-03-18 08:11:57', '2019-03-18 08:11:57', 246, 74, 70, 'escapadas', 0),
(4444, '2019-03-18 08:11:57', '2019-03-18 08:11:57', 246, 51, 70, 'escapadas', 0),
(4445, '2019-03-18 08:11:57', '2019-03-18 08:11:57', 246, 1, 80, 'atras', 0),
(4446, '2019-03-18 08:11:57', '2019-03-18 08:11:57', 246, 12, 80, 'atras', 0),
(4447, '2019-03-18 08:11:57', '2019-03-18 08:11:57', 246, 74, 80, 'atras', 0),
(4448, '2019-03-18 08:11:57', '2019-03-18 08:11:57', 246, 51, 80, 'atras', 0),
(4449, '2019-03-18 08:11:57', '2019-03-18 08:11:57', 246, 1, 90, 'falta_saque', 0),
(4450, '2019-03-18 08:11:57', '2019-03-18 08:11:57', 246, 12, 90, 'falta_saque', 0),
(4451, '2019-03-18 08:11:57', '2019-03-18 08:11:57', 246, 74, 90, 'falta_saque', 0),
(4452, '2019-03-18 08:11:57', '2019-03-18 08:11:57', 246, 51, 90, 'falta_saque', 0),
(4453, '2019-03-18 08:11:57', '2019-03-18 08:11:57', 246, 1, 100, 'errores', 0),
(4454, '2019-03-18 08:11:57', '2019-03-18 08:11:57', 246, 12, 100, 'errores', 0),
(4455, '2019-03-18 08:11:57', '2019-03-18 08:11:57', 246, 74, 100, 'errores', 0),
(4456, '2019-03-18 08:11:57', '2019-03-18 08:11:57', 246, 51, 100, 'errores', 0),
(4457, '2019-03-18 08:11:57', '2019-03-18 08:11:57', 246, 1, 110, 'total_tantos', 0),
(4458, '2019-03-18 08:11:57', '2019-03-18 08:11:57', 246, 12, 110, 'total_tantos', 0),
(4459, '2019-03-18 08:11:57', '2019-03-18 08:11:57', 246, 74, 110, 'total_tantos', 0),
(4460, '2019-03-18 08:11:57', '2019-03-18 08:11:57', 246, 51, 110, 'total_tantos', 0),
(4461, '2019-03-18 08:11:57', '2019-03-18 08:11:57', 246, 1, 120, 'total_fallos', 0),
(4462, '2019-03-18 08:11:57', '2019-03-18 08:11:57', 246, 12, 120, 'total_fallos', 0),
(4463, '2019-03-18 08:11:57', '2019-03-18 08:11:57', 246, 74, 120, 'total_fallos', 0),
(4464, '2019-03-18 08:11:57', '2019-03-18 08:11:57', 246, 51, 120, 'total_fallos', 0),
(4465, '2019-03-18 08:12:19', '2019-03-18 08:12:19', 247, 53, 10, 'saque', 0),
(4466, '2019-03-18 08:12:19', '2019-03-18 08:12:19', 247, 57, 10, 'saque', 0),
(4467, '2019-03-18 08:12:19', '2019-03-18 08:12:19', 247, 55, 10, 'saque', 0),
(4468, '2019-03-18 08:12:19', '2019-03-18 08:12:19', 247, 46, 10, 'saque', 0),
(4469, '2019-03-18 08:12:19', '2019-03-18 08:12:19', 247, 53, 20, 'dos_paredes', 0),
(4470, '2019-03-18 08:12:19', '2019-03-18 08:12:19', 247, 57, 20, 'dos_paredes', 0),
(4471, '2019-03-18 08:12:19', '2019-03-18 08:12:19', 247, 55, 20, 'dos_paredes', 0),
(4472, '2019-03-18 08:12:19', '2019-03-18 08:12:19', 247, 46, 20, 'dos_paredes', 0),
(4473, '2019-03-18 08:12:19', '2019-03-18 08:12:19', 247, 53, 30, 'dejada', 0),
(4474, '2019-03-18 08:12:19', '2019-03-18 08:12:19', 247, 57, 30, 'dejada', 0),
(4475, '2019-03-18 08:12:19', '2019-03-18 08:12:19', 247, 55, 30, 'dejada', 0),
(4476, '2019-03-18 08:12:19', '2019-03-18 08:12:19', 247, 46, 30, 'dejada', 0),
(4477, '2019-03-18 08:12:19', '2019-03-18 08:12:19', 247, 53, 40, 'aire', 0),
(4478, '2019-03-18 08:12:19', '2019-03-18 08:12:19', 247, 57, 40, 'aire', 0),
(4479, '2019-03-18 08:12:19', '2019-03-18 08:12:19', 247, 55, 40, 'aire', 0),
(4480, '2019-03-18 08:12:19', '2019-03-18 08:12:19', 247, 46, 40, 'aire', 0),
(4481, '2019-03-18 08:12:19', '2019-03-18 08:12:19', 247, 53, 50, 'bote', 0),
(4482, '2019-03-18 08:12:19', '2019-03-18 08:12:19', 247, 57, 50, 'bote', 0),
(4483, '2019-03-18 08:12:19', '2019-03-18 08:12:19', 247, 55, 50, 'bote', 0),
(4484, '2019-03-18 08:12:19', '2019-03-18 08:12:19', 247, 46, 50, 'bote', 0),
(4485, '2019-03-18 08:12:19', '2019-03-18 08:12:19', 247, 53, 60, 'cortadas', 0),
(4486, '2019-03-18 08:12:19', '2019-03-18 08:12:19', 247, 57, 60, 'cortadas', 0),
(4487, '2019-03-18 08:12:19', '2019-03-18 08:12:19', 247, 55, 60, 'cortadas', 0),
(4488, '2019-03-18 08:12:19', '2019-03-18 08:12:19', 247, 46, 60, 'cortadas', 0),
(4489, '2019-03-18 08:12:19', '2019-03-18 08:12:19', 247, 53, 70, 'escapadas', 0),
(4490, '2019-03-18 08:12:19', '2019-03-18 08:12:19', 247, 57, 70, 'escapadas', 0),
(4491, '2019-03-18 08:12:19', '2019-03-18 08:12:19', 247, 55, 70, 'escapadas', 0),
(4492, '2019-03-18 08:12:19', '2019-03-18 08:12:19', 247, 46, 70, 'escapadas', 0),
(4493, '2019-03-18 08:12:19', '2019-03-18 08:12:19', 247, 53, 80, 'atras', 0),
(4494, '2019-03-18 08:12:19', '2019-03-18 08:12:19', 247, 57, 80, 'atras', 0),
(4495, '2019-03-18 08:12:19', '2019-03-18 08:12:19', 247, 55, 80, 'atras', 0),
(4496, '2019-03-18 08:12:19', '2019-03-18 08:12:19', 247, 46, 80, 'atras', 0),
(4497, '2019-03-18 08:12:19', '2019-03-18 08:12:19', 247, 53, 90, 'falta_saque', 0),
(4498, '2019-03-18 08:12:19', '2019-03-18 08:12:19', 247, 57, 90, 'falta_saque', 0),
(4499, '2019-03-18 08:12:19', '2019-03-18 08:12:19', 247, 55, 90, 'falta_saque', 0),
(4500, '2019-03-18 08:12:19', '2019-03-18 08:12:19', 247, 46, 90, 'falta_saque', 0),
(4501, '2019-03-18 08:12:19', '2019-03-18 08:12:19', 247, 53, 100, 'errores', 0),
(4502, '2019-03-18 08:12:19', '2019-03-18 08:12:19', 247, 57, 100, 'errores', 0),
(4503, '2019-03-18 08:12:19', '2019-03-18 08:12:19', 247, 55, 100, 'errores', 0),
(4504, '2019-03-18 08:12:19', '2019-03-18 08:12:19', 247, 46, 100, 'errores', 0),
(4505, '2019-03-18 08:12:19', '2019-03-18 08:12:19', 247, 53, 110, 'total_tantos', 0),
(4506, '2019-03-18 08:12:19', '2019-03-18 08:12:19', 247, 57, 110, 'total_tantos', 0),
(4507, '2019-03-18 08:12:19', '2019-03-18 08:12:19', 247, 55, 110, 'total_tantos', 0),
(4508, '2019-03-18 08:12:19', '2019-03-18 08:12:19', 247, 46, 110, 'total_tantos', 0),
(4509, '2019-03-18 08:12:19', '2019-03-18 08:12:19', 247, 53, 120, 'total_fallos', 0),
(4510, '2019-03-18 08:12:19', '2019-03-18 08:12:19', 247, 57, 120, 'total_fallos', 0),
(4511, '2019-03-18 08:12:19', '2019-03-18 08:12:19', 247, 55, 120, 'total_fallos', 0),
(4512, '2019-03-18 08:12:19', '2019-03-18 08:12:19', 247, 46, 120, 'total_fallos', 0),
(4513, '2019-03-18 08:13:43', '2019-03-18 08:13:43', 244, 4, 10, 'saque', 0),
(4514, '2019-03-18 08:13:43', '2019-03-18 08:13:43', 244, 29, 10, 'saque', 0),
(4515, '2019-03-18 08:13:43', '2019-03-18 08:13:43', 244, 22, 10, 'saque', 0),
(4516, '2019-03-18 08:13:43', '2019-03-18 08:13:43', 244, 10, 10, 'saque', 0),
(4517, '2019-03-18 08:13:43', '2019-03-18 08:13:43', 244, 4, 20, 'dos_paredes', 0),
(4518, '2019-03-18 08:13:43', '2019-03-18 08:13:43', 244, 29, 20, 'dos_paredes', 0),
(4519, '2019-03-18 08:13:43', '2019-03-18 08:13:43', 244, 22, 20, 'dos_paredes', 0),
(4520, '2019-03-18 08:13:43', '2019-03-18 08:13:43', 244, 10, 20, 'dos_paredes', 0),
(4521, '2019-03-18 08:13:43', '2019-03-18 08:13:43', 244, 4, 30, 'dejada', 0),
(4522, '2019-03-18 08:13:43', '2019-03-18 08:13:43', 244, 29, 30, 'dejada', 0),
(4523, '2019-03-18 08:13:43', '2019-03-18 08:13:43', 244, 22, 30, 'dejada', 0),
(4524, '2019-03-18 08:13:43', '2019-03-18 08:13:43', 244, 10, 30, 'dejada', 0),
(4525, '2019-03-18 08:13:43', '2019-03-18 08:13:43', 244, 4, 40, 'aire', 0),
(4526, '2019-03-18 08:13:43', '2019-03-18 08:13:43', 244, 29, 40, 'aire', 0),
(4527, '2019-03-18 08:13:43', '2019-03-18 08:13:43', 244, 22, 40, 'aire', 0),
(4528, '2019-03-18 08:13:43', '2019-03-18 08:13:43', 244, 10, 40, 'aire', 0),
(4529, '2019-03-18 08:13:43', '2019-03-18 08:13:43', 244, 4, 50, 'bote', 0),
(4530, '2019-03-18 08:13:43', '2019-03-18 08:13:43', 244, 29, 50, 'bote', 0),
(4531, '2019-03-18 08:13:43', '2019-03-18 08:13:43', 244, 22, 50, 'bote', 0),
(4532, '2019-03-18 08:13:43', '2019-03-18 08:13:43', 244, 10, 50, 'bote', 0),
(4533, '2019-03-18 08:13:43', '2019-03-18 08:13:43', 244, 4, 60, 'cortadas', 0),
(4534, '2019-03-18 08:13:43', '2019-03-18 08:13:43', 244, 29, 60, 'cortadas', 0),
(4535, '2019-03-18 08:13:43', '2019-03-18 08:13:43', 244, 22, 60, 'cortadas', 0),
(4536, '2019-03-18 08:13:43', '2019-03-18 08:13:43', 244, 10, 60, 'cortadas', 0),
(4537, '2019-03-18 08:13:43', '2019-03-18 08:13:43', 244, 4, 70, 'escapadas', 0),
(4538, '2019-03-18 08:13:43', '2019-03-18 08:13:43', 244, 29, 70, 'escapadas', 0),
(4539, '2019-03-18 08:13:43', '2019-03-18 08:13:43', 244, 22, 70, 'escapadas', 0),
(4540, '2019-03-18 08:13:43', '2019-03-18 08:13:43', 244, 10, 70, 'escapadas', 0),
(4541, '2019-03-18 08:13:43', '2019-03-18 08:13:43', 244, 4, 80, 'atras', 0),
(4542, '2019-03-18 08:13:43', '2019-03-18 08:13:43', 244, 29, 80, 'atras', 0),
(4543, '2019-03-18 08:13:43', '2019-03-18 08:13:43', 244, 22, 80, 'atras', 0),
(4544, '2019-03-18 08:13:43', '2019-03-18 08:13:43', 244, 10, 80, 'atras', 0),
(4545, '2019-03-18 08:13:43', '2019-03-18 08:13:43', 244, 4, 90, 'falta_saque', 0),
(4546, '2019-03-18 08:13:43', '2019-03-18 08:13:43', 244, 29, 90, 'falta_saque', 0),
(4547, '2019-03-18 08:13:43', '2019-03-18 08:13:43', 244, 22, 90, 'falta_saque', 0),
(4548, '2019-03-18 08:13:43', '2019-03-18 08:13:43', 244, 10, 90, 'falta_saque', 0),
(4549, '2019-03-18 08:13:43', '2019-03-18 08:13:43', 244, 4, 100, 'errores', 0),
(4550, '2019-03-18 08:13:43', '2019-03-18 08:13:43', 244, 29, 100, 'errores', 0),
(4551, '2019-03-18 08:13:43', '2019-03-18 08:13:43', 244, 22, 100, 'errores', 0),
(4552, '2019-03-18 08:13:43', '2019-03-18 08:13:43', 244, 10, 100, 'errores', 0),
(4553, '2019-03-18 08:13:43', '2019-03-18 08:13:43', 244, 4, 110, 'total_tantos', 0),
(4554, '2019-03-18 08:13:43', '2019-03-18 08:13:43', 244, 29, 110, 'total_tantos', 0),
(4555, '2019-03-18 08:13:43', '2019-03-18 08:13:43', 244, 22, 110, 'total_tantos', 0),
(4556, '2019-03-18 08:13:43', '2019-03-18 08:13:43', 244, 10, 110, 'total_tantos', 0),
(4557, '2019-03-18 08:13:43', '2019-03-18 08:13:43', 244, 4, 120, 'total_fallos', 0),
(4558, '2019-03-18 08:13:43', '2019-03-18 08:13:43', 244, 29, 120, 'total_fallos', 0),
(4559, '2019-03-18 08:13:43', '2019-03-18 08:13:43', 244, 22, 120, 'total_fallos', 0),
(4560, '2019-03-18 08:13:43', '2019-03-18 08:13:43', 244, 10, 120, 'total_fallos', 0),
(4561, '2019-03-18 08:14:08', '2019-03-18 08:14:08', 251, 6, 10, 'saque', 0),
(4562, '2019-03-18 08:14:08', '2019-03-18 08:14:08', 251, 5, 10, 'saque', 0),
(4563, '2019-03-18 08:14:08', '2019-03-18 08:14:08', 251, 9, 10, 'saque', 0),
(4564, '2019-03-18 08:14:08', '2019-03-18 08:14:08', 251, 28, 10, 'saque', 0),
(4565, '2019-03-18 08:14:08', '2019-03-18 08:14:08', 251, 6, 20, 'dos_paredes', 0),
(4566, '2019-03-18 08:14:08', '2019-03-18 08:14:08', 251, 5, 20, 'dos_paredes', 0),
(4567, '2019-03-18 08:14:08', '2019-03-18 08:14:08', 251, 9, 20, 'dos_paredes', 0),
(4568, '2019-03-18 08:14:08', '2019-03-18 08:14:08', 251, 28, 20, 'dos_paredes', 0),
(4569, '2019-03-18 08:14:08', '2019-03-18 08:14:08', 251, 6, 30, 'dejada', 0),
(4570, '2019-03-18 08:14:08', '2019-03-18 08:14:08', 251, 5, 30, 'dejada', 0);
INSERT INTO `festival_partido_tanteo` (`id`, `created_at`, `updated_at`, `festival_partido_id`, `pelotari_id`, `tanteo_order`, `tanteo_desc`, `tanteo`) VALUES
(4571, '2019-03-18 08:14:08', '2019-03-18 08:14:08', 251, 9, 30, 'dejada', 0),
(4572, '2019-03-18 08:14:08', '2019-03-18 08:14:08', 251, 28, 30, 'dejada', 0),
(4573, '2019-03-18 08:14:08', '2019-03-18 08:14:08', 251, 6, 40, 'aire', 0),
(4574, '2019-03-18 08:14:08', '2019-03-18 08:14:08', 251, 5, 40, 'aire', 0),
(4575, '2019-03-18 08:14:08', '2019-03-18 08:14:08', 251, 9, 40, 'aire', 0),
(4576, '2019-03-18 08:14:08', '2019-03-18 08:14:08', 251, 28, 40, 'aire', 0),
(4577, '2019-03-18 08:14:08', '2019-03-18 08:14:08', 251, 6, 50, 'bote', 0),
(4578, '2019-03-18 08:14:08', '2019-03-18 08:14:08', 251, 5, 50, 'bote', 0),
(4579, '2019-03-18 08:14:08', '2019-03-18 08:14:08', 251, 9, 50, 'bote', 0),
(4580, '2019-03-18 08:14:08', '2019-03-18 08:14:08', 251, 28, 50, 'bote', 0),
(4581, '2019-03-18 08:14:08', '2019-03-18 08:14:08', 251, 6, 60, 'cortadas', 0),
(4582, '2019-03-18 08:14:08', '2019-03-18 08:14:08', 251, 5, 60, 'cortadas', 0),
(4583, '2019-03-18 08:14:08', '2019-03-18 08:14:08', 251, 9, 60, 'cortadas', 0),
(4584, '2019-03-18 08:14:08', '2019-03-18 08:14:08', 251, 28, 60, 'cortadas', 0),
(4585, '2019-03-18 08:14:08', '2019-03-18 08:14:08', 251, 6, 70, 'escapadas', 0),
(4586, '2019-03-18 08:14:08', '2019-03-18 08:14:08', 251, 5, 70, 'escapadas', 0),
(4587, '2019-03-18 08:14:08', '2019-03-18 08:14:08', 251, 9, 70, 'escapadas', 0),
(4588, '2019-03-18 08:14:08', '2019-03-18 08:14:08', 251, 28, 70, 'escapadas', 0),
(4589, '2019-03-18 08:14:08', '2019-03-18 08:14:08', 251, 6, 80, 'atras', 0),
(4590, '2019-03-18 08:14:08', '2019-03-18 08:14:08', 251, 5, 80, 'atras', 0),
(4591, '2019-03-18 08:14:08', '2019-03-18 08:14:08', 251, 9, 80, 'atras', 0),
(4592, '2019-03-18 08:14:08', '2019-03-18 08:14:08', 251, 28, 80, 'atras', 0),
(4593, '2019-03-18 08:14:08', '2019-03-18 08:14:08', 251, 6, 90, 'falta_saque', 0),
(4594, '2019-03-18 08:14:08', '2019-03-18 08:14:08', 251, 5, 90, 'falta_saque', 0),
(4595, '2019-03-18 08:14:08', '2019-03-18 08:14:08', 251, 9, 90, 'falta_saque', 0),
(4596, '2019-03-18 08:14:08', '2019-03-18 08:14:08', 251, 28, 90, 'falta_saque', 0),
(4597, '2019-03-18 08:14:08', '2019-03-18 08:14:08', 251, 6, 100, 'errores', 0),
(4598, '2019-03-18 08:14:08', '2019-03-18 08:14:08', 251, 5, 100, 'errores', 0),
(4599, '2019-03-18 08:14:08', '2019-03-18 08:14:08', 251, 9, 100, 'errores', 0),
(4600, '2019-03-18 08:14:08', '2019-03-18 08:14:08', 251, 28, 100, 'errores', 0),
(4601, '2019-03-18 08:14:08', '2019-03-18 08:14:08', 251, 6, 110, 'total_tantos', 0),
(4602, '2019-03-18 08:14:08', '2019-03-18 08:14:08', 251, 5, 110, 'total_tantos', 0),
(4603, '2019-03-18 08:14:08', '2019-03-18 08:14:08', 251, 9, 110, 'total_tantos', 0),
(4604, '2019-03-18 08:14:08', '2019-03-18 08:14:08', 251, 28, 110, 'total_tantos', 0),
(4605, '2019-03-18 08:14:08', '2019-03-18 08:14:08', 251, 6, 120, 'total_fallos', 0),
(4606, '2019-03-18 08:14:08', '2019-03-18 08:14:08', 251, 5, 120, 'total_fallos', 0),
(4607, '2019-03-18 08:14:08', '2019-03-18 08:14:08', 251, 9, 120, 'total_fallos', 0),
(4608, '2019-03-18 08:14:08', '2019-03-18 08:14:08', 251, 28, 120, 'total_fallos', 0),
(4609, '2019-03-18 08:15:04', '2019-03-18 08:15:04', 248, 18, 10, 'saque', 0),
(4610, '2019-03-18 08:15:04', '2019-03-18 08:15:04', 248, 21, 10, 'saque', 0),
(4611, '2019-03-18 08:15:04', '2019-03-18 08:15:04', 248, 4, 10, 'saque', 0),
(4612, '2019-03-18 08:15:04', '2019-03-18 08:15:04', 248, 5, 10, 'saque', 0),
(4613, '2019-03-18 08:15:04', '2019-03-18 08:15:04', 248, 18, 20, 'dos_paredes', 0),
(4614, '2019-03-18 08:15:04', '2019-03-18 08:15:04', 248, 21, 20, 'dos_paredes', 0),
(4615, '2019-03-18 08:15:04', '2019-03-18 08:15:04', 248, 4, 20, 'dos_paredes', 0),
(4616, '2019-03-18 08:15:04', '2019-03-18 08:15:04', 248, 5, 20, 'dos_paredes', 0),
(4617, '2019-03-18 08:15:04', '2019-03-18 08:15:04', 248, 18, 30, 'dejada', 0),
(4618, '2019-03-18 08:15:04', '2019-03-18 08:15:04', 248, 21, 30, 'dejada', 0),
(4619, '2019-03-18 08:15:04', '2019-03-18 08:15:04', 248, 4, 30, 'dejada', 0),
(4620, '2019-03-18 08:15:04', '2019-03-18 08:15:04', 248, 5, 30, 'dejada', 0),
(4621, '2019-03-18 08:15:04', '2019-03-18 08:15:04', 248, 18, 40, 'aire', 0),
(4622, '2019-03-18 08:15:04', '2019-03-18 08:15:04', 248, 21, 40, 'aire', 0),
(4623, '2019-03-18 08:15:04', '2019-03-18 08:15:04', 248, 4, 40, 'aire', 0),
(4624, '2019-03-18 08:15:04', '2019-03-18 08:15:04', 248, 5, 40, 'aire', 0),
(4625, '2019-03-18 08:15:04', '2019-03-18 08:15:04', 248, 18, 50, 'bote', 0),
(4626, '2019-03-18 08:15:04', '2019-03-18 08:15:04', 248, 21, 50, 'bote', 0),
(4627, '2019-03-18 08:15:04', '2019-03-18 08:15:04', 248, 4, 50, 'bote', 0),
(4628, '2019-03-18 08:15:04', '2019-03-18 08:15:04', 248, 5, 50, 'bote', 0),
(4629, '2019-03-18 08:15:04', '2019-03-18 08:15:04', 248, 18, 60, 'cortadas', 0),
(4630, '2019-03-18 08:15:04', '2019-03-18 08:15:04', 248, 21, 60, 'cortadas', 0),
(4631, '2019-03-18 08:15:04', '2019-03-18 08:15:04', 248, 4, 60, 'cortadas', 0),
(4632, '2019-03-18 08:15:04', '2019-03-18 08:15:04', 248, 5, 60, 'cortadas', 0),
(4633, '2019-03-18 08:15:04', '2019-03-18 08:15:04', 248, 18, 70, 'escapadas', 0),
(4634, '2019-03-18 08:15:04', '2019-03-18 08:15:04', 248, 21, 70, 'escapadas', 0),
(4635, '2019-03-18 08:15:04', '2019-03-18 08:15:04', 248, 4, 70, 'escapadas', 0),
(4636, '2019-03-18 08:15:04', '2019-03-18 08:15:04', 248, 5, 70, 'escapadas', 0),
(4637, '2019-03-18 08:15:04', '2019-03-18 08:15:04', 248, 18, 80, 'atras', 0),
(4638, '2019-03-18 08:15:04', '2019-03-18 08:15:04', 248, 21, 80, 'atras', 0),
(4639, '2019-03-18 08:15:04', '2019-03-18 08:15:04', 248, 4, 80, 'atras', 0),
(4640, '2019-03-18 08:15:04', '2019-03-18 08:15:04', 248, 5, 80, 'atras', 0),
(4641, '2019-03-18 08:15:04', '2019-03-18 08:15:04', 248, 18, 90, 'falta_saque', 0),
(4642, '2019-03-18 08:15:04', '2019-03-18 08:15:04', 248, 21, 90, 'falta_saque', 0),
(4643, '2019-03-18 08:15:04', '2019-03-18 08:15:04', 248, 4, 90, 'falta_saque', 0),
(4644, '2019-03-18 08:15:04', '2019-03-18 08:15:04', 248, 5, 90, 'falta_saque', 0),
(4645, '2019-03-18 08:15:04', '2019-03-18 08:15:04', 248, 18, 100, 'errores', 0),
(4646, '2019-03-18 08:15:04', '2019-03-18 08:15:04', 248, 21, 100, 'errores', 0),
(4647, '2019-03-18 08:15:04', '2019-03-18 08:15:04', 248, 4, 100, 'errores', 0),
(4648, '2019-03-18 08:15:04', '2019-03-18 08:15:04', 248, 5, 100, 'errores', 0),
(4649, '2019-03-18 08:15:04', '2019-03-18 08:15:04', 248, 18, 110, 'total_tantos', 0),
(4650, '2019-03-18 08:15:04', '2019-03-18 08:15:04', 248, 21, 110, 'total_tantos', 0),
(4651, '2019-03-18 08:15:04', '2019-03-18 08:15:04', 248, 4, 110, 'total_tantos', 0),
(4652, '2019-03-18 08:15:04', '2019-03-18 08:15:04', 248, 5, 110, 'total_tantos', 0),
(4653, '2019-03-18 08:15:04', '2019-03-18 08:15:04', 248, 18, 120, 'total_fallos', 0),
(4654, '2019-03-18 08:15:04', '2019-03-18 08:15:04', 248, 21, 120, 'total_fallos', 0),
(4655, '2019-03-18 08:15:04', '2019-03-18 08:15:04', 248, 4, 120, 'total_fallos', 0),
(4656, '2019-03-18 08:15:04', '2019-03-18 08:15:04', 248, 5, 120, 'total_fallos', 0),
(4657, '2019-03-18 08:15:22', '2019-03-18 08:15:22', 249, 3, 10, 'saque', 0),
(4658, '2019-03-18 08:15:22', '2019-03-18 08:15:22', 249, 19, 10, 'saque', 0),
(4659, '2019-03-18 08:15:22', '2019-03-18 08:15:22', 249, 7, 10, 'saque', 0),
(4660, '2019-03-18 08:15:22', '2019-03-18 08:15:22', 249, 24, 10, 'saque', 0),
(4661, '2019-03-18 08:15:22', '2019-03-18 08:15:22', 249, 3, 20, 'dos_paredes', 0),
(4662, '2019-03-18 08:15:22', '2019-03-18 08:15:22', 249, 19, 20, 'dos_paredes', 0),
(4663, '2019-03-18 08:15:22', '2019-03-18 08:15:22', 249, 7, 20, 'dos_paredes', 0),
(4664, '2019-03-18 08:15:22', '2019-03-18 08:15:22', 249, 24, 20, 'dos_paredes', 0),
(4665, '2019-03-18 08:15:22', '2019-03-18 08:15:22', 249, 3, 30, 'dejada', 0),
(4666, '2019-03-18 08:15:22', '2019-03-18 08:15:22', 249, 19, 30, 'dejada', 0),
(4667, '2019-03-18 08:15:22', '2019-03-18 08:15:22', 249, 7, 30, 'dejada', 0),
(4668, '2019-03-18 08:15:22', '2019-03-18 08:15:22', 249, 24, 30, 'dejada', 0),
(4669, '2019-03-18 08:15:22', '2019-03-18 08:15:22', 249, 3, 40, 'aire', 0),
(4670, '2019-03-18 08:15:22', '2019-03-18 08:15:22', 249, 19, 40, 'aire', 0),
(4671, '2019-03-18 08:15:22', '2019-03-18 08:15:22', 249, 7, 40, 'aire', 0),
(4672, '2019-03-18 08:15:22', '2019-03-18 08:15:22', 249, 24, 40, 'aire', 0),
(4673, '2019-03-18 08:15:22', '2019-03-18 08:15:22', 249, 3, 50, 'bote', 0),
(4674, '2019-03-18 08:15:22', '2019-03-18 08:15:22', 249, 19, 50, 'bote', 0),
(4675, '2019-03-18 08:15:22', '2019-03-18 08:15:22', 249, 7, 50, 'bote', 0),
(4676, '2019-03-18 08:15:22', '2019-03-18 08:15:22', 249, 24, 50, 'bote', 0),
(4677, '2019-03-18 08:15:22', '2019-03-18 08:15:22', 249, 3, 60, 'cortadas', 0),
(4678, '2019-03-18 08:15:22', '2019-03-18 08:15:22', 249, 19, 60, 'cortadas', 0),
(4679, '2019-03-18 08:15:22', '2019-03-18 08:15:22', 249, 7, 60, 'cortadas', 0),
(4680, '2019-03-18 08:15:22', '2019-03-18 08:15:22', 249, 24, 60, 'cortadas', 0),
(4681, '2019-03-18 08:15:22', '2019-03-18 08:15:22', 249, 3, 70, 'escapadas', 0),
(4682, '2019-03-18 08:15:22', '2019-03-18 08:15:22', 249, 19, 70, 'escapadas', 0),
(4683, '2019-03-18 08:15:22', '2019-03-18 08:15:22', 249, 7, 70, 'escapadas', 0),
(4684, '2019-03-18 08:15:22', '2019-03-18 08:15:22', 249, 24, 70, 'escapadas', 0),
(4685, '2019-03-18 08:15:22', '2019-03-18 08:15:22', 249, 3, 80, 'atras', 0),
(4686, '2019-03-18 08:15:22', '2019-03-18 08:15:22', 249, 19, 80, 'atras', 0),
(4687, '2019-03-18 08:15:22', '2019-03-18 08:15:22', 249, 7, 80, 'atras', 0),
(4688, '2019-03-18 08:15:22', '2019-03-18 08:15:22', 249, 24, 80, 'atras', 0),
(4689, '2019-03-18 08:15:22', '2019-03-18 08:15:22', 249, 3, 90, 'falta_saque', 0),
(4690, '2019-03-18 08:15:22', '2019-03-18 08:15:22', 249, 19, 90, 'falta_saque', 0),
(4691, '2019-03-18 08:15:22', '2019-03-18 08:15:22', 249, 7, 90, 'falta_saque', 0),
(4692, '2019-03-18 08:15:22', '2019-03-18 08:15:22', 249, 24, 90, 'falta_saque', 0),
(4693, '2019-03-18 08:15:22', '2019-03-18 08:15:22', 249, 3, 100, 'errores', 0),
(4694, '2019-03-18 08:15:22', '2019-03-18 08:15:22', 249, 19, 100, 'errores', 0),
(4695, '2019-03-18 08:15:22', '2019-03-18 08:15:22', 249, 7, 100, 'errores', 0),
(4696, '2019-03-18 08:15:22', '2019-03-18 08:15:22', 249, 24, 100, 'errores', 0),
(4697, '2019-03-18 08:15:22', '2019-03-18 08:15:22', 249, 3, 110, 'total_tantos', 0),
(4698, '2019-03-18 08:15:22', '2019-03-18 08:15:22', 249, 19, 110, 'total_tantos', 0),
(4699, '2019-03-18 08:15:22', '2019-03-18 08:15:22', 249, 7, 110, 'total_tantos', 0),
(4700, '2019-03-18 08:15:22', '2019-03-18 08:15:22', 249, 24, 110, 'total_tantos', 0),
(4701, '2019-03-18 08:15:22', '2019-03-18 08:15:22', 249, 3, 120, 'total_fallos', 0),
(4702, '2019-03-18 08:15:22', '2019-03-18 08:15:22', 249, 19, 120, 'total_fallos', 0),
(4703, '2019-03-18 08:15:22', '2019-03-18 08:15:22', 249, 7, 120, 'total_fallos', 0),
(4704, '2019-03-18 08:15:22', '2019-03-18 08:15:22', 249, 24, 120, 'total_fallos', 0),
(4705, '2019-03-18 08:15:43', '2019-03-18 08:15:43', 250, 14, 10, 'saque', 0),
(4706, '2019-03-18 08:15:43', '2019-03-18 08:15:43', 250, 20, 10, 'saque', 0),
(4707, '2019-03-18 08:15:43', '2019-03-18 08:15:43', 250, 2, 10, 'saque', 0),
(4708, '2019-03-18 08:15:43', '2019-03-18 08:15:43', 250, 10, 10, 'saque', 0),
(4709, '2019-03-18 08:15:43', '2019-03-18 08:15:43', 250, 14, 20, 'dos_paredes', 0),
(4710, '2019-03-18 08:15:43', '2019-03-18 08:15:43', 250, 20, 20, 'dos_paredes', 0),
(4711, '2019-03-18 08:15:43', '2019-03-18 08:15:43', 250, 2, 20, 'dos_paredes', 0),
(4712, '2019-03-18 08:15:43', '2019-03-18 08:15:43', 250, 10, 20, 'dos_paredes', 0),
(4713, '2019-03-18 08:15:43', '2019-03-18 08:15:43', 250, 14, 30, 'dejada', 0),
(4714, '2019-03-18 08:15:43', '2019-03-18 08:15:43', 250, 20, 30, 'dejada', 0),
(4715, '2019-03-18 08:15:43', '2019-03-18 08:15:43', 250, 2, 30, 'dejada', 0),
(4716, '2019-03-18 08:15:43', '2019-03-18 08:15:43', 250, 10, 30, 'dejada', 0),
(4717, '2019-03-18 08:15:43', '2019-03-18 08:15:43', 250, 14, 40, 'aire', 0),
(4718, '2019-03-18 08:15:43', '2019-03-18 08:15:43', 250, 20, 40, 'aire', 0),
(4719, '2019-03-18 08:15:43', '2019-03-18 08:15:43', 250, 2, 40, 'aire', 0),
(4720, '2019-03-18 08:15:43', '2019-03-18 08:15:43', 250, 10, 40, 'aire', 0),
(4721, '2019-03-18 08:15:43', '2019-03-18 08:15:43', 250, 14, 50, 'bote', 0),
(4722, '2019-03-18 08:15:43', '2019-03-18 08:15:43', 250, 20, 50, 'bote', 0),
(4723, '2019-03-18 08:15:43', '2019-03-18 08:15:43', 250, 2, 50, 'bote', 0),
(4724, '2019-03-18 08:15:43', '2019-03-18 08:15:43', 250, 10, 50, 'bote', 0),
(4725, '2019-03-18 08:15:43', '2019-03-18 08:15:43', 250, 14, 60, 'cortadas', 0),
(4726, '2019-03-18 08:15:43', '2019-03-18 08:15:43', 250, 20, 60, 'cortadas', 0),
(4727, '2019-03-18 08:15:43', '2019-03-18 08:15:43', 250, 2, 60, 'cortadas', 0),
(4728, '2019-03-18 08:15:43', '2019-03-18 08:15:43', 250, 10, 60, 'cortadas', 0),
(4729, '2019-03-18 08:15:43', '2019-03-18 08:15:43', 250, 14, 70, 'escapadas', 0),
(4730, '2019-03-18 08:15:43', '2019-03-18 08:15:43', 250, 20, 70, 'escapadas', 0),
(4731, '2019-03-18 08:15:43', '2019-03-18 08:15:43', 250, 2, 70, 'escapadas', 0),
(4732, '2019-03-18 08:15:43', '2019-03-18 08:15:43', 250, 10, 70, 'escapadas', 0),
(4733, '2019-03-18 08:15:43', '2019-03-18 08:15:43', 250, 14, 80, 'atras', 0),
(4734, '2019-03-18 08:15:43', '2019-03-18 08:15:43', 250, 20, 80, 'atras', 0),
(4735, '2019-03-18 08:15:43', '2019-03-18 08:15:43', 250, 2, 80, 'atras', 0),
(4736, '2019-03-18 08:15:43', '2019-03-18 08:15:43', 250, 10, 80, 'atras', 0),
(4737, '2019-03-18 08:15:43', '2019-03-18 08:15:43', 250, 14, 90, 'falta_saque', 0),
(4738, '2019-03-18 08:15:43', '2019-03-18 08:15:43', 250, 20, 90, 'falta_saque', 0),
(4739, '2019-03-18 08:15:43', '2019-03-18 08:15:43', 250, 2, 90, 'falta_saque', 0),
(4740, '2019-03-18 08:15:43', '2019-03-18 08:15:43', 250, 10, 90, 'falta_saque', 0),
(4741, '2019-03-18 08:15:43', '2019-03-18 08:15:43', 250, 14, 100, 'errores', 0),
(4742, '2019-03-18 08:15:43', '2019-03-18 08:15:43', 250, 20, 100, 'errores', 0),
(4743, '2019-03-18 08:15:43', '2019-03-18 08:15:43', 250, 2, 100, 'errores', 0),
(4744, '2019-03-18 08:15:43', '2019-03-18 08:15:43', 250, 10, 100, 'errores', 0),
(4745, '2019-03-18 08:15:43', '2019-03-18 08:15:43', 250, 14, 110, 'total_tantos', 0),
(4746, '2019-03-18 08:15:43', '2019-03-18 08:15:43', 250, 20, 110, 'total_tantos', 0),
(4747, '2019-03-18 08:15:43', '2019-03-18 08:15:43', 250, 2, 110, 'total_tantos', 0),
(4748, '2019-03-18 08:15:43', '2019-03-18 08:15:43', 250, 10, 110, 'total_tantos', 0),
(4749, '2019-03-18 08:15:43', '2019-03-18 08:15:43', 250, 14, 120, 'total_fallos', 0),
(4750, '2019-03-18 08:15:43', '2019-03-18 08:15:43', 250, 20, 120, 'total_fallos', 0),
(4751, '2019-03-18 08:15:43', '2019-03-18 08:15:43', 250, 2, 120, 'total_fallos', 0),
(4752, '2019-03-18 08:15:43', '2019-03-18 08:15:43', 250, 10, 120, 'total_fallos', 0),
(4753, '2019-03-24 19:57:21', '2019-03-24 19:57:21', 242, 55, 10, 'saque', 0),
(4754, '2019-03-24 19:57:21', '2019-03-24 19:57:21', 242, 63, 10, 'saque', 0),
(4755, '2019-03-24 19:57:21', '2019-03-24 19:57:21', 242, 77, 10, 'saque', 0),
(4756, '2019-03-24 19:57:21', '2019-03-24 19:57:21', 242, 46, 10, 'saque', 0),
(4757, '2019-03-24 19:57:21', '2019-03-24 19:57:21', 242, 55, 20, 'dos_paredes', 0),
(4758, '2019-03-24 19:57:21', '2019-03-24 19:57:21', 242, 63, 20, 'dos_paredes', 0),
(4759, '2019-03-24 19:57:21', '2019-03-24 19:57:21', 242, 77, 20, 'dos_paredes', 0),
(4760, '2019-03-24 19:57:21', '2019-03-24 19:57:21', 242, 46, 20, 'dos_paredes', 0),
(4761, '2019-03-24 19:57:21', '2019-03-24 19:57:21', 242, 55, 30, 'dejada', 0),
(4762, '2019-03-24 19:57:21', '2019-03-24 19:57:21', 242, 63, 30, 'dejada', 0),
(4763, '2019-03-24 19:57:21', '2019-03-24 19:57:21', 242, 77, 30, 'dejada', 0),
(4764, '2019-03-24 19:57:21', '2019-03-24 19:57:21', 242, 46, 30, 'dejada', 0),
(4765, '2019-03-24 19:57:21', '2019-03-24 19:57:21', 242, 55, 40, 'aire', 0),
(4766, '2019-03-24 19:57:21', '2019-03-24 19:57:21', 242, 63, 40, 'aire', 0),
(4767, '2019-03-24 19:57:21', '2019-03-24 19:57:21', 242, 77, 40, 'aire', 0),
(4768, '2019-03-24 19:57:21', '2019-03-24 19:57:21', 242, 46, 40, 'aire', 0),
(4769, '2019-03-24 19:57:21', '2019-03-24 19:57:21', 242, 55, 50, 'bote', 0),
(4770, '2019-03-24 19:57:21', '2019-03-24 19:57:21', 242, 63, 50, 'bote', 0),
(4771, '2019-03-24 19:57:21', '2019-03-24 19:57:21', 242, 77, 50, 'bote', 0),
(4772, '2019-03-24 19:57:21', '2019-03-24 19:57:21', 242, 46, 50, 'bote', 0),
(4773, '2019-03-24 19:57:21', '2019-03-24 19:57:21', 242, 55, 60, 'cortadas', 0),
(4774, '2019-03-24 19:57:21', '2019-03-24 19:57:21', 242, 63, 60, 'cortadas', 0),
(4775, '2019-03-24 19:57:21', '2019-03-24 19:57:21', 242, 77, 60, 'cortadas', 0),
(4776, '2019-03-24 19:57:21', '2019-03-24 19:57:21', 242, 46, 60, 'cortadas', 0),
(4777, '2019-03-24 19:57:21', '2019-03-24 19:57:21', 242, 55, 70, 'escapadas', 0),
(4778, '2019-03-24 19:57:21', '2019-03-24 19:57:21', 242, 63, 70, 'escapadas', 0),
(4779, '2019-03-24 19:57:21', '2019-03-24 19:57:21', 242, 77, 70, 'escapadas', 0),
(4780, '2019-03-24 19:57:21', '2019-03-24 19:57:21', 242, 46, 70, 'escapadas', 0),
(4781, '2019-03-24 19:57:21', '2019-03-24 19:57:21', 242, 55, 80, 'atras', 0),
(4782, '2019-03-24 19:57:21', '2019-03-24 19:57:21', 242, 63, 80, 'atras', 0),
(4783, '2019-03-24 19:57:21', '2019-03-24 19:57:21', 242, 77, 80, 'atras', 0),
(4784, '2019-03-24 19:57:21', '2019-03-24 19:57:21', 242, 46, 80, 'atras', 0),
(4785, '2019-03-24 19:57:21', '2019-03-24 19:57:21', 242, 55, 90, 'falta_saque', 0),
(4786, '2019-03-24 19:57:21', '2019-03-24 19:57:21', 242, 63, 90, 'falta_saque', 0),
(4787, '2019-03-24 19:57:21', '2019-03-24 19:57:21', 242, 77, 90, 'falta_saque', 0),
(4788, '2019-03-24 19:57:21', '2019-03-24 19:57:21', 242, 46, 90, 'falta_saque', 0),
(4789, '2019-03-24 19:57:21', '2019-03-24 19:57:21', 242, 55, 100, 'errores', 0),
(4790, '2019-03-24 19:57:21', '2019-03-24 19:57:21', 242, 63, 100, 'errores', 0),
(4791, '2019-03-24 19:57:21', '2019-03-24 19:57:21', 242, 77, 100, 'errores', 0),
(4792, '2019-03-24 19:57:21', '2019-03-24 19:57:21', 242, 46, 100, 'errores', 0),
(4793, '2019-03-24 19:57:21', '2019-03-24 19:57:21', 242, 55, 110, 'total_tantos', 0),
(4794, '2019-03-24 19:57:21', '2019-03-24 19:57:21', 242, 63, 110, 'total_tantos', 0),
(4795, '2019-03-24 19:57:21', '2019-03-24 19:57:21', 242, 77, 110, 'total_tantos', 0),
(4796, '2019-03-24 19:57:21', '2019-03-24 19:57:21', 242, 46, 110, 'total_tantos', 0),
(4797, '2019-03-24 19:57:21', '2019-03-24 19:57:21', 242, 55, 120, 'total_fallos', 0),
(4798, '2019-03-24 19:57:21', '2019-03-24 19:57:21', 242, 63, 120, 'total_fallos', 0),
(4799, '2019-03-24 19:57:21', '2019-03-24 19:57:21', 242, 77, 120, 'total_fallos', 0),
(4800, '2019-03-24 19:57:21', '2019-03-24 19:57:21', 242, 46, 120, 'total_fallos', 0),
(4801, '2019-03-24 19:57:40', '2019-03-24 19:57:40', 243, 56, 10, 'saque', 0),
(4802, '2019-03-24 19:57:40', '2019-03-24 19:57:40', 243, 62, 10, 'saque', 0),
(4803, '2019-03-24 19:57:40', '2019-03-24 19:57:40', 243, 73, 10, 'saque', 0),
(4804, '2019-03-24 19:57:40', '2019-03-24 19:57:40', 243, 67, 10, 'saque', 0),
(4805, '2019-03-24 19:57:40', '2019-03-24 19:57:40', 243, 56, 20, 'dos_paredes', 0),
(4806, '2019-03-24 19:57:40', '2019-03-24 19:57:40', 243, 62, 20, 'dos_paredes', 0),
(4807, '2019-03-24 19:57:40', '2019-03-24 19:57:40', 243, 73, 20, 'dos_paredes', 0),
(4808, '2019-03-24 19:57:40', '2019-03-24 19:57:40', 243, 67, 20, 'dos_paredes', 0),
(4809, '2019-03-24 19:57:40', '2019-03-24 19:57:40', 243, 56, 30, 'dejada', 0),
(4810, '2019-03-24 19:57:40', '2019-03-24 19:57:40', 243, 62, 30, 'dejada', 0),
(4811, '2019-03-24 19:57:40', '2019-03-24 19:57:40', 243, 73, 30, 'dejada', 0),
(4812, '2019-03-24 19:57:40', '2019-03-24 19:57:40', 243, 67, 30, 'dejada', 0),
(4813, '2019-03-24 19:57:40', '2019-03-24 19:57:40', 243, 56, 40, 'aire', 0),
(4814, '2019-03-24 19:57:40', '2019-03-24 19:57:40', 243, 62, 40, 'aire', 0),
(4815, '2019-03-24 19:57:40', '2019-03-24 19:57:40', 243, 73, 40, 'aire', 0),
(4816, '2019-03-24 19:57:40', '2019-03-24 19:57:40', 243, 67, 40, 'aire', 0),
(4817, '2019-03-24 19:57:40', '2019-03-24 19:57:40', 243, 56, 50, 'bote', 0),
(4818, '2019-03-24 19:57:40', '2019-03-24 19:57:40', 243, 62, 50, 'bote', 0),
(4819, '2019-03-24 19:57:40', '2019-03-24 19:57:40', 243, 73, 50, 'bote', 0),
(4820, '2019-03-24 19:57:40', '2019-03-24 19:57:40', 243, 67, 50, 'bote', 0),
(4821, '2019-03-24 19:57:40', '2019-03-24 19:57:40', 243, 56, 60, 'cortadas', 0),
(4822, '2019-03-24 19:57:40', '2019-03-24 19:57:40', 243, 62, 60, 'cortadas', 0),
(4823, '2019-03-24 19:57:40', '2019-03-24 19:57:40', 243, 73, 60, 'cortadas', 0),
(4824, '2019-03-24 19:57:40', '2019-03-24 19:57:40', 243, 67, 60, 'cortadas', 0),
(4825, '2019-03-24 19:57:40', '2019-03-24 19:57:40', 243, 56, 70, 'escapadas', 0),
(4826, '2019-03-24 19:57:40', '2019-03-24 19:57:40', 243, 62, 70, 'escapadas', 0),
(4827, '2019-03-24 19:57:40', '2019-03-24 19:57:40', 243, 73, 70, 'escapadas', 0),
(4828, '2019-03-24 19:57:40', '2019-03-24 19:57:40', 243, 67, 70, 'escapadas', 0),
(4829, '2019-03-24 19:57:40', '2019-03-24 19:57:40', 243, 56, 80, 'atras', 0),
(4830, '2019-03-24 19:57:40', '2019-03-24 19:57:40', 243, 62, 80, 'atras', 0),
(4831, '2019-03-24 19:57:40', '2019-03-24 19:57:40', 243, 73, 80, 'atras', 0),
(4832, '2019-03-24 19:57:40', '2019-03-24 19:57:40', 243, 67, 80, 'atras', 0),
(4833, '2019-03-24 19:57:40', '2019-03-24 19:57:40', 243, 56, 90, 'falta_saque', 0),
(4834, '2019-03-24 19:57:40', '2019-03-24 19:57:40', 243, 62, 90, 'falta_saque', 0),
(4835, '2019-03-24 19:57:40', '2019-03-24 19:57:40', 243, 73, 90, 'falta_saque', 0),
(4836, '2019-03-24 19:57:40', '2019-03-24 19:57:40', 243, 67, 90, 'falta_saque', 0),
(4837, '2019-03-24 19:57:40', '2019-03-24 19:57:40', 243, 56, 100, 'errores', 0),
(4838, '2019-03-24 19:57:40', '2019-03-24 19:57:40', 243, 62, 100, 'errores', 0),
(4839, '2019-03-24 19:57:40', '2019-03-24 19:57:40', 243, 73, 100, 'errores', 0),
(4840, '2019-03-24 19:57:40', '2019-03-24 19:57:40', 243, 67, 100, 'errores', 0),
(4841, '2019-03-24 19:57:40', '2019-03-24 19:57:40', 243, 56, 110, 'total_tantos', 0),
(4842, '2019-03-24 19:57:40', '2019-03-24 19:57:40', 243, 62, 110, 'total_tantos', 0),
(4843, '2019-03-24 19:57:40', '2019-03-24 19:57:40', 243, 73, 110, 'total_tantos', 0),
(4844, '2019-03-24 19:57:40', '2019-03-24 19:57:40', 243, 67, 110, 'total_tantos', 0),
(4845, '2019-03-24 19:57:40', '2019-03-24 19:57:40', 243, 56, 120, 'total_fallos', 0),
(4846, '2019-03-24 19:57:40', '2019-03-24 19:57:40', 243, 62, 120, 'total_fallos', 0),
(4847, '2019-03-24 19:57:40', '2019-03-24 19:57:40', 243, 73, 120, 'total_fallos', 0),
(4848, '2019-03-24 19:57:40', '2019-03-24 19:57:40', 243, 67, 120, 'total_fallos', 0),
(4849, '2019-03-24 20:00:58', '2019-03-24 20:00:58', 256, 54, 10, 'saque', 0),
(4850, '2019-03-24 20:00:58', '2019-03-24 20:00:58', 256, 65, 10, 'saque', 0),
(4851, '2019-03-24 20:00:58', '2019-03-24 20:00:58', 256, 53, 10, 'saque', 0),
(4852, '2019-03-24 20:00:58', '2019-03-24 20:00:58', 256, 58, 10, 'saque', 0),
(4853, '2019-03-24 20:00:58', '2019-03-24 20:00:58', 256, 54, 20, 'dos_paredes', 0),
(4854, '2019-03-24 20:00:58', '2019-03-24 20:00:58', 256, 65, 20, 'dos_paredes', 0),
(4855, '2019-03-24 20:00:58', '2019-03-24 20:00:58', 256, 53, 20, 'dos_paredes', 0),
(4856, '2019-03-24 20:00:59', '2019-03-24 20:00:59', 256, 58, 20, 'dos_paredes', 0),
(4857, '2019-03-24 20:00:59', '2019-03-24 20:00:59', 256, 54, 30, 'dejada', 0),
(4858, '2019-03-24 20:00:59', '2019-03-24 20:00:59', 256, 65, 30, 'dejada', 0),
(4859, '2019-03-24 20:00:59', '2019-03-24 20:00:59', 256, 53, 30, 'dejada', 0),
(4860, '2019-03-24 20:00:59', '2019-03-24 20:00:59', 256, 58, 30, 'dejada', 0),
(4861, '2019-03-24 20:00:59', '2019-03-24 20:00:59', 256, 54, 40, 'aire', 0),
(4862, '2019-03-24 20:00:59', '2019-03-24 20:00:59', 256, 65, 40, 'aire', 0),
(4863, '2019-03-24 20:00:59', '2019-03-24 20:00:59', 256, 53, 40, 'aire', 0),
(4864, '2019-03-24 20:00:59', '2019-03-24 20:00:59', 256, 58, 40, 'aire', 0),
(4865, '2019-03-24 20:00:59', '2019-03-24 20:00:59', 256, 54, 50, 'bote', 0),
(4866, '2019-03-24 20:00:59', '2019-03-24 20:00:59', 256, 65, 50, 'bote', 0),
(4867, '2019-03-24 20:00:59', '2019-03-24 20:00:59', 256, 53, 50, 'bote', 0),
(4868, '2019-03-24 20:00:59', '2019-03-24 20:00:59', 256, 58, 50, 'bote', 0),
(4869, '2019-03-24 20:00:59', '2019-03-24 20:00:59', 256, 54, 60, 'cortadas', 0),
(4870, '2019-03-24 20:00:59', '2019-03-24 20:00:59', 256, 65, 60, 'cortadas', 0),
(4871, '2019-03-24 20:00:59', '2019-03-24 20:00:59', 256, 53, 60, 'cortadas', 0),
(4872, '2019-03-24 20:00:59', '2019-03-24 20:00:59', 256, 58, 60, 'cortadas', 0),
(4873, '2019-03-24 20:00:59', '2019-03-24 20:00:59', 256, 54, 70, 'escapadas', 0),
(4874, '2019-03-24 20:00:59', '2019-03-24 20:00:59', 256, 65, 70, 'escapadas', 0),
(4875, '2019-03-24 20:00:59', '2019-03-24 20:00:59', 256, 53, 70, 'escapadas', 0),
(4876, '2019-03-24 20:00:59', '2019-03-24 20:00:59', 256, 58, 70, 'escapadas', 0),
(4877, '2019-03-24 20:00:59', '2019-03-24 20:00:59', 256, 54, 80, 'atras', 0),
(4878, '2019-03-24 20:00:59', '2019-03-24 20:00:59', 256, 65, 80, 'atras', 0),
(4879, '2019-03-24 20:00:59', '2019-03-24 20:00:59', 256, 53, 80, 'atras', 0),
(4880, '2019-03-24 20:00:59', '2019-03-24 20:00:59', 256, 58, 80, 'atras', 0),
(4881, '2019-03-24 20:00:59', '2019-03-24 20:00:59', 256, 54, 90, 'falta_saque', 0),
(4882, '2019-03-24 20:00:59', '2019-03-24 20:00:59', 256, 65, 90, 'falta_saque', 0),
(4883, '2019-03-24 20:00:59', '2019-03-24 20:00:59', 256, 53, 90, 'falta_saque', 0),
(4884, '2019-03-24 20:00:59', '2019-03-24 20:00:59', 256, 58, 90, 'falta_saque', 0),
(4885, '2019-03-24 20:00:59', '2019-03-24 20:00:59', 256, 54, 100, 'errores', 0),
(4886, '2019-03-24 20:00:59', '2019-03-24 20:00:59', 256, 65, 100, 'errores', 0),
(4887, '2019-03-24 20:00:59', '2019-03-24 20:00:59', 256, 53, 100, 'errores', 0),
(4888, '2019-03-24 20:00:59', '2019-03-24 20:00:59', 256, 58, 100, 'errores', 0),
(4889, '2019-03-24 20:00:59', '2019-03-24 20:00:59', 256, 54, 110, 'total_tantos', 0),
(4890, '2019-03-24 20:00:59', '2019-03-24 20:00:59', 256, 65, 110, 'total_tantos', 0),
(4891, '2019-03-24 20:00:59', '2019-03-24 20:00:59', 256, 53, 110, 'total_tantos', 0),
(4892, '2019-03-24 20:00:59', '2019-03-24 20:00:59', 256, 58, 110, 'total_tantos', 0),
(4893, '2019-03-24 20:00:59', '2019-03-24 20:00:59', 256, 54, 120, 'total_fallos', 0),
(4894, '2019-03-24 20:00:59', '2019-03-24 20:00:59', 256, 65, 120, 'total_fallos', 0),
(4895, '2019-03-24 20:00:59', '2019-03-24 20:00:59', 256, 53, 120, 'total_fallos', 0),
(4896, '2019-03-24 20:00:59', '2019-03-24 20:00:59', 256, 58, 120, 'total_fallos', 0),
(4897, '2019-03-24 20:01:19', '2019-03-24 20:01:19', 255, 74, 10, 'saque', 0),
(4898, '2019-03-24 20:01:19', '2019-03-24 20:01:19', 255, 51, 10, 'saque', 0),
(4899, '2019-03-24 20:01:19', '2019-03-24 20:01:19', 255, 7, 10, 'saque', 0),
(4900, '2019-03-24 20:01:19', '2019-03-24 20:01:19', 255, 24, 10, 'saque', 0),
(4901, '2019-03-24 20:01:19', '2019-03-24 20:01:19', 255, 74, 20, 'dos_paredes', 0),
(4902, '2019-03-24 20:01:19', '2019-03-24 20:01:19', 255, 51, 20, 'dos_paredes', 0),
(4903, '2019-03-24 20:01:19', '2019-03-24 20:01:19', 255, 7, 20, 'dos_paredes', 0),
(4904, '2019-03-24 20:01:19', '2019-03-24 20:01:19', 255, 24, 20, 'dos_paredes', 0),
(4905, '2019-03-24 20:01:19', '2019-03-24 20:01:19', 255, 74, 30, 'dejada', 0),
(4906, '2019-03-24 20:01:19', '2019-03-24 20:01:19', 255, 51, 30, 'dejada', 0),
(4907, '2019-03-24 20:01:19', '2019-03-24 20:01:19', 255, 7, 30, 'dejada', 0),
(4908, '2019-03-24 20:01:19', '2019-03-24 20:01:19', 255, 24, 30, 'dejada', 0),
(4909, '2019-03-24 20:01:19', '2019-03-24 20:01:19', 255, 74, 40, 'aire', 0),
(4910, '2019-03-24 20:01:19', '2019-03-24 20:01:19', 255, 51, 40, 'aire', 0),
(4911, '2019-03-24 20:01:19', '2019-03-24 20:01:19', 255, 7, 40, 'aire', 0),
(4912, '2019-03-24 20:01:19', '2019-03-24 20:01:19', 255, 24, 40, 'aire', 0),
(4913, '2019-03-24 20:01:19', '2019-03-24 20:01:19', 255, 74, 50, 'bote', 0),
(4914, '2019-03-24 20:01:19', '2019-03-24 20:01:19', 255, 51, 50, 'bote', 0),
(4915, '2019-03-24 20:01:19', '2019-03-24 20:01:19', 255, 7, 50, 'bote', 0),
(4916, '2019-03-24 20:01:19', '2019-03-24 20:01:19', 255, 24, 50, 'bote', 0),
(4917, '2019-03-24 20:01:19', '2019-03-24 20:01:19', 255, 74, 60, 'cortadas', 0),
(4918, '2019-03-24 20:01:19', '2019-03-24 20:01:19', 255, 51, 60, 'cortadas', 0),
(4919, '2019-03-24 20:01:19', '2019-03-24 20:01:19', 255, 7, 60, 'cortadas', 0),
(4920, '2019-03-24 20:01:19', '2019-03-24 20:01:19', 255, 24, 60, 'cortadas', 0),
(4921, '2019-03-24 20:01:19', '2019-03-24 20:01:19', 255, 74, 70, 'escapadas', 0),
(4922, '2019-03-24 20:01:19', '2019-03-24 20:01:19', 255, 51, 70, 'escapadas', 0),
(4923, '2019-03-24 20:01:19', '2019-03-24 20:01:19', 255, 7, 70, 'escapadas', 0),
(4924, '2019-03-24 20:01:19', '2019-03-24 20:01:19', 255, 24, 70, 'escapadas', 0),
(4925, '2019-03-24 20:01:19', '2019-03-24 20:01:19', 255, 74, 80, 'atras', 0),
(4926, '2019-03-24 20:01:19', '2019-03-24 20:01:19', 255, 51, 80, 'atras', 0),
(4927, '2019-03-24 20:01:19', '2019-03-24 20:01:19', 255, 7, 80, 'atras', 0),
(4928, '2019-03-24 20:01:19', '2019-03-24 20:01:19', 255, 24, 80, 'atras', 0),
(4929, '2019-03-24 20:01:19', '2019-03-24 20:01:19', 255, 74, 90, 'falta_saque', 0),
(4930, '2019-03-24 20:01:19', '2019-03-24 20:01:19', 255, 51, 90, 'falta_saque', 0),
(4931, '2019-03-24 20:01:19', '2019-03-24 20:01:19', 255, 7, 90, 'falta_saque', 0),
(4932, '2019-03-24 20:01:19', '2019-03-24 20:01:19', 255, 24, 90, 'falta_saque', 0),
(4933, '2019-03-24 20:01:19', '2019-03-24 20:01:19', 255, 74, 100, 'errores', 0),
(4934, '2019-03-24 20:01:19', '2019-03-24 20:01:19', 255, 51, 100, 'errores', 0),
(4935, '2019-03-24 20:01:19', '2019-03-24 20:01:19', 255, 7, 100, 'errores', 0),
(4936, '2019-03-24 20:01:19', '2019-03-24 20:01:19', 255, 24, 100, 'errores', 0),
(4937, '2019-03-24 20:01:19', '2019-03-24 20:01:19', 255, 74, 110, 'total_tantos', 0),
(4938, '2019-03-24 20:01:19', '2019-03-24 20:01:19', 255, 51, 110, 'total_tantos', 0),
(4939, '2019-03-24 20:01:19', '2019-03-24 20:01:19', 255, 7, 110, 'total_tantos', 0),
(4940, '2019-03-24 20:01:19', '2019-03-24 20:01:19', 255, 24, 110, 'total_tantos', 0),
(4941, '2019-03-24 20:01:19', '2019-03-24 20:01:19', 255, 74, 120, 'total_fallos', 0),
(4942, '2019-03-24 20:01:19', '2019-03-24 20:01:19', 255, 51, 120, 'total_fallos', 0),
(4943, '2019-03-24 20:01:19', '2019-03-24 20:01:19', 255, 7, 120, 'total_fallos', 0),
(4944, '2019-03-24 20:01:19', '2019-03-24 20:01:19', 255, 24, 120, 'total_fallos', 0),
(4945, '2019-03-24 20:01:39', '2019-03-24 20:01:39', 257, 52, 10, 'saque', 0),
(4946, '2019-03-24 20:01:39', '2019-03-24 20:01:39', 257, 59, 10, 'saque', 0),
(4947, '2019-03-24 20:01:39', '2019-03-24 20:01:39', 257, 77, 10, 'saque', 0),
(4948, '2019-03-24 20:01:39', '2019-03-24 20:01:39', 257, 72, 10, 'saque', 0),
(4949, '2019-03-24 20:01:39', '2019-03-24 20:01:39', 257, 52, 20, 'dos_paredes', 0),
(4950, '2019-03-24 20:01:39', '2019-03-24 20:01:39', 257, 59, 20, 'dos_paredes', 0),
(4951, '2019-03-24 20:01:39', '2019-03-24 20:01:39', 257, 77, 20, 'dos_paredes', 0),
(4952, '2019-03-24 20:01:39', '2019-03-24 20:01:39', 257, 72, 20, 'dos_paredes', 0),
(4953, '2019-03-24 20:01:39', '2019-03-24 20:01:39', 257, 52, 30, 'dejada', 0),
(4954, '2019-03-24 20:01:39', '2019-03-24 20:01:39', 257, 59, 30, 'dejada', 0),
(4955, '2019-03-24 20:01:39', '2019-03-24 20:01:39', 257, 77, 30, 'dejada', 0),
(4956, '2019-03-24 20:01:39', '2019-03-24 20:01:39', 257, 72, 30, 'dejada', 0),
(4957, '2019-03-24 20:01:39', '2019-03-24 20:01:39', 257, 52, 40, 'aire', 0),
(4958, '2019-03-24 20:01:39', '2019-03-24 20:01:39', 257, 59, 40, 'aire', 0),
(4959, '2019-03-24 20:01:39', '2019-03-24 20:01:39', 257, 77, 40, 'aire', 0),
(4960, '2019-03-24 20:01:39', '2019-03-24 20:01:39', 257, 72, 40, 'aire', 0),
(4961, '2019-03-24 20:01:39', '2019-03-24 20:01:39', 257, 52, 50, 'bote', 0),
(4962, '2019-03-24 20:01:39', '2019-03-24 20:01:39', 257, 59, 50, 'bote', 0),
(4963, '2019-03-24 20:01:39', '2019-03-24 20:01:39', 257, 77, 50, 'bote', 0),
(4964, '2019-03-24 20:01:39', '2019-03-24 20:01:39', 257, 72, 50, 'bote', 0),
(4965, '2019-03-24 20:01:39', '2019-03-24 20:01:39', 257, 52, 60, 'cortadas', 0),
(4966, '2019-03-24 20:01:39', '2019-03-24 20:01:39', 257, 59, 60, 'cortadas', 0),
(4967, '2019-03-24 20:01:39', '2019-03-24 20:01:39', 257, 77, 60, 'cortadas', 0),
(4968, '2019-03-24 20:01:39', '2019-03-24 20:01:39', 257, 72, 60, 'cortadas', 0),
(4969, '2019-03-24 20:01:39', '2019-03-24 20:01:39', 257, 52, 70, 'escapadas', 0),
(4970, '2019-03-24 20:01:39', '2019-03-24 20:01:39', 257, 59, 70, 'escapadas', 0),
(4971, '2019-03-24 20:01:39', '2019-03-24 20:01:39', 257, 77, 70, 'escapadas', 0),
(4972, '2019-03-24 20:01:39', '2019-03-24 20:01:39', 257, 72, 70, 'escapadas', 0),
(4973, '2019-03-24 20:01:39', '2019-03-24 20:01:39', 257, 52, 80, 'atras', 0),
(4974, '2019-03-24 20:01:39', '2019-03-24 20:01:39', 257, 59, 80, 'atras', 0),
(4975, '2019-03-24 20:01:39', '2019-03-24 20:01:39', 257, 77, 80, 'atras', 0),
(4976, '2019-03-24 20:01:39', '2019-03-24 20:01:39', 257, 72, 80, 'atras', 0),
(4977, '2019-03-24 20:01:39', '2019-03-24 20:01:39', 257, 52, 90, 'falta_saque', 0),
(4978, '2019-03-24 20:01:39', '2019-03-24 20:01:39', 257, 59, 90, 'falta_saque', 0),
(4979, '2019-03-24 20:01:39', '2019-03-24 20:01:39', 257, 77, 90, 'falta_saque', 0),
(4980, '2019-03-24 20:01:39', '2019-03-24 20:01:39', 257, 72, 90, 'falta_saque', 0),
(4981, '2019-03-24 20:01:39', '2019-03-24 20:01:39', 257, 52, 100, 'errores', 0),
(4982, '2019-03-24 20:01:39', '2019-03-24 20:01:39', 257, 59, 100, 'errores', 0),
(4983, '2019-03-24 20:01:39', '2019-03-24 20:01:39', 257, 77, 100, 'errores', 0),
(4984, '2019-03-24 20:01:39', '2019-03-24 20:01:39', 257, 72, 100, 'errores', 0),
(4985, '2019-03-24 20:01:39', '2019-03-24 20:01:39', 257, 52, 110, 'total_tantos', 0),
(4986, '2019-03-24 20:01:39', '2019-03-24 20:01:39', 257, 59, 110, 'total_tantos', 0),
(4987, '2019-03-24 20:01:39', '2019-03-24 20:01:39', 257, 77, 110, 'total_tantos', 0),
(4988, '2019-03-24 20:01:39', '2019-03-24 20:01:39', 257, 72, 110, 'total_tantos', 0),
(4989, '2019-03-24 20:01:39', '2019-03-24 20:01:39', 257, 52, 120, 'total_fallos', 0),
(4990, '2019-03-24 20:01:39', '2019-03-24 20:01:39', 257, 59, 120, 'total_fallos', 0),
(4991, '2019-03-24 20:01:39', '2019-03-24 20:01:39', 257, 77, 120, 'total_fallos', 0),
(4992, '2019-03-24 20:01:39', '2019-03-24 20:01:39', 257, 72, 120, 'total_fallos', 0),
(5137, '2019-03-24 20:05:47', '2019-03-24 20:05:47', 258, 6, 10, 'saque', 0),
(5138, '2019-03-24 20:05:47', '2019-03-24 20:05:47', 258, 21, 10, 'saque', 0),
(5139, '2019-03-24 20:05:47', '2019-03-24 20:05:47', 258, 9, 10, 'saque', 0),
(5140, '2019-03-24 20:05:47', '2019-03-24 20:05:47', 258, 28, 10, 'saque', 0),
(5141, '2019-03-24 20:05:47', '2019-03-24 20:05:47', 258, 6, 20, 'dos_paredes', 0),
(5142, '2019-03-24 20:05:47', '2019-03-24 20:05:47', 258, 21, 20, 'dos_paredes', 0),
(5143, '2019-03-24 20:05:47', '2019-03-24 20:05:47', 258, 9, 20, 'dos_paredes', 0),
(5144, '2019-03-24 20:05:47', '2019-03-24 20:05:47', 258, 28, 20, 'dos_paredes', 0),
(5145, '2019-03-24 20:05:47', '2019-03-24 20:05:47', 258, 6, 30, 'dejada', 0),
(5146, '2019-03-24 20:05:47', '2019-03-24 20:05:47', 258, 21, 30, 'dejada', 0),
(5147, '2019-03-24 20:05:47', '2019-03-24 20:05:47', 258, 9, 30, 'dejada', 0),
(5148, '2019-03-24 20:05:47', '2019-03-24 20:05:47', 258, 28, 30, 'dejada', 0),
(5149, '2019-03-24 20:05:47', '2019-03-24 20:05:47', 258, 6, 40, 'aire', 0),
(5150, '2019-03-24 20:05:47', '2019-03-24 20:05:47', 258, 21, 40, 'aire', 0),
(5151, '2019-03-24 20:05:47', '2019-03-24 20:05:47', 258, 9, 40, 'aire', 0),
(5152, '2019-03-24 20:05:47', '2019-03-24 20:05:47', 258, 28, 40, 'aire', 0),
(5153, '2019-03-24 20:05:47', '2019-03-24 20:05:47', 258, 6, 50, 'bote', 0),
(5154, '2019-03-24 20:05:47', '2019-03-24 20:05:47', 258, 21, 50, 'bote', 0),
(5155, '2019-03-24 20:05:47', '2019-03-24 20:05:47', 258, 9, 50, 'bote', 0),
(5156, '2019-03-24 20:05:47', '2019-03-24 20:05:47', 258, 28, 50, 'bote', 0),
(5157, '2019-03-24 20:05:47', '2019-03-24 20:05:47', 258, 6, 60, 'cortadas', 0),
(5158, '2019-03-24 20:05:47', '2019-03-24 20:05:47', 258, 21, 60, 'cortadas', 0),
(5159, '2019-03-24 20:05:47', '2019-03-24 20:05:47', 258, 9, 60, 'cortadas', 0),
(5160, '2019-03-24 20:05:47', '2019-03-24 20:05:47', 258, 28, 60, 'cortadas', 0),
(5161, '2019-03-24 20:05:47', '2019-03-24 20:05:47', 258, 6, 70, 'escapadas', 0),
(5162, '2019-03-24 20:05:47', '2019-03-24 20:05:47', 258, 21, 70, 'escapadas', 0),
(5163, '2019-03-24 20:05:47', '2019-03-24 20:05:47', 258, 9, 70, 'escapadas', 0),
(5164, '2019-03-24 20:05:47', '2019-03-24 20:05:47', 258, 28, 70, 'escapadas', 0),
(5165, '2019-03-24 20:05:47', '2019-03-24 20:05:47', 258, 6, 80, 'atras', 0),
(5166, '2019-03-24 20:05:47', '2019-03-24 20:05:47', 258, 21, 80, 'atras', 0),
(5167, '2019-03-24 20:05:47', '2019-03-24 20:05:47', 258, 9, 80, 'atras', 0),
(5168, '2019-03-24 20:05:47', '2019-03-24 20:05:47', 258, 28, 80, 'atras', 0),
(5169, '2019-03-24 20:05:47', '2019-03-24 20:05:47', 258, 6, 90, 'falta_saque', 0),
(5170, '2019-03-24 20:05:47', '2019-03-24 20:05:47', 258, 21, 90, 'falta_saque', 0),
(5171, '2019-03-24 20:05:47', '2019-03-24 20:05:47', 258, 9, 90, 'falta_saque', 0),
(5172, '2019-03-24 20:05:47', '2019-03-24 20:05:47', 258, 28, 90, 'falta_saque', 0),
(5173, '2019-03-24 20:05:47', '2019-03-24 20:05:47', 258, 6, 100, 'errores', 0),
(5174, '2019-03-24 20:05:47', '2019-03-24 20:05:47', 258, 21, 100, 'errores', 0),
(5175, '2019-03-24 20:05:47', '2019-03-24 20:05:47', 258, 9, 100, 'errores', 0),
(5176, '2019-03-24 20:05:47', '2019-03-24 20:05:47', 258, 28, 100, 'errores', 0),
(5177, '2019-03-24 20:05:47', '2019-03-24 20:05:47', 258, 6, 110, 'total_tantos', 0),
(5178, '2019-03-24 20:05:47', '2019-03-24 20:05:47', 258, 21, 110, 'total_tantos', 0),
(5179, '2019-03-24 20:05:47', '2019-03-24 20:05:47', 258, 9, 110, 'total_tantos', 0),
(5180, '2019-03-24 20:05:47', '2019-03-24 20:05:47', 258, 28, 110, 'total_tantos', 0),
(5181, '2019-03-24 20:05:47', '2019-03-24 20:05:47', 258, 6, 120, 'total_fallos', 0),
(5182, '2019-03-24 20:05:47', '2019-03-24 20:05:47', 258, 21, 120, 'total_fallos', 0),
(5183, '2019-03-24 20:05:47', '2019-03-24 20:05:47', 258, 9, 120, 'total_fallos', 0),
(5184, '2019-03-24 20:05:47', '2019-03-24 20:05:47', 258, 28, 120, 'total_fallos', 0),
(5185, '2019-03-24 20:06:31', '2019-03-24 20:06:31', 259, 14, 10, 'saque', 0),
(5186, '2019-03-24 20:06:31', '2019-03-24 20:06:31', 259, 27, 10, 'saque', 0),
(5187, '2019-03-24 20:06:31', '2019-03-24 20:06:31', 259, 2, 10, 'saque', 0),
(5188, '2019-03-24 20:06:31', '2019-03-24 20:06:31', 259, 20, 10, 'saque', 0),
(5189, '2019-03-24 20:06:31', '2019-03-24 20:06:31', 259, 14, 20, 'dos_paredes', 0),
(5190, '2019-03-24 20:06:31', '2019-03-24 20:06:31', 259, 27, 20, 'dos_paredes', 0),
(5191, '2019-03-24 20:06:31', '2019-03-24 20:06:31', 259, 2, 20, 'dos_paredes', 0),
(5192, '2019-03-24 20:06:31', '2019-03-24 20:06:31', 259, 20, 20, 'dos_paredes', 0),
(5193, '2019-03-24 20:06:31', '2019-03-24 20:06:31', 259, 14, 30, 'dejada', 0),
(5194, '2019-03-24 20:06:31', '2019-03-24 20:06:31', 259, 27, 30, 'dejada', 0),
(5195, '2019-03-24 20:06:31', '2019-03-24 20:06:31', 259, 2, 30, 'dejada', 0),
(5196, '2019-03-24 20:06:31', '2019-03-24 20:06:31', 259, 20, 30, 'dejada', 0),
(5197, '2019-03-24 20:06:31', '2019-03-24 20:06:31', 259, 14, 40, 'aire', 0),
(5198, '2019-03-24 20:06:31', '2019-03-24 20:06:31', 259, 27, 40, 'aire', 0),
(5199, '2019-03-24 20:06:31', '2019-03-24 20:06:31', 259, 2, 40, 'aire', 0),
(5200, '2019-03-24 20:06:31', '2019-03-24 20:06:31', 259, 20, 40, 'aire', 0),
(5201, '2019-03-24 20:06:31', '2019-03-24 20:06:31', 259, 14, 50, 'bote', 0),
(5202, '2019-03-24 20:06:31', '2019-03-24 20:06:31', 259, 27, 50, 'bote', 0),
(5203, '2019-03-24 20:06:31', '2019-03-24 20:06:31', 259, 2, 50, 'bote', 0),
(5204, '2019-03-24 20:06:31', '2019-03-24 20:06:31', 259, 20, 50, 'bote', 0),
(5205, '2019-03-24 20:06:31', '2019-03-24 20:06:31', 259, 14, 60, 'cortadas', 0),
(5206, '2019-03-24 20:06:31', '2019-03-24 20:06:31', 259, 27, 60, 'cortadas', 0),
(5207, '2019-03-24 20:06:31', '2019-03-24 20:06:31', 259, 2, 60, 'cortadas', 0),
(5208, '2019-03-24 20:06:31', '2019-03-24 20:06:31', 259, 20, 60, 'cortadas', 0),
(5209, '2019-03-24 20:06:31', '2019-03-24 20:06:31', 259, 14, 70, 'escapadas', 0),
(5210, '2019-03-24 20:06:31', '2019-03-24 20:06:31', 259, 27, 70, 'escapadas', 0),
(5211, '2019-03-24 20:06:31', '2019-03-24 20:06:31', 259, 2, 70, 'escapadas', 0),
(5212, '2019-03-24 20:06:31', '2019-03-24 20:06:31', 259, 20, 70, 'escapadas', 0),
(5213, '2019-03-24 20:06:31', '2019-03-24 20:06:31', 259, 14, 80, 'atras', 0),
(5214, '2019-03-24 20:06:31', '2019-03-24 20:06:31', 259, 27, 80, 'atras', 0),
(5215, '2019-03-24 20:06:31', '2019-03-24 20:06:31', 259, 2, 80, 'atras', 0),
(5216, '2019-03-24 20:06:31', '2019-03-24 20:06:31', 259, 20, 80, 'atras', 0),
(5217, '2019-03-24 20:06:31', '2019-03-24 20:06:31', 259, 14, 90, 'falta_saque', 0),
(5218, '2019-03-24 20:06:31', '2019-03-24 20:06:31', 259, 27, 90, 'falta_saque', 0),
(5219, '2019-03-24 20:06:31', '2019-03-24 20:06:31', 259, 2, 90, 'falta_saque', 0),
(5220, '2019-03-24 20:06:31', '2019-03-24 20:06:31', 259, 20, 90, 'falta_saque', 0),
(5221, '2019-03-24 20:06:31', '2019-03-24 20:06:31', 259, 14, 100, 'errores', 0),
(5222, '2019-03-24 20:06:31', '2019-03-24 20:06:31', 259, 27, 100, 'errores', 0),
(5223, '2019-03-24 20:06:31', '2019-03-24 20:06:31', 259, 2, 100, 'errores', 0),
(5224, '2019-03-24 20:06:31', '2019-03-24 20:06:31', 259, 20, 100, 'errores', 0),
(5225, '2019-03-24 20:06:31', '2019-03-24 20:06:31', 259, 14, 110, 'total_tantos', 0),
(5226, '2019-03-24 20:06:31', '2019-03-24 20:06:31', 259, 27, 110, 'total_tantos', 0),
(5227, '2019-03-24 20:06:31', '2019-03-24 20:06:31', 259, 2, 110, 'total_tantos', 0),
(5228, '2019-03-24 20:06:31', '2019-03-24 20:06:31', 259, 20, 110, 'total_tantos', 0),
(5229, '2019-03-24 20:06:31', '2019-03-24 20:06:31', 259, 14, 120, 'total_fallos', 0),
(5230, '2019-03-24 20:06:31', '2019-03-24 20:06:31', 259, 27, 120, 'total_fallos', 0),
(5231, '2019-03-24 20:06:31', '2019-03-24 20:06:31', 259, 2, 120, 'total_fallos', 0),
(5232, '2019-03-24 20:06:31', '2019-03-24 20:06:31', 259, 20, 120, 'total_fallos', 0),
(5233, '2019-03-24 20:07:01', '2019-03-24 20:07:01', 253, 1, 10, 'saque', 0),
(5234, '2019-03-24 20:07:01', '2019-03-24 20:07:01', 253, 12, 10, 'saque', 0),
(5235, '2019-03-24 20:07:01', '2019-03-24 20:07:01', 253, 3, 10, 'saque', 0),
(5236, '2019-03-24 20:07:01', '2019-03-24 20:07:01', 253, 19, 10, 'saque', 0),
(5237, '2019-03-24 20:07:01', '2019-03-24 20:07:01', 253, 1, 20, 'dos_paredes', 0),
(5238, '2019-03-24 20:07:01', '2019-03-24 20:07:01', 253, 12, 20, 'dos_paredes', 0),
(5239, '2019-03-24 20:07:01', '2019-03-24 20:07:01', 253, 3, 20, 'dos_paredes', 0),
(5240, '2019-03-24 20:07:01', '2019-03-24 20:07:01', 253, 19, 20, 'dos_paredes', 0),
(5241, '2019-03-24 20:07:01', '2019-03-24 20:07:01', 253, 1, 30, 'dejada', 0),
(5242, '2019-03-24 20:07:01', '2019-03-24 20:07:01', 253, 12, 30, 'dejada', 0),
(5243, '2019-03-24 20:07:01', '2019-03-24 20:07:01', 253, 3, 30, 'dejada', 0),
(5244, '2019-03-24 20:07:01', '2019-03-24 20:07:01', 253, 19, 30, 'dejada', 0),
(5245, '2019-03-24 20:07:01', '2019-03-24 20:07:01', 253, 1, 40, 'aire', 0),
(5246, '2019-03-24 20:07:01', '2019-03-24 20:07:01', 253, 12, 40, 'aire', 0),
(5247, '2019-03-24 20:07:01', '2019-03-24 20:07:01', 253, 3, 40, 'aire', 0),
(5248, '2019-03-24 20:07:01', '2019-03-24 20:07:01', 253, 19, 40, 'aire', 0),
(5249, '2019-03-24 20:07:01', '2019-03-24 20:07:01', 253, 1, 50, 'bote', 0),
(5250, '2019-03-24 20:07:01', '2019-03-24 20:07:01', 253, 12, 50, 'bote', 0),
(5251, '2019-03-24 20:07:01', '2019-03-24 20:07:01', 253, 3, 50, 'bote', 0),
(5252, '2019-03-24 20:07:01', '2019-03-24 20:07:01', 253, 19, 50, 'bote', 0),
(5253, '2019-03-24 20:07:01', '2019-03-24 20:07:01', 253, 1, 60, 'cortadas', 0),
(5254, '2019-03-24 20:07:01', '2019-03-24 20:07:01', 253, 12, 60, 'cortadas', 0),
(5255, '2019-03-24 20:07:01', '2019-03-24 20:07:01', 253, 3, 60, 'cortadas', 0),
(5256, '2019-03-24 20:07:01', '2019-03-24 20:07:01', 253, 19, 60, 'cortadas', 0),
(5257, '2019-03-24 20:07:01', '2019-03-24 20:07:01', 253, 1, 70, 'escapadas', 0),
(5258, '2019-03-24 20:07:01', '2019-03-24 20:07:01', 253, 12, 70, 'escapadas', 0),
(5259, '2019-03-24 20:07:01', '2019-03-24 20:07:01', 253, 3, 70, 'escapadas', 0),
(5260, '2019-03-24 20:07:01', '2019-03-24 20:07:01', 253, 19, 70, 'escapadas', 0),
(5261, '2019-03-24 20:07:01', '2019-03-24 20:07:01', 253, 1, 80, 'atras', 0),
(5262, '2019-03-24 20:07:01', '2019-03-24 20:07:01', 253, 12, 80, 'atras', 0),
(5263, '2019-03-24 20:07:01', '2019-03-24 20:07:01', 253, 3, 80, 'atras', 0),
(5264, '2019-03-24 20:07:01', '2019-03-24 20:07:01', 253, 19, 80, 'atras', 0),
(5265, '2019-03-24 20:07:01', '2019-03-24 20:07:01', 253, 1, 90, 'falta_saque', 0),
(5266, '2019-03-24 20:07:01', '2019-03-24 20:07:01', 253, 12, 90, 'falta_saque', 0),
(5267, '2019-03-24 20:07:01', '2019-03-24 20:07:01', 253, 3, 90, 'falta_saque', 0),
(5268, '2019-03-24 20:07:01', '2019-03-24 20:07:01', 253, 19, 90, 'falta_saque', 0),
(5269, '2019-03-24 20:07:01', '2019-03-24 20:07:01', 253, 1, 100, 'errores', 0),
(5270, '2019-03-24 20:07:01', '2019-03-24 20:07:01', 253, 12, 100, 'errores', 0),
(5271, '2019-03-24 20:07:01', '2019-03-24 20:07:01', 253, 3, 100, 'errores', 0),
(5272, '2019-03-24 20:07:01', '2019-03-24 20:07:01', 253, 19, 100, 'errores', 0),
(5273, '2019-03-24 20:07:01', '2019-03-24 20:07:01', 253, 1, 110, 'total_tantos', 0),
(5274, '2019-03-24 20:07:01', '2019-03-24 20:07:01', 253, 12, 110, 'total_tantos', 0),
(5275, '2019-03-24 20:07:01', '2019-03-24 20:07:01', 253, 3, 110, 'total_tantos', 0),
(5276, '2019-03-24 20:07:01', '2019-03-24 20:07:01', 253, 19, 110, 'total_tantos', 0),
(5277, '2019-03-24 20:07:01', '2019-03-24 20:07:01', 253, 1, 120, 'total_fallos', 0),
(5278, '2019-03-24 20:07:01', '2019-03-24 20:07:01', 253, 12, 120, 'total_fallos', 0),
(5279, '2019-03-24 20:07:01', '2019-03-24 20:07:01', 253, 3, 120, 'total_fallos', 0),
(5280, '2019-03-24 20:07:01', '2019-03-24 20:07:01', 253, 19, 120, 'total_fallos', 0);

-- --------------------------------------------------------

--
-- Estructura de tabla para la tabla `formas_pagos`
--

CREATE TABLE `formas_pagos` (
  `id` int(10) UNSIGNED NOT NULL,
  `created_at` timestamp NULL DEFAULT NULL,
  `updated_at` timestamp NULL DEFAULT NULL,
  `name` tinytext COLLATE utf8_unicode_ci,
  `desc` text COLLATE utf8_unicode_ci
) ENGINE=InnoDB DEFAULT CHARSET=utf8 COLLATE=utf8_unicode_ci;

--
-- Volcado de datos para la tabla `formas_pagos`
--

INSERT INTO `formas_pagos` (`id`, `created_at`, `updated_at`, `name`, `desc`) VALUES
(1, '2018-08-06 10:30:24', '2018-08-06 10:30:24', 'Transferencia', 'Transferencia bancaria'),
(2, '2018-08-06 10:30:41', '2018-08-06 10:30:41', 'Domiciliación', 'Domiciliación bancaria'),
(3, '2018-08-06 10:30:56', '2018-08-06 10:30:56', 'Tarjeta', 'Tarjeta de débito/crédito'),
(4, '2018-08-06 10:31:26', '2018-08-06 10:31:26', 'Otras', 'Otras formas de pago');

-- --------------------------------------------------------

--
-- Estructura de tabla para la tabla `frontones`
--

CREATE TABLE `frontones` (
  `id` int(10) UNSIGNED NOT NULL,
  `created_at` timestamp NULL DEFAULT NULL,
  `updated_at` timestamp NULL DEFAULT NULL,
  `deleted_at` timestamp NULL DEFAULT NULL,
  `name` tinytext COLLATE utf8_unicode_ci,
  `direccion` mediumtext COLLATE utf8_unicode_ci,
  `cod_postal` char(5) COLLATE utf8_unicode_ci DEFAULT NULL,
  `municipio_id` int(11) DEFAULT NULL,
  `provincia_id` int(11) DEFAULT NULL,
  `email` mediumtext COLLATE utf8_unicode_ci,
  `telefono` char(15) COLLATE utf8_unicode_ci DEFAULT NULL
) ENGINE=InnoDB DEFAULT CHARSET=utf8 COLLATE=utf8_unicode_ci;

--
-- Volcado de datos para la tabla `frontones`
--

INSERT INTO `frontones` (`id`, `created_at`, `updated_at`, `deleted_at`, `name`, `direccion`, `cod_postal`, `municipio_id`, `provincia_id`, `email`, `telefono`) VALUES
(1, '2018-07-09 08:18:14', '2018-07-09 08:18:14', NULL, 'Ogueta', 'Plaza Amadeo García de Salazar, 2', '01007', 1, 1, 'mendizorroza.coo@vitoria-gasteiz.org', '945 16 10 90'),
(2, '2018-07-09 08:19:18', '2019-02-18 10:50:01', NULL, 'Bizkaia Frontoia', 'Martin Barua Pikaza 27', '48003', 78, 2, 'info@bizkaiafrontoia.com', NULL),
(3, '2018-07-09 08:20:00', '2019-02-18 10:48:59', NULL, 'Labrit', 'C/ JUAN DE LABRIT s/n, PLANTA BAJA', '31001', 125, 4, 'fnp@fnpelota.com', '948-222176'),
(6, '2019-01-07 11:04:44', '2019-01-07 11:04:44', NULL, 'Adarraga', 'Paseo de la Noria, 3', '26009', 35, 5, NULL, '941 26 20 08'),
(7, '2019-01-07 11:06:39', '2019-01-07 11:06:39', NULL, 'Aitzuri', 'Victoriano Arrate Hiribidea, 8,', '20750', 36, 3, NULL, '943 14 33 96'),
(8, '2019-01-07 11:07:48', '2019-01-07 11:07:48', NULL, 'Aldats', 'Kalea Gurutze, 901', '20820', 37, 3, NULL, '943 19 28 40'),
(9, '2019-01-07 11:10:16', '2019-01-07 11:10:16', NULL, 'Alto de Campo', NULL, '09690', 38, 7, NULL, '947 39 06 51'),
(10, '2019-01-07 11:11:38', '2019-01-07 11:11:38', NULL, 'Amazabal', 'Amazabal s/n', '31880', 39, 4, NULL, '948-510719'),
(11, '2019-01-07 11:17:31', '2019-01-07 11:17:31', NULL, 'Amorebieta IV', 'Zelaieta Parkea, s/n', '48340', 40, 2, NULL, '629477575 .'),
(12, '2019-01-07 11:18:35', '2019-01-07 11:18:35', NULL, 'Antzizar', 'Igartza Oleta, 3,', '20200', 41, 3, NULL, '943 88 79 00'),
(13, '2019-01-07 11:19:45', '2019-01-07 11:19:45', NULL, 'Areatza', 'Plaza Pedro Antono Añibarro s/n', '48143', 42, 2, NULL, '946739010'),
(14, '2019-01-07 11:22:10', '2019-01-07 11:22:10', NULL, 'Aranabia', 'CL MAYOR,6 BIS', '31730', 43, 4, NULL, '948 45 21 45'),
(15, '2019-01-07 11:23:40', '2019-01-07 11:23:40', NULL, 'Aritzbatalde', 'Araba, 20', '20800', 44, 3, NULL, '943 83 32 60'),
(16, '2019-01-07 11:25:11', '2019-01-07 11:25:11', NULL, 'Arizmendi', 'Ctra. Mallabia, s/n', '48260', 45, 2, NULL, '943 17 90 90'),
(17, '2019-01-07 11:26:55', '2019-01-07 11:26:55', NULL, 'Arrate', 'Arrate plaza', '20140', 71, 3, NULL, '943590174'),
(18, '2019-01-07 11:29:55', '2019-01-07 11:29:55', NULL, 'Arretxe', 'Arretxe Elizaldea s/n', '20800', 44, NULL, NULL, '948 74 17 03'),
(19, '2019-01-07 11:31:42', '2019-01-07 11:31:42', NULL, 'Arroyo I', 'C/ Arias s/n', '47195', 48, 1, NULL, '983 40 60 55'),
(20, '2019-01-07 11:34:32', '2019-02-18 10:46:33', NULL, 'Arrubal', 'Calle del Calvario, 10A', '26151', 49, 5, NULL, NULL),
(21, '2019-01-07 11:36:14', '2019-01-07 11:36:14', NULL, 'Astelena', 'Isasi Kalea, 13', '20600', 53, 3, NULL, '943 20 32 40'),
(22, '2019-01-07 11:37:33', '2019-02-18 10:06:38', NULL, 'Atano III', 'Anoeta Pasalekua, 6', '20014', 54, 3, NULL, '943 48 18 90'),
(23, '2019-01-07 11:41:44', '2019-01-07 11:41:44', NULL, 'Jesus Muñoz', 'Lehendakari Agirre 25', '48330', 115, 2, NULL, NULL),
(24, '2019-01-07 11:42:36', '2019-01-07 11:43:30', NULL, 'Arrigorriaga', 'Severo Ochoa, 1', '48480', 131, 2, NULL, NULL),
(25, '2019-01-07 11:46:53', '2019-01-07 11:46:53', NULL, 'Artza', 'Askatasun Hiribidea, 1', '48370', 50, 2, NULL, '946 02 93 71'),
(26, '2019-01-07 11:47:49', '2019-01-07 12:12:14', NULL, 'Ascain', NULL, NULL, 51, 6, NULL, NULL),
(27, '2019-01-07 11:47:59', '2019-01-07 12:11:46', NULL, 'Askatasuna', NULL, NULL, 52, 4, NULL, NULL),
(28, '2019-01-07 11:48:18', '2019-01-07 12:11:17', NULL, 'Atari-Soro', NULL, NULL, 55, 3, NULL, NULL),
(29, '2019-01-07 11:52:22', '2019-01-07 12:10:01', NULL, 'Atarrabia', NULL, NULL, 57, 4, NULL, NULL),
(31, '2019-01-07 11:52:44', '2019-01-07 12:09:15', NULL, 'Azketa', NULL, NULL, 59, 4, NULL, NULL),
(32, '2019-01-07 11:52:59', '2019-01-07 12:08:48', NULL, 'Aztinondo', NULL, NULL, 60, 3, NULL, NULL),
(33, '2019-01-07 11:53:16', '2019-01-07 12:08:17', NULL, 'Barakaldes', NULL, NULL, 61, 2, NULL, NULL),
(34, '2019-01-07 11:53:30', '2019-01-07 12:07:54', NULL, 'Baratze', NULL, NULL, 62, 3, NULL, NULL),
(35, '2019-01-07 11:53:43', '2019-01-07 12:07:34', NULL, 'Barberito I', NULL, NULL, 63, 5, NULL, NULL),
(36, '2019-01-07 11:53:57', '2019-01-07 12:07:02', NULL, 'Barkainea', NULL, NULL, 64, 4, NULL, NULL),
(37, '2019-01-07 11:54:15', '2019-01-07 12:06:36', NULL, 'Baztan', NULL, NULL, 65, 4, NULL, NULL),
(38, '2019-01-07 11:54:26', '2019-01-07 12:06:08', NULL, 'Beloki', NULL, NULL, 66, 3, NULL, NULL),
(39, '2019-01-07 11:54:37', '2019-01-15 10:00:46', NULL, 'Beotibar', NULL, NULL, 67, 3, NULL, NULL),
(40, '2019-01-07 11:54:52', '2019-01-07 12:05:20', NULL, 'Beraskola', NULL, NULL, 68, 2, NULL, NULL),
(41, '2019-01-07 11:55:12', '2019-01-07 12:04:54', NULL, 'Beti Alai', NULL, NULL, 69, 3, NULL, NULL),
(42, '2019-01-07 11:55:23', '2019-01-07 12:04:35', NULL, 'Biaizpe', NULL, NULL, 70, 4, NULL, NULL),
(43, '2019-01-07 11:55:42', '2019-01-07 12:04:12', NULL, 'Bidezarra', NULL, NULL, 71, 4, NULL, NULL),
(44, '2019-01-07 11:55:57', '2019-01-15 08:16:10', NULL, 'Bizkaia', NULL, NULL, 78, 2, NULL, NULL),
(45, '2019-01-07 11:56:08', '2019-01-07 12:03:31', NULL, 'Burunda', NULL, NULL, 73, 4, NULL, NULL),
(46, '2019-01-07 11:56:25', '2019-01-07 12:03:11', NULL, 'Cantolagua', NULL, NULL, 74, 4, NULL, NULL),
(47, '2019-01-07 11:56:39', '2019-02-18 10:39:55', NULL, 'Carmelo Balda', 'Paseo de Anoeta, 16', '20014', 54, 3, NULL, '943481870'),
(48, '2019-01-07 11:56:52', '2019-01-07 12:02:31', NULL, 'Casa de los Navarros', NULL, NULL, 75, 8, NULL, NULL),
(49, '2019-01-07 11:57:13', '2019-01-07 12:02:01', NULL, 'Chiquito de Gallarta', NULL, NULL, 77, 2, NULL, NULL),
(50, '2019-01-07 11:57:28', '2019-01-15 08:16:53', NULL, 'Club Deportivo de Bilbao', NULL, NULL, 78, 2, NULL, NULL),
(51, '2019-01-07 11:57:45', '2019-01-07 12:01:11', NULL, 'Complejo Deportivo Michelin', NULL, NULL, 79, 7, NULL, NULL),
(52, '2019-01-07 11:59:18', '2019-01-07 11:59:43', NULL, 'Daniel Ugarte', NULL, NULL, 81, 6, NULL, NULL),
(53, '2019-01-07 12:12:51', '2019-01-07 12:12:51', NULL, 'Corana', NULL, NULL, 80, 5, NULL, NULL),
(54, '2019-01-07 12:13:18', '2019-01-07 12:13:18', NULL, 'Daniel Hugarte', NULL, NULL, 81, 6, NULL, NULL),
(55, '2019-01-07 12:13:37', '2019-01-07 12:13:37', NULL, 'Donibane', NULL, NULL, 82, 2, NULL, NULL),
(56, '2019-01-07 12:14:07', '2019-01-07 12:14:07', NULL, 'Eaurta Jai', NULL, NULL, 83, 4, NULL, NULL),
(57, '2019-01-07 12:14:37', '2019-01-07 12:14:37', NULL, 'Ederrena', NULL, NULL, 84, 4, NULL, NULL),
(58, '2019-01-07 12:14:57', '2019-01-07 12:14:57', NULL, 'Ederrena', NULL, NULL, 85, 3, NULL, NULL),
(59, '2019-01-07 12:15:25', '2019-01-07 12:15:25', NULL, 'El Hogar', NULL, NULL, 86, 6, NULL, NULL),
(60, '2019-01-07 12:15:57', '2019-01-07 12:15:57', NULL, 'El Hoyal', NULL, NULL, NULL, 9, NULL, NULL),
(61, '2019-01-07 12:16:26', '2019-01-07 12:16:26', NULL, 'El Mercadillo', NULL, NULL, 88, 2, NULL, NULL),
(62, '2019-01-07 12:16:58', '2019-01-07 12:16:58', NULL, 'Eleizalde Barri', NULL, NULL, 89, 2, NULL, NULL),
(63, '2019-01-07 12:17:22', '2019-01-07 12:17:22', NULL, 'Elexalde', NULL, NULL, 10, 2, NULL, NULL),
(64, '2019-01-07 12:17:43', '2019-01-07 12:17:43', NULL, 'Elorri', NULL, NULL, 16, 3, NULL, NULL),
(65, '2019-01-07 12:18:07', '2019-01-07 12:18:07', NULL, 'Ereta', NULL, NULL, 92, 4, NULL, NULL),
(66, '2019-01-07 12:18:39', '2019-01-07 12:18:39', NULL, 'Eminea', NULL, NULL, 93, 4, NULL, NULL),
(67, '2019-01-07 12:19:17', '2019-01-07 12:19:17', NULL, 'España', NULL, NULL, 94, 5, NULL, NULL),
(68, '2019-01-07 12:19:46', '2019-01-07 12:19:46', NULL, 'Ezkurdi', NULL, NULL, 95, 2, NULL, NULL),
(69, '2019-01-07 12:20:16', '2019-01-07 12:20:16', NULL, 'Ezpeldoya', NULL, NULL, 96, 4, NULL, NULL),
(70, '2019-01-07 12:20:50', '2019-01-07 12:20:50', NULL, 'Eztegara', NULL, NULL, 97, 4, NULL, NULL),
(71, '2019-01-07 12:22:24', '2019-01-07 12:22:24', NULL, 'Fernando Garaita', NULL, NULL, 98, 1, NULL, NULL),
(72, '2019-01-07 12:22:59', '2019-01-07 12:22:59', NULL, 'Areta', NULL, NULL, 99, 1, NULL, NULL),
(73, '2019-01-07 12:23:31', '2019-02-18 10:23:43', NULL, 'Antiguoako', 'Plaza Alfonso XIII', '20008', 54, 3, NULL, NULL),
(74, '2019-01-07 12:24:02', '2019-01-07 12:24:02', NULL, 'Ikastola', NULL, NULL, 120, 3, NULL, NULL),
(75, '2019-01-07 12:24:52', '2019-01-07 12:24:52', NULL, 'Garat', NULL, NULL, 101, 6, NULL, NULL),
(76, '2019-01-07 12:25:24', '2019-01-07 12:25:24', NULL, 'Gorondabeko', NULL, NULL, 102, 2, NULL, NULL),
(77, '2019-01-07 12:25:49', '2019-01-07 12:25:49', NULL, 'Gurea', NULL, NULL, 103, 3, NULL, NULL),
(78, '2019-01-07 12:30:13', '2019-01-07 12:30:13', NULL, 'Gurutzeaga', NULL, NULL, 104, 3, NULL, NULL),
(79, '2019-01-07 12:31:05', '2019-01-07 12:31:05', NULL, 'Hilario Azkarate', NULL, NULL, 105, 2, NULL, NULL),
(80, '2019-01-07 12:31:38', '2019-01-07 12:31:38', NULL, 'Igarondo', NULL, NULL, 106, 3, NULL, NULL),
(81, '2019-01-07 12:32:15', '2019-01-07 12:32:15', NULL, 'Ilunberri', NULL, NULL, 107, 4, NULL, NULL),
(82, '2019-01-07 12:33:03', '2019-02-18 10:30:09', NULL, 'Intxaur', 'Hernandorena Kalea, 2', '20159', 136, 3, 'bulegoak@zizurkil.com', '943691012'),
(83, '2019-01-07 12:33:46', '2019-01-07 12:33:46', NULL, 'Iturrigorri', NULL, NULL, 109, 3, NULL, NULL),
(84, '2019-01-07 12:34:29', '2019-02-18 10:27:13', NULL, 'Izarraitz', 'Goiko Kalea, 12', '20730', 140, 3, NULL, '943816777'),
(85, '2019-01-07 12:34:59', '2019-01-07 12:34:59', NULL, 'Jai Alai', NULL, NULL, 111, 2, NULL, NULL),
(86, '2019-01-07 12:35:27', '2019-01-07 12:35:27', NULL, 'Jai alai', NULL, NULL, 112, 2, NULL, NULL),
(87, '2019-01-07 12:36:01', '2019-01-07 12:37:59', NULL, 'Jai alai', NULL, NULL, 101, 6, NULL, NULL),
(88, '2019-01-07 12:38:53', '2019-01-07 12:38:53', NULL, 'Jaian Jai', NULL, NULL, 113, 4, NULL, NULL),
(89, '2019-01-07 12:40:37', '2019-01-07 12:40:37', NULL, 'Jesus Abrego', NULL, NULL, 114, 4, NULL, NULL),
(90, '2019-01-07 12:41:26', '2019-01-07 12:41:26', NULL, 'Joseba Iñurrategi', NULL, NULL, 116, 3, NULL, NULL),
(91, '2019-01-07 12:42:00', '2019-01-07 12:42:00', NULL, 'Josta Leku', NULL, NULL, 117, 4, NULL, NULL),
(92, '2019-01-07 12:42:33', '2019-01-07 12:42:33', NULL, 'Jostaldi', NULL, NULL, 118, 3, NULL, NULL),
(93, '2019-01-07 12:43:12', '2019-01-07 12:43:12', NULL, 'Juventud', NULL, NULL, 119, 5, NULL, NULL),
(94, '2019-01-07 12:48:38', '2019-02-18 10:24:57', NULL, 'Kalegoen', 'Kalegoen Plaza', '20870', 120, 3, NULL, NULL),
(95, '2019-01-07 12:49:26', '2019-02-18 10:10:05', NULL, 'Kurtzea', NULL, NULL, 121, 2, NULL, NULL),
(96, '2019-01-07 12:50:04', '2019-01-07 12:50:04', NULL, 'La Elipa', NULL, NULL, 122, 11, NULL, NULL),
(98, '2019-01-07 12:50:42', '2019-01-15 08:19:34', NULL, 'La Ensenada', NULL, NULL, 123, 10, NULL, NULL),
(99, '2019-01-07 12:51:21', '2019-01-07 12:51:21', NULL, 'La Universidad de la Pelota', NULL, NULL, 124, 2, NULL, NULL),
(101, '2019-01-07 12:52:34', '2019-01-07 12:52:34', NULL, 'Lakua', NULL, NULL, 126, 1, NULL, NULL),
(102, '2019-01-07 12:53:20', '2019-01-07 12:53:20', NULL, 'Larrain Toki', NULL, NULL, 127, 4, NULL, NULL),
(103, '2019-01-07 12:54:18', '2019-01-07 12:54:18', NULL, 'Larrunarri', NULL, NULL, 128, 3, NULL, NULL),
(104, '2019-01-07 12:55:10', '2019-01-07 12:55:10', NULL, 'Las Llanas', NULL, NULL, 129, 2, NULL, NULL),
(105, '2019-01-07 12:55:49', '2019-02-18 10:12:35', NULL, 'Lautximeneta', 'Plaza Karlos Santamaria, 7', '20018', 54, 3, NULL, NULL),
(106, '2019-01-08 09:28:07', '2019-01-08 09:28:07', NULL, 'Municipal', NULL, NULL, 34, 3, NULL, NULL),
(107, '2019-01-08 09:35:47', '2019-01-08 09:36:39', NULL, 'Sahatsaga', NULL, NULL, 133, 3, NULL, NULL),
(108, '2019-01-21 12:44:51', '2019-01-21 12:44:51', NULL, 'Municipal', NULL, NULL, 134, 2, NULL, NULL),
(109, '2019-01-23 07:51:50', '2019-01-23 07:51:50', NULL, 'Fronton Municipal', NULL, NULL, 135, 2, NULL, NULL),
(110, '2019-01-23 08:24:13', '2019-01-23 08:24:13', NULL, 'Intxaur', NULL, NULL, 108, 3, NULL, NULL),
(111, '2019-01-23 10:07:23', '2019-02-18 12:21:38', NULL, 'Fronton Municipal', 'Herriko Plaza, z/g', '48314', 137, 2, NULL, '946252953'),
(112, '2019-01-23 10:08:10', '2019-02-18 12:18:38', NULL, 'Igarondo', 'Lugar Nagusia, 3 A', '20213', 106, 3, NULL, '943187100'),
(113, '2019-01-29 08:19:52', '2019-02-18 12:16:19', NULL, 'Fronton Municipal', 'Aita Gotxon Kalea, 9', '48610', 139, 2, NULL, '946763119'),
(114, '2019-01-30 11:36:26', '2019-02-18 10:11:09', NULL, 'Izarraitz', 'Goiko Kalea, 12', '20730', 140, 3, NULL, NULL),
(115, '2019-02-05 08:51:43', '2019-02-18 12:13:27', NULL, 'Frontón Municipal', 'Arteiz Kalea, z/g', '48269', 141, 2, NULL, '943179848'),
(116, '2019-02-05 08:58:35', '2019-02-18 12:06:39', NULL, 'Izarraitz', 'Goiko Kalea, 12', '20730', 140, 3, NULL, '943812563'),
(117, '2019-02-13 09:01:18', '2019-02-18 12:03:52', NULL, 'La Juventud', 'Calle Nicolas Arrabal, 23', '42003', 143, 12, NULL, NULL),
(118, '2019-02-13 09:02:05', '2019-02-18 10:15:37', NULL, 'Ultzama', 'Cl. San Pedro, 12', '31797', 142, 4, NULL, '948305420'),
(119, '2019-02-18 09:21:08', '2019-02-18 09:21:08', NULL, 'Zubikoa', 'Bidebarrieta Kalea, 2', '20560', 144, 3, NULL, NULL),
(120, '2019-02-18 09:23:57', '2019-02-18 09:53:08', NULL, 'Auzoeta', 'Barrio Astigarraga, 3 A0', '20211', 58, 3, NULL, NULL),
(121, '2019-03-05 10:22:36', '2019-03-05 10:22:36', NULL, 'Municipal', 'Calle El Sol, 5', '26511', 145, 5, NULL, NULL),
(122, '2019-03-26 09:33:45', '2019-03-26 09:33:45', NULL, 'Municipal Fuenmayor', 'Ctra. de Navarrete, 5', '26360', 24, 5, NULL, '941 45 03 29');

-- --------------------------------------------------------

--
-- Estructura de tabla para la tabla `menus`
--

CREATE TABLE `menus` (
  `id` int(10) UNSIGNED NOT NULL,
  `name` varchar(255) COLLATE utf8mb4_unicode_ci NOT NULL,
  `created_at` timestamp NULL DEFAULT NULL,
  `updated_at` timestamp NULL DEFAULT NULL
) ENGINE=InnoDB DEFAULT CHARSET=utf8mb4 COLLATE=utf8mb4_unicode_ci;

--
-- Volcado de datos para la tabla `menus`
--

INSERT INTO `menus` (`id`, `name`, `created_at`, `updated_at`) VALUES
(1, 'admin', '2018-06-13 07:41:18', '2018-06-13 07:41:18');

-- --------------------------------------------------------

--
-- Estructura de tabla para la tabla `menu_items`
--

CREATE TABLE `menu_items` (
  `id` int(10) UNSIGNED NOT NULL,
  `menu_id` int(10) UNSIGNED DEFAULT NULL,
  `title` varchar(255) COLLATE utf8mb4_unicode_ci NOT NULL,
  `url` varchar(255) COLLATE utf8mb4_unicode_ci NOT NULL,
  `target` varchar(255) COLLATE utf8mb4_unicode_ci NOT NULL DEFAULT '_self',
  `icon_class` varchar(255) COLLATE utf8mb4_unicode_ci DEFAULT NULL,
  `color` varchar(255) COLLATE utf8mb4_unicode_ci DEFAULT NULL,
  `parent_id` int(11) DEFAULT NULL,
  `order` int(11) NOT NULL,
  `created_at` timestamp NULL DEFAULT NULL,
  `updated_at` timestamp NULL DEFAULT NULL,
  `route` varchar(255) COLLATE utf8mb4_unicode_ci DEFAULT NULL,
  `parameters` text COLLATE utf8mb4_unicode_ci
) ENGINE=InnoDB DEFAULT CHARSET=utf8mb4 COLLATE=utf8mb4_unicode_ci;

--
-- Volcado de datos para la tabla `menu_items`
--

INSERT INTO `menu_items` (`id`, `menu_id`, `title`, `url`, `target`, `icon_class`, `color`, `parent_id`, `order`, `created_at`, `updated_at`, `route`, `parameters`) VALUES
(1, 1, 'Dashboard', '', '_self', 'voyager-boat', NULL, NULL, 1, '2018-06-13 07:41:18', '2018-06-13 07:41:18', 'voyager.dashboard', NULL),
(3, 1, 'Users', '', '_self', 'voyager-person', NULL, NULL, 3, '2018-06-13 07:41:18', '2018-06-13 07:41:18', 'voyager.users.index', NULL),
(4, 1, 'Roles', '', '_self', 'voyager-lock', NULL, NULL, 2, '2018-06-13 07:41:18', '2018-06-13 07:41:18', 'voyager.roles.index', NULL),
(5, 1, 'Tools', '', '_self', 'voyager-tools', NULL, NULL, 4, '2018-06-13 07:41:18', '2018-09-13 12:06:44', NULL, NULL),
(6, 1, 'Menu Builder', '', '_self', 'voyager-list', NULL, 5, 1, '2018-06-13 07:41:18', '2018-09-13 12:06:44', 'voyager.menus.index', NULL),
(7, 1, 'Database', '', '_self', 'voyager-data', NULL, 5, 2, '2018-06-13 07:41:18', '2018-09-13 12:06:44', 'voyager.database.index', NULL),
(8, 1, 'Compass', '', '_self', 'voyager-compass', NULL, 5, 3, '2018-06-13 07:41:18', '2018-09-13 12:06:44', 'voyager.compass.index', NULL),
(9, 1, 'BREAD', '', '_self', 'voyager-bread', NULL, 5, 4, '2018-06-13 07:41:18', '2018-09-13 12:06:44', 'voyager.bread.index', NULL),
(10, 1, 'Settings', '', '_self', 'voyager-settings', NULL, NULL, 5, '2018-06-13 07:41:18', '2018-09-13 12:06:44', 'voyager.settings.index', NULL),
(11, 1, 'Hooks', '', '_self', 'voyager-hook', NULL, 5, 5, '2018-06-13 07:41:21', '2018-09-13 12:06:44', 'voyager.hooks', NULL),
(15, 1, 'Provincias', '', '_self', 'voyager-trees', '#000000', 30, 1, '2018-06-14 07:14:26', '2018-09-13 12:09:21', 'voyager.provincias.index', 'null'),
(16, 1, 'Municipios', '', '_self', 'voyager-company', '#000000', 30, 2, '2018-06-14 07:16:04', '2018-09-13 12:07:31', 'voyager.municipios.index', 'null'),
(18, 1, 'Campeonatos', '', '_self', 'voyager-trophy', '#000000', 28, 2, '2018-07-02 05:02:03', '2018-09-13 12:06:51', 'voyager.campeonatos.index', 'null'),
(19, 1, 'Frontones', '', '_self', 'voyager-shop', '#000000', 30, 3, '2018-07-09 08:09:49', '2018-09-13 12:07:35', 'voyager.frontones.index', 'null'),
(20, 1, 'Estado Festivales', '', '_self', 'voyager-settings', '#000000', 28, 3, '2018-07-09 08:37:56', '2018-09-13 12:06:58', 'voyager.estado-festivals.index', 'null'),
(21, 1, 'Tipo Partidos', '', '_self', 'voyager-list', '#000000', 28, 4, '2018-07-09 09:01:15', '2018-09-13 12:08:42', 'voyager.tipo-partidos.index', 'null'),
(22, 1, 'Clientes', '', '_self', NULL, NULL, 29, 1, '2018-08-01 09:46:16', '2018-09-13 12:07:10', 'voyager.clientes.index', NULL),
(24, 1, 'Formas de Pago', '', '_self', NULL, '#000000', 29, 2, '2018-08-06 10:30:06', '2018-09-13 12:07:13', 'voyager.formas-pagos.index', 'null'),
(25, 1, 'Factura Envios', '', '_self', NULL, NULL, 29, 3, '2018-08-06 10:37:40', '2018-09-13 12:07:19', 'voyager.factura-envios.index', NULL),
(27, 1, 'Pelotaris ASPE', '', '_self', 'voyager-group', '#000000', 28, 1, '2018-08-07 07:23:01', '2018-09-13 12:07:54', 'voyager.pelotaris-aspe.index', 'null'),
(28, 1, 'Deportivo', '', '_self', 'voyager-barbell', '#000000', NULL, 6, '2018-09-13 12:05:48', '2018-12-18 07:59:27', NULL, ''),
(29, 1, 'Facturación', '', '_self', 'voyager-dollar', '#000000', NULL, 8, '2018-09-13 12:06:08', '2018-09-13 12:07:35', NULL, ''),
(30, 1, 'Ubicaciones', '', '_self', 'voyager-compass', '#000000', NULL, 9, '2018-09-13 12:06:24', '2018-09-13 12:07:35', NULL, ''),
(31, 1, 'Entrenamientos', '', '_self', 'voyager-double-right', '#000000', NULL, 7, '2018-12-18 07:59:15', '2018-12-18 07:59:27', NULL, ''),
(33, 1, 'Actitudes', '', '_self', NULL, '#000000', 31, 1, '2018-12-18 08:01:15', '2018-12-18 08:05:28', 'voyager.entr-actitud.index', 'null'),
(34, 1, 'Aprovechamientos', '', '_self', NULL, '#000000', 31, 2, '2018-12-18 08:01:54', '2018-12-18 08:05:36', 'voyager.entr-aprovechamiento.index', 'null'),
(35, 1, 'Contenidos', '', '_self', NULL, '#000000', 31, 3, '2018-12-18 08:02:29', '2018-12-18 08:05:54', 'voyager.entr-contenido.index', 'null'),
(36, 1, 'Evoluciones', '', '_self', NULL, '#000000', 31, 4, '2018-12-18 08:03:30', '2018-12-18 08:05:45', 'voyager.entr-evolucion.index', 'null'),
(37, 1, 'Frontones', '', '_self', NULL, '#000000', 31, 5, '2018-12-18 08:04:40', '2018-12-18 08:06:02', 'voyager.entr-frontones.index', 'null'),
(38, 1, 'Motivos Eventos de Prensa', '', '_self', NULL, NULL, 39, 1, '2018-12-18 08:11:34', '2018-12-18 08:14:46', 'voyager.prensa-motivos.index', NULL),
(39, 1, 'Prensa', '', '_self', 'voyager-tv', '#000000', NULL, 10, '2018-12-18 08:14:36', '2018-12-18 08:14:46', NULL, '');

-- --------------------------------------------------------

--
-- Estructura de tabla para la tabla `migrations`
--

CREATE TABLE `migrations` (
  `id` int(10) UNSIGNED NOT NULL,
  `migration` varchar(255) COLLATE utf8mb4_unicode_ci NOT NULL,
  `batch` int(11) NOT NULL
) ENGINE=InnoDB DEFAULT CHARSET=utf8mb4 COLLATE=utf8mb4_unicode_ci;

--
-- Volcado de datos para la tabla `migrations`
--

INSERT INTO `migrations` (`id`, `migration`, `batch`) VALUES
(1, '2014_10_12_000000_create_users_table', 1),
(2, '2014_10_12_100000_create_password_resets_table', 1),
(3, '2016_01_01_000000_add_voyager_user_fields', 1),
(4, '2016_01_01_000000_create_data_types_table', 1),
(5, '2016_05_19_173453_create_menu_table', 1),
(6, '2016_10_21_190000_create_roles_table', 1),
(7, '2016_10_21_190000_create_settings_table', 1),
(8, '2016_11_30_135954_create_permission_table', 1),
(9, '2016_11_30_141208_create_permission_role_table', 1),
(10, '2016_12_26_201236_data_types__add__server_side', 1),
(11, '2017_01_13_000000_add_route_to_menu_items_table', 1),
(12, '2017_01_14_005015_create_translations_table', 1),
(13, '2017_01_15_000000_make_table_name_nullable_in_permissions_table', 1),
(14, '2017_03_06_000000_add_controller_to_data_types_table', 1),
(15, '2017_04_21_000000_add_order_to_data_rows_table', 1),
(16, '2017_07_05_210000_add_policyname_to_data_types_table', 1),
(17, '2017_08_05_000000_add_group_to_settings_table', 1),
(18, '2017_11_26_013050_add_user_role_relationship', 1),
(19, '2017_11_26_015000_create_user_roles_table', 1),
(20, '2018_03_11_000000_add_user_settings', 1),
(21, '2018_03_14_000000_add_details_to_data_types_table', 1),
(22, '2018_03_16_000000_make_settings_value_nullable', 1),
(23, '2016_01_01_000000_create_pages_table', 2),
(24, '2016_01_01_000000_create_posts_table', 2),
(25, '2016_02_15_204651_create_categories_table', 2),
(26, '2017_04_11_000000_alter_post_nullable_fields_table', 2),
(35, '2018_10_23_062821_create_entr_contenido_table', 3),
(36, '2018_10_23_062845_create_entr_actitud_table', 3),
(37, '2018_10_23_062904_create_entr_aprovechamiento_table', 3),
(38, '2018_10_23_062922_create_entr_evolucion_table', 3),
(39, '2018_10_23_062939_create_entrenamientos_table', 3),
(40, '2018_10_25_071936_create_entr_fronton_table', 3),
(41, '2018_10_30_120311_create_contratos_header_table', 3),
(42, '2018_10_30_120605_add_header_to_contratos_table', 3),
(43, '2018_10_30_120843_add_header_to_contrato_campeonatoss_table', 3),
(44, '2018_11_02_081931_add_file_to_contratos_header_table', 3),
(45, '2018_11_05_160433_add_coste_no_gar_to_contratos_table', 4),
(46, '2018_11_05_160707_add_file_derechos_to_contratos_header_table', 4),
(47, '2018_11_16_075639_create_contratos_comercial', 5),
(48, '2018_11_16_112150_add_fecha_presupuesto_to_festivales_table', 5),
(49, '2018_11_19_123340_add_prima_no_gar_to_contratos_table', 5),
(50, '2018_11_20_115643_create_festival_costes_entradas_table', 6),
(51, '2018_11_26_155833_add_pelotari_id_to_contratos_comercial_table', 6),
(52, '2018_11_27_094737_add_porcentaje_to_festival_costes_table', 6),
(53, '2018_11_30_105512_add_fronton_id_to_entrenamientos_table', 7),
(54, '2018_11_30_110317_change_fields_to_nullable_in_entrenamientos_table', 7),
(55, '2018_12_03_161554_create_prensa_motivos_table', 8),
(56, '2018_12_03_162214_create_prensa_eventos_table', 8),
(57, '2018_12_03_162657_create_prensa_evento_pelotaris_table', 8),
(58, '2018_12_04_112847_add_desc_to_prensa_eventos_table', 8),
(59, '2019_01_10_115130_add_organizador_to_festivales_table', 9),
(60, '2019_01_18_134001_create_festival_contactos_table', 10);

-- --------------------------------------------------------

--
-- Estructura de tabla para la tabla `municipios`
--

CREATE TABLE `municipios` (
  `id` int(10) UNSIGNED NOT NULL,
  `name` tinytext COLLATE utf8_unicode_ci,
  `created_at` timestamp NULL DEFAULT NULL,
  `updated_at` timestamp NULL DEFAULT NULL,
  `provincia_id` int(11) DEFAULT NULL
) ENGINE=InnoDB DEFAULT CHARSET=utf8 COLLATE=utf8_unicode_ci;

--
-- Volcado de datos para la tabla `municipios`
--

INSERT INTO `municipios` (`id`, `name`, `created_at`, `updated_at`, `provincia_id`) VALUES
(1, 'Gasteiz', '2018-06-14 07:42:04', '2018-06-14 07:46:07', 1),
(2, 'Dulantzi', '2018-06-14 07:45:54', '2018-06-14 07:45:54', 1),
(4, 'Goizueta', '2018-06-19 09:34:34', '2018-06-19 09:34:34', 4),
(7, 'Huarte', '2018-11-08 06:28:29', '2018-11-08 06:28:29', 4),
(9, 'Berriz', '2018-11-08 06:29:02', '2018-11-08 06:29:02', 2),
(10, 'Zaratamo', '2018-11-08 06:29:13', '2018-11-08 06:29:13', 2),
(11, 'Ezcaray', '2018-11-08 06:29:27', '2018-11-08 06:29:27', 5),
(14, 'Najera', '2018-11-08 06:30:08', '2018-11-08 06:30:08', 5),
(19, 'Sartaguda', '2018-11-08 06:31:17', '2018-11-08 06:31:17', 4),
(20, 'Lasarte Oria', '2018-11-08 06:31:34', '2018-11-08 06:31:34', 3),
(21, 'Oiartzun', '2018-11-08 06:31:53', '2018-11-08 06:31:53', 3),
(24, 'Fuenmayor', '2018-11-08 06:32:53', '2018-11-08 06:32:53', 5),
(25, 'Ikaztegieta', '2018-11-08 06:33:08', '2018-11-08 06:33:08', 3),
(27, 'Maquirriain (Ezcabarte)', '2018-11-08 06:34:24', '2018-11-08 06:34:24', 4),
(28, 'Usurbil', '2018-11-08 06:34:35', '2018-11-08 06:34:35', 3),
(29, 'Ezcabarte', '2018-11-08 06:34:50', '2018-11-08 06:34:50', 4),
(31, 'Saint Jean le Vieux', '2018-11-16 09:14:34', '2018-11-16 09:14:34', 6),
(32, 'Hondarribia', '2018-11-16 11:47:08', '2018-11-16 11:47:08', 3),
(33, 'Berriozar', '2018-11-19 08:11:35', '2018-11-19 08:11:35', 4),
(34, 'Bergara', '2018-12-27 13:26:51', '2018-12-27 13:26:51', 3),
(35, 'Logroño', '2019-01-07 09:38:25', '2019-01-07 09:38:52', 5),
(36, 'Zumaia', '2019-01-07 09:39:16', '2019-01-07 09:39:16', 3),
(37, 'Deba', '2019-01-07 09:39:32', '2019-01-07 09:39:32', 3),
(38, 'Vilviestre del Pinar', '2019-01-07 09:48:22', '2019-01-07 09:48:43', 7),
(39, 'Leitza', '2019-01-07 09:49:16', '2019-01-07 09:49:16', 4),
(40, 'Amorebieta-Etxano', '2019-01-07 09:49:32', '2019-01-07 09:49:32', 2),
(41, 'Beasain', '2019-01-07 09:49:46', '2019-01-07 09:49:55', 3),
(42, 'Areatza', '2019-01-07 09:50:42', '2019-01-07 09:50:42', 2),
(43, 'Irurita', '2019-01-07 09:52:31', '2019-01-07 09:52:31', 4),
(44, 'Zarautz', '2019-01-07 09:52:45', '2019-01-07 09:52:45', 3),
(45, 'Ermua', '2019-01-07 09:53:06', '2019-01-07 09:53:06', 2),
(46, 'Andoain', '2019-01-07 09:53:16', '2019-01-07 09:53:16', 3),
(47, 'Valcarlos', '2019-01-07 09:53:35', '2019-01-07 09:53:35', 4),
(48, 'Oyon', '2019-01-07 09:53:52', '2019-01-07 09:53:52', 1),
(49, 'Arrubal', '2019-01-07 09:54:05', '2019-01-07 09:54:05', 5),
(50, 'Bermeo', '2019-01-07 09:54:17', '2019-01-07 09:54:17', 2),
(51, 'Ascain', '2019-01-07 09:54:58', '2019-01-07 09:54:58', 6),
(52, 'Burlada', '2019-01-07 09:56:02', '2019-01-07 09:56:02', 4),
(53, 'Eibar', '2019-01-07 09:56:13', '2019-01-07 09:56:13', 3),
(54, 'Donostia', '2019-01-07 09:56:48', '2019-01-07 09:56:48', 3),
(55, 'Baliarrain', '2019-01-07 09:57:03', '2019-01-07 09:57:03', 3),
(56, 'Aizarnazabal', '2019-01-07 09:57:33', '2019-01-07 09:57:33', 3),
(57, 'Villaba', '2019-01-07 09:57:46', '2019-01-07 09:57:46', 4),
(58, 'Ataun', '2019-01-07 09:57:58', '2019-01-07 09:57:58', 3),
(59, 'Zugarramurdi', '2019-01-07 09:58:11', '2019-01-07 09:58:11', 4),
(60, 'Lizartza', '2019-01-07 09:58:23', '2019-01-07 09:58:23', 3),
(61, 'Barakaldo', '2019-01-07 09:58:35', '2019-01-07 09:58:35', 2),
(62, 'Segura', '2019-01-07 09:58:57', '2019-01-07 09:58:57', 3),
(63, 'Baños del Rio Tobia', '2019-01-07 10:00:20', '2019-01-07 10:00:20', 5),
(64, 'Burgi', '2019-01-07 10:00:35', '2019-01-07 10:00:35', 4),
(65, 'Elizondo', '2019-01-07 10:00:48', '2019-01-07 10:00:48', 4),
(66, 'Zumarraga', '2019-01-07 10:01:01', '2019-01-07 10:01:01', 3),
(67, 'Tolosa', '2019-01-07 10:01:14', '2019-01-07 10:01:14', 3),
(68, 'Gordejuela', '2019-01-07 10:01:27', '2019-01-07 10:01:27', 2),
(69, 'Ordizia', '2019-01-07 10:01:39', '2019-01-07 10:01:39', 3),
(70, 'Irurzun', '2019-01-07 10:01:53', '2019-01-07 10:01:53', 4),
(71, 'Noain', '2019-01-07 10:02:11', '2019-01-07 10:02:11', 4),
(73, 'Alsasua', '2019-01-07 10:02:37', '2019-01-07 10:02:37', 4),
(74, 'Sangüesa', '2019-01-07 10:02:49', '2019-01-07 10:02:57', 4),
(75, 'Barcelona', '2019-01-07 10:03:15', '2019-01-07 10:03:15', 8),
(77, 'Gallarta', '2019-01-07 10:03:43', '2019-01-07 10:03:43', 2),
(78, 'Bilbao', '2019-01-07 10:04:03', '2019-01-07 10:04:03', 2),
(79, 'Aranda de Duero', '2019-01-07 10:04:20', '2019-01-07 10:04:20', 7),
(80, 'Aleson', '2019-01-07 10:04:34', '2019-01-07 10:04:34', 5),
(81, 'Hendaya', '2019-01-07 10:05:16', '2019-01-07 10:05:16', 6),
(82, 'Muskiz', '2019-01-07 10:05:27', '2019-01-07 10:05:27', 2),
(83, 'Jaurrieta', '2019-01-07 10:05:47', '2019-01-07 10:05:47', 4),
(84, 'Espinal', '2019-01-07 10:06:00', '2019-01-07 10:06:00', 4),
(85, 'Urretxu', '2019-01-07 10:06:19', '2019-01-07 10:06:19', 3),
(86, 'Anglet', '2019-01-07 10:06:31', '2019-01-07 10:06:31', 6),
(87, 'Cantalejo', '2019-01-07 10:06:45', '2019-01-07 10:06:45', 9),
(88, 'Sopuerta', '2019-01-07 10:07:07', '2019-01-07 10:07:07', 2),
(89, 'Murueta', '2019-01-07 10:07:18', '2019-01-07 10:07:18', 2),
(90, 'Zaratamo', '2019-01-07 10:26:45', '2019-01-07 10:26:45', 2),
(91, 'Alegia', '2019-01-07 10:26:59', '2019-01-07 10:26:59', 3),
(92, 'Tafalla', '2019-01-07 10:27:17', '2019-01-07 10:27:17', 4),
(93, 'Isaba', '2019-01-07 10:27:38', '2019-01-07 10:27:38', 4),
(94, 'Arenzana de Abajo', '2019-01-07 10:27:54', '2019-01-07 10:27:54', 5),
(95, 'Durango', '2019-01-07 10:28:05', '2019-01-07 10:28:05', 2),
(96, 'Murieta', '2019-01-07 10:28:21', '2019-01-07 10:28:21', 4),
(97, 'Bera de Bidasoa', '2019-01-07 10:28:36', '2019-01-07 10:28:36', 4),
(98, 'Legutio', '2019-01-07 10:28:51', '2019-01-07 10:28:51', 1),
(99, 'Llodio', '2019-01-07 10:29:09', '2019-01-07 10:29:09', 1),
(101, 'St Jean Pied de Port', '2019-01-07 10:29:42', '2019-01-07 10:29:42', 6),
(102, 'Sondika', '2019-01-07 10:29:55', '2019-01-07 10:29:55', 2),
(103, 'Azkoitia', '2019-01-07 10:30:10', '2019-01-07 10:30:10', 3),
(104, 'Zestoa', '2019-01-07 10:30:22', '2019-01-07 10:30:22', 2),
(105, 'Elorrio', '2019-01-07 10:30:37', '2019-01-07 10:30:37', 2),
(106, 'Idiazabal', '2019-01-07 10:30:51', '2019-01-07 10:30:51', 3),
(107, 'Lumbier', '2019-01-07 10:31:05', '2019-01-07 10:31:05', 4),
(108, 'Zizurkil', '2019-01-07 10:31:22', '2019-01-07 10:31:22', 3),
(109, 'Aretxabaleta', '2019-01-07 10:31:37', '2019-01-07 10:31:37', 3),
(111, 'Gernika', '2019-01-07 10:32:03', '2019-01-07 10:32:03', 2),
(112, 'Orduña', '2019-01-07 10:32:20', '2019-01-07 10:32:20', 2),
(113, 'Lekumberri', '2019-01-07 10:32:42', '2019-01-07 10:32:42', 4),
(114, 'Arroniz', '2019-01-07 10:33:00', '2019-01-07 10:33:00', 4),
(115, 'Lemona', '2019-01-07 10:33:16', '2019-01-07 10:33:16', 2),
(116, 'Eskoriatza', '2019-01-07 10:33:33', '2019-01-07 10:33:33', 3),
(117, 'Burguete', '2019-01-07 10:33:47', '2019-01-07 10:33:47', 4),
(118, 'Hondarribia', '2019-01-07 10:34:01', '2019-01-07 10:34:01', 3),
(119, 'Calahorra', '2019-01-07 10:34:16', '2019-01-07 10:34:16', 4),
(120, 'Elgoibar', '2019-01-07 10:34:31', '2019-01-07 10:34:31', 3),
(121, 'Galdakao', '2019-01-07 10:34:46', '2019-01-07 10:34:46', 2),
(122, 'Madrid', '2019-01-07 10:35:04', '2019-01-07 10:35:51', 11),
(123, 'Palencia', '2019-01-07 10:36:12', '2019-01-07 10:36:12', 10),
(124, 'Markina-Xemein', '2019-01-07 10:36:28', '2019-01-07 10:36:28', 2),
(125, 'Pamplona', '2019-01-07 10:38:06', '2019-01-07 10:38:06', 4),
(126, 'Vitoria', '2019-01-07 10:38:30', '2019-01-07 10:38:30', 1),
(127, 'Eugi', '2019-01-07 10:38:47', '2019-01-07 10:38:47', 4),
(128, 'Amezketa', '2019-01-07 10:39:04', '2019-01-07 10:39:04', 3),
(129, 'Sestao', '2019-01-07 10:39:14', '2019-01-07 10:39:33', 2),
(130, 'Ibaeta', '2019-01-07 10:39:48', '2019-01-07 10:39:48', 3),
(131, 'Arrigorriaga', '2019-01-07 11:42:57', '2019-01-07 11:42:57', 2),
(132, 'Bakio', '2019-01-07 11:44:54', '2019-01-07 11:44:54', 2),
(133, 'Getaria', '2019-01-08 09:34:09', '2019-01-08 09:34:09', 3),
(134, 'Mungia', '2019-01-21 12:43:49', '2019-01-21 12:43:49', 2),
(135, 'Igorre', '2019-01-23 07:50:56', '2019-01-23 07:50:56', 2),
(136, 'Zizurkil', '2019-01-23 08:23:03', '2019-01-23 08:23:03', 3),
(137, 'Gautegiz-Arteaga', '2019-01-23 10:04:15', '2019-01-23 10:04:15', 2),
(139, 'Urduliz', '2019-01-29 08:18:58', '2019-01-29 08:18:58', 2),
(140, 'Azpeitia', '2019-01-30 11:30:57', '2019-01-30 11:30:57', 3),
(141, 'Mallabia', '2019-02-05 08:41:05', '2019-02-05 08:41:05', 2),
(142, 'Larrainzar', '2019-02-13 08:57:44', '2019-02-13 08:57:44', 4),
(143, 'Soria', '2019-02-13 08:59:38', '2019-02-13 08:59:38', 12),
(144, 'Oñati', '2019-02-18 09:17:37', '2019-02-18 09:17:37', 3),
(145, 'El Villar de Arnedo', '2019-03-05 10:20:45', '2019-03-05 10:20:45', 5),
(146, 'Alcobendas', '2019-03-14 10:20:24', '2019-03-14 10:20:24', 11);

-- --------------------------------------------------------

--
-- Estructura de tabla para la tabla `pages`
--

CREATE TABLE `pages` (
  `id` int(10) UNSIGNED NOT NULL,
  `author_id` int(11) NOT NULL,
  `title` varchar(255) COLLATE utf8mb4_unicode_ci NOT NULL,
  `excerpt` text COLLATE utf8mb4_unicode_ci,
  `body` text COLLATE utf8mb4_unicode_ci,
  `image` varchar(255) COLLATE utf8mb4_unicode_ci DEFAULT NULL,
  `slug` varchar(255) COLLATE utf8mb4_unicode_ci NOT NULL,
  `meta_description` text COLLATE utf8mb4_unicode_ci,
  `meta_keywords` text COLLATE utf8mb4_unicode_ci,
  `status` enum('ACTIVE','INACTIVE') COLLATE utf8mb4_unicode_ci NOT NULL DEFAULT 'INACTIVE',
  `created_at` timestamp NULL DEFAULT NULL,
  `updated_at` timestamp NULL DEFAULT NULL
) ENGINE=InnoDB DEFAULT CHARSET=utf8mb4 COLLATE=utf8mb4_unicode_ci;

--
-- Volcado de datos para la tabla `pages`
--

INSERT INTO `pages` (`id`, `author_id`, `title`, `excerpt`, `body`, `image`, `slug`, `meta_description`, `meta_keywords`, `status`, `created_at`, `updated_at`) VALUES
(1, 0, 'Hello World', 'Hang the jib grog grog blossom grapple dance the hempen jig gangway pressgang bilge rat to go on account lugger. Nelsons folly gabion line draught scallywag fire ship gaff fluke fathom case shot. Sea Legs bilge rat sloop matey gabion long clothes run a shot across the bow Gold Road cog league.', '<p>Hello World. Scallywag grog swab Cat o\'nine tails scuttle rigging hardtack cable nipper Yellow Jack. Handsomely spirits knave lad killick landlubber or just lubber deadlights chantey pinnace crack Jennys tea cup. Provost long clothes black spot Yellow Jack bilged on her anchor league lateen sail case shot lee tackle.</p>\n<p>Ballast spirits fluke topmast me quarterdeck schooner landlubber or just lubber gabion belaying pin. Pinnace stern galleon starboard warp carouser to go on account dance the hempen jig jolly boat measured fer yer chains. Man-of-war fire in the hole nipperkin handsomely doubloon barkadeer Brethren of the Coast gibbet driver squiffy.</p>', 'pages/page1.jpg', 'hello-world', 'Yar Meta Description', 'Keyword1, Keyword2', 'ACTIVE', '2018-06-13 07:45:40', '2018-06-13 07:45:40');

-- --------------------------------------------------------

--
-- Estructura de tabla para la tabla `password_resets`
--

CREATE TABLE `password_resets` (
  `email` varchar(255) COLLATE utf8mb4_unicode_ci NOT NULL,
  `token` varchar(255) COLLATE utf8mb4_unicode_ci NOT NULL,
  `created_at` timestamp NULL DEFAULT NULL
) ENGINE=InnoDB DEFAULT CHARSET=utf8mb4 COLLATE=utf8mb4_unicode_ci;

--
-- Volcado de datos para la tabla `password_resets`
--

INSERT INTO `password_resets` (`email`, `token`, `created_at`) VALUES
('ricardo@burman.es', '$2y$10$DgyoX9I5uqKU4sTidmihWuwfHHfEWGhBnWtsvWq9zdPpR.pZ4Ybvi', '2019-01-15 07:56:55');

-- --------------------------------------------------------

--
-- Estructura de tabla para la tabla `pelotaris`
--

CREATE TABLE `pelotaris` (
  `id` int(10) UNSIGNED NOT NULL,
  `DNI` tinytext COLLATE utf8_unicode_ci,
  `nombre` tinytext COLLATE utf8_unicode_ci,
  `apellidos` mediumtext COLLATE utf8_unicode_ci,
  `alias` tinytext COLLATE utf8_unicode_ci,
  `posicion` tinytext COLLATE utf8_unicode_ci,
  `direccion` mediumtext COLLATE utf8_unicode_ci,
  `cod_postal` char(5) COLLATE utf8_unicode_ci DEFAULT NULL,
  `municipio_id` int(11) DEFAULT NULL,
  `provincia_id` int(11) DEFAULT NULL,
  `email` mediumtext COLLATE utf8_unicode_ci,
  `telefono` char(15) COLLATE utf8_unicode_ci DEFAULT NULL,
  `created_at` timestamp NULL DEFAULT NULL,
  `updated_at` timestamp NULL DEFAULT NULL,
  `deleted_at` timestamp NULL DEFAULT NULL,
  `foto` tinytext COLLATE utf8_unicode_ci,
  `num_ss` char(12) COLLATE utf8_unicode_ci DEFAULT NULL,
  `fecha_nac` date DEFAULT NULL,
  `telefono_2` char(15) COLLATE utf8_unicode_ci DEFAULT NULL,
  `telefono_3` char(15) COLLATE utf8_unicode_ci DEFAULT NULL,
  `iban` char(28) COLLATE utf8_unicode_ci DEFAULT NULL,
  `num_hijos` tinyint(4) DEFAULT NULL
) ENGINE=InnoDB DEFAULT CHARSET=utf8 COLLATE=utf8_unicode_ci;

--
-- Volcado de datos para la tabla `pelotaris`
--

INSERT INTO `pelotaris` (`id`, `DNI`, `nombre`, `apellidos`, `alias`, `posicion`, `direccion`, `cod_postal`, `municipio_id`, `provincia_id`, `email`, `telefono`, `created_at`, `updated_at`, `deleted_at`, `foto`, `num_ss`, `fecha_nac`, `telefono_2`, `telefono_3`, `iban`, `num_hijos`) VALUES
(42, '72317546A', 'Andoni', 'Aretxabaleta Aramendi', 'ARETXABALETA (145)', 'Zaguero', 'Fray Bartolomé, 2 - 2º iz.', '48270', 12, 2, 'aretxabaleta_1992@hotmail.com', '946 167 828', '2018-06-25 08:36:26', '2019-02-13 08:52:03', NULL, '/storage/avatars/aretxabaleta.jpg', '481043372828', '1992-10-25', '659 255 821', '', 'ES9130350008700080702346', 0),
(44, '73112003V', 'Asier', 'Agirre Irisarri', 'AGIRRE (148)', 'Delantero', 'Parque Enamorados nº 7 - 7ª A', '31014', 17, 4, 'asieragirreirisarri@gmail.com', '607 959 042', '2018-06-25 09:15:39', '2019-02-13 08:52:10', NULL, '/storage/avatars/agirre.jpg', '311027018710', '1995-06-11', '607 959 042', NULL, 'ES1130080141442180012011', NULL),
(46, '73039116V', 'Aitor ', 'Aranguren Errasti', 'ARANGUREN (168)', 'Zaguero', 'Casa Goiaguin - Bº Aguinaga', '20170', 28, 3, 'aitoraranguren22@gmail.com', '676 163 505', '2018-07-02 13:00:26', '2019-02-13 08:53:11', NULL, '/storage/avatars/aranguren.jpg', '201037190352', '2000-01-11', '676 163 505', '630 900 279', 'ES1120955069071069888435', NULL),
(51, '72494135K', 'Jon Ander', 'Albisu Albizu', 'ALBISU (138)', 'Zaguero', 'San Gregorio Auzoa Zb. 26 - B', '20211', 8, 3, 'albisu_pelotari@hotmail.com', '638 103 881', '2018-07-02 13:07:36', '2019-02-13 08:51:34', NULL, '/storage/avatars/albisu.jpg', '201022180008', '1990-05-06', '638 103 881', NULL, 'ES4320955044309113644410', NULL),
(52, '72676407H', 'Iker', 'Arreche Nagore', 'ARRETXE II (124)', 'Delantero', 'Urb. Itaroa nº97', '31620', 7, 4, 'iker_an@hotmail.com', '680 506 171', '2018-08-10 07:51:21', '2019-02-13 08:51:25', NULL, '/storage/avatars/arretxe_ii.jpg', '311011207205', '1985-06-05', '680 506 171', '', 'ES7321005285322100292307', NULL),
(53, '72528218H', 'Axier', 'Arteaga Garayalde', 'ARTEAGA II (162)', 'Delantero', 'Urko Plaza 1º, 4ºB', '20160', 20, 3, 'axierarteaga7@gmail.com', '664 427 299', '2018-08-10 07:51:51', '2019-02-13 08:53:05', NULL, '/storage/avatars/arteaga_ii.jpg', '201030406012', '1996-05-26', '664 427 299', '', 'ES4921010048210123159626', NULL),
(54, '72522619P', 'Iñaki', 'Artola Izaguirre', 'ARTOLA (156)', 'Delantero', 'Larraitz Auzoa 2B - 2C', '20260', 16, 3, 'inaxioar@hotmail.com', '653 709 148', '2018-08-10 07:52:19', '2019-02-13 08:52:28', NULL, '/storage/avatars/artola.jpg', '201027663235', '1994-07-28', '653 709 148', '', 'ES7530350028140280099615', NULL),
(55, '73421294G', 'Joanes', 'Bakaikoa Satrustegi', 'BAKAIKOA (158)', 'Delantero', 'Avda Bayona nº35, 9ºB', '31011', 17, 4, 'joanesbakaikoa@gmail.com', '681 053 467', '2018-08-10 07:53:11', '2019-02-13 08:52:35', NULL, '/storage/avatars/bakaikoa.jpg', '311029729454', '1997-03-27', '681 053 467', '', 'ES0830350139711391004572', NULL),
(56, '44637350P', 'Oinatz', 'Bengoetxea Berastegui', 'BENGOETXEA VI (108)', 'Delantero', 'C/ San Nicolas nº21, 1º, 9', '20280', 32, 3, 'xjbengo@hotmail.com', '669 416 634', '2018-08-10 07:53:51', '2019-02-13 08:51:06', NULL, '/storage/avatars/bengoetxea_vi.jpg', '311005779447', '1984-08-28', '669 416 634', '', 'ES8830350118851180010939', NULL),
(57, '72608452M', 'Jon', 'Erasun Gorostidi', 'ERASUN (173)', 'Zaguero', 'Hernandorena, 9 dcha', '20159', 23, 3, 'mendiagin@telefonica.net', '634 413 310', '2018-08-10 07:54:47', '2019-02-13 08:53:34', NULL, '/storage/avatars/erasun.jpg', '201031549602', '1996-08-14', '634 413 310', '', 'ES1121004982302100228937', 0),
(58, '73482172R', 'Josu', 'Esquiroz Redin', 'ESKIROZ (187)', 'Zaguero', 'C/San martin, 24 - 1º', '31194', 27, 4, 'esquiroz16@gmail.com', '648 446 581', '2018-08-10 07:55:11', '2019-02-13 08:54:24', NULL, '/storage/avatars/eskiroz.jpg', '311031217392', '1998-07-17', '648 446 581', '', 'ES1021005263170100093584', NULL),
(59, '0Y5503581', 'Iñaki', 'Etchegoin', 'ETCHEGOIN (178)', 'Zaguero', 'C/Barrio Magdalena', '64220', 31, 6, 'etchegoini@yahoo.fr', '+33631125208', '2018-08-10 07:59:57', '2019-02-13 08:53:55', NULL, '/storage/avatars/ETCHEGOIN.jpg', '481069067421', '1993-10-18', '+33631125208', '', 'FR7616906000295108299241449', NULL),
(61, '15399157J', 'Ibai', 'Zabala Gandarias', 'IBAI ZABALA (139)', 'Zaguero', 'Caserio Lasuen - BºSan Lorenzo', '48240', 9, 2, 'lasuen87@hotmail.com', '656 763 514', '2018-08-10 08:01:30', '2019-02-13 08:51:42', NULL, '/storage/avatars/IBAI_ZABALA.jpg', '481032120626', '1987-05-14', '656 763 514', '', 'ES3420950031309101942106', NULL),
(62, '44571703A', 'Ander', 'Imaz Retegi', 'IMAZ (170)', 'Zaguero', 'Rafael Pikabea, 11 - 1º A', '20180', 21, 3, 'anderretegi@hotmail.com', '620 023 574', '2018-08-10 08:01:53', '2019-02-13 08:53:18', NULL, '/storage/avatars/IMAZ.jpg', '201027700015', '1994-12-30', '620 023 574', '', 'ES7100495928362216088274', NULL),
(63, '16630343D', 'Diego', 'Iturriaga Urbiola', 'ITURRIAGA (161)', 'Zaguero', 'Calle de la Presa nº 32', '31589', 19, 4, 'diego_iturriaga_@hotmail.com', '628 735 095', '2018-08-10 08:02:17', '2019-02-13 08:52:58', NULL, '/storage/avatars/ITURRIAGA.jpg', '311020777162', '1991-11-18', '628 735 095', '', 'ES3021003730912115064216', NULL),
(65, '45754650Z', 'Mikel', 'Larunbe Garcia del Castillo', 'LARUNBE (154)', 'Zaguero', 'C/ Ermitaondo nº6, 9ºDcha', '48960', 15, 2, 'mlarunbe@gmail.com', '639 588 827', '2018-08-10 08:47:26', '2019-02-13 08:52:19', NULL, '/storage/avatars/LARUNBE.jpg', '481045100135', '1993-02-01', '639 588 827', '', 'ES6730080257262090322310', NULL),
(66, '73421644D', 'Unai', 'Laso Lizaso', 'LASO (159)', 'Delantero', 'C/ Iturrama nº 20, 8º C', '31007', 5, 4, 'unai_97@hotmail.com', '699 258 432', '2018-08-10 08:47:51', '2019-02-13 08:52:50', NULL, '/storage/avatars/LASO.jpg', '311031131510', '1997-05-13', '699 258 432', '', 'ES2030080077182188329417', NULL),
(67, '73114876S', 'Jon', 'Mariezkurrena Zelaia', 'MARIEZKURRENA II (188)', 'Zaguero', 'Intxaurdi, 3 - 3º B', '31013', 33, 4, 'jonmariezkurrena9@gmail.com', '607 079 769', '2018-08-10 08:48:20', '2019-02-13 08:54:32', NULL, '/storage/avatars/MARIEZKURRENA.jpg', '311033359981', '1999-05-11', '607 079 769', '', 'ES8630080078401307974210', NULL),
(68, '44163295Y', 'Aimar', 'Olaizola Apecechea', 'OLAIZOLA II (113)', 'Delantero', 'Bº Azkolla, 15-C Casa Bisuts', '20280', 32, 3, 'dunperros@gmail.com', '616 077 708', '2018-08-10 08:48:40', '2019-02-13 08:51:17', NULL, '/storage/avatars/OLAIZOLA_II.jpg', '481034738515', '1979-11-13', '616 077 708', '', 'ES9630350118851180008370', NULL),
(69, '72542871C', 'Jon Ander', 'Peña Olazabal', 'PEÑA II (172)', 'Delantero', 'EskolapioetakoLorategiak Kalea Zb. 2, 2ºA', '20400', 22, 3, 'jon.pena@alumni.mondragon.edu', '650 219 862', '2018-08-10 08:49:01', '2019-02-13 08:53:26', NULL, '/storage/avatars/PENA_II.jpg', '201032059153', '1997-07-18', '650 219 862', '', 'ES3220955030809113772838', NULL),
(70, '16636665Y', 'Ruben ', 'Salaverri Mora', 'SALAVERRI (175)', 'Zaguero', 'C/Donantes de Sangre 11, 1ºA3', '26360', 24, 5, 'rubosalaverri98@gmail.com', '615 235 076', '2018-08-10 08:49:22', '2019-02-13 08:53:41', NULL, '/storage/avatars/SALAVERRI.jpg', '261017424581', '1998-01-15', '615 235 076', '', 'ES5900496100542290016676', 0),
(71, '16624225D', 'Alvaro ', 'Untoria Hervias', 'Z_151-UNTORIA (4-1-19)', 'Zaguero', 'Matute, 10 - 5º d', '26300', 14, 5, 'untoria_90@hotmail.com', '696 647 113', '2018-08-10 08:49:41', '2019-01-08 07:01:09', NULL, '/storage/avatars/UNTORIA.jpg', '261016777412', '1990-10-17', '696 647 113', '', 'ES3300308030300390864273', 0),
(72, '72479410Q', 'Beñat', 'Urretabizkaia Eizmendi', 'URRETABIZKAIA II (177)', 'Zaguero', 'Auzo San Lorenzo C Egun Sentia nº2, 4º Dcha', '20267', 25, 3, 'benat.urretabizkaia@gmail.com', '637 161 307', '2018-08-10 08:50:07', '2019-02-13 08:53:48', NULL, '/storage/avatars/URRETABIZKAIA_II.jpg', '201024696954', '1992-12-25', '637 161 307', '', 'ES8120955104861068778082', NULL),
(73, '45752567R', 'Mikel', 'Urrutikoetxea Azkueta', 'URRUTIKOETXEA (140)', 'Delantero', 'Bº Iragorri nº3', '48480', 10, 2, 'm_urruti@hotmail.com', '946 712 160', '2018-08-10 08:50:32', '2019-02-13 08:51:49', NULL, '/storage/avatars/URRUTIKOETXEA.jpg', '481040701587', '1989-05-24', '626 763 030', '', 'ES5520950162309108600242', NULL),
(74, '16623505W', 'Victor', 'Esteban Tercilla', 'VICTOR (143)', 'Delantero', 'C/ Los Tintes nº5, 2ºA', '26280', 11, 5, 'victor_ezca69@hotmail.com', '941 427 069', '2018-08-10 08:50:51', '2019-02-13 08:51:56', NULL, '/storage/avatars/VICTOR.jpg', '481058336288', '1993-03-16', '649 194 752', '', 'ES0930080175442218840417', NULL),
(75, '44689395H', 'Bilbao', 'Bilbao Bilbao', 'Bilbao', 'Delantero', 'calle bilbao 1', '48005', 3, 2, 'fre@gmail.com', '', '2018-11-20 13:56:58', '2018-12-27 12:42:06', '2018-12-27 12:42:06', NULL, '', '1995-12-18', '658952612', '', '', NULL),
(76, '44552268g', 'vitoria', 'vito vito', 'vitoria', 'Zaguero', '', '01500', 1, 1, '', '', '2018-11-20 13:59:00', '2018-12-27 12:42:16', '2018-12-27 12:42:16', NULL, '', '1992-02-01', '', '', '', NULL),
(77, '72608026Q', 'Jon', 'Alberdi Gorostidi', 'ALBERDI (181)', 'Delantero', 'Auzo odria Pagoeta Baserria484', '20730', 30, 3, 'jonunai@gmail.com', '636 943 128', '2018-12-27 12:58:38', '2019-02-13 08:54:02', NULL, '/storage/avatars/Alberdi.GIF', '201036339580', '1999-08-16', '', '', 'ES7100730100540566051993', NULL),
(78, '73035064J', 'Iraitz', 'Zubizarreta Agirre', 'ZUBIZARRETA (186)', 'Delantero', 'Casa Eskola-Barrio AIA 14 P01A', '20211', 58, 3, '', '', '2019-02-25 08:14:11', '2019-02-25 08:24:54', NULL, NULL, '201035260052', '1999-03-16', '', '', 'ES7620955026861061162334', NULL);

-- --------------------------------------------------------

--
-- Estructura de tabla para la tabla `pelotaris_aspe`
--

CREATE TABLE `pelotaris_aspe` (
  `id` int(10) UNSIGNED NOT NULL,
  `created_at` timestamp NULL DEFAULT NULL,
  `updated_at` timestamp NULL DEFAULT NULL,
  `deleted_at` timestamp NULL DEFAULT NULL,
  `alias` tinytext COLLATE utf8_unicode_ci,
  `posicion` tinytext COLLATE utf8_unicode_ci,
  `foto` tinytext COLLATE utf8_unicode_ci,
  `fecha_ini` date DEFAULT NULL,
  `fecha_fin` date DEFAULT NULL
) ENGINE=InnoDB DEFAULT CHARSET=utf8 COLLATE=utf8_unicode_ci;

--
-- Volcado de datos para la tabla `pelotaris_aspe`
--

INSERT INTO `pelotaris_aspe` (`id`, `created_at`, `updated_at`, `deleted_at`, `alias`, `posicion`, `foto`, `fecha_ini`, `fecha_fin`) VALUES
(1, '2018-08-07 07:58:30', '2018-08-10 10:14:42', NULL, 'Altuna III', 'D', 'pelotaris-aspe/August2018/oOPcqLRJpiScxVCAsDzW.jpg', '2018-01-01', NULL),
(2, '2018-08-07 07:58:49', '2018-08-07 07:58:49', NULL, 'Darío', 'D', 'pelotaris-aspe/August2018/6E9VI59MlZ6l0KYqS3KF.jpg', '2018-01-01', NULL),
(3, '2018-08-07 07:59:04', '2018-08-07 07:59:04', NULL, 'Elezkano II', 'D', 'pelotaris-aspe/August2018/0FHNYc0ntSHFkvdEOgAa.jpg', '2018-01-01', NULL),
(4, '2018-08-07 07:59:19', '2018-08-07 07:59:19', NULL, 'Elordi', 'D', 'pelotaris-aspe/August2018/lYWoUnUuadjWbYOUk0gB.jpg', '2018-01-01', NULL),
(5, '2018-08-07 07:59:40', '2018-08-07 07:59:40', NULL, 'Erostarbe', 'Z', 'pelotaris-aspe/August2018/WN5hzQezuV84gxupZlrR.jpg', '2018-01-01', NULL),
(6, '2018-08-07 07:59:54', '2018-08-07 07:59:54', NULL, 'Ezkurdia', 'D', 'pelotaris-aspe/August2018/8S4vR7pRxlwlVkR4lmk0.jpg', '2018-01-01', NULL),
(7, '2018-08-07 08:00:08', '2018-08-07 08:00:08', NULL, 'Irribarria', 'D', 'pelotaris-aspe/August2018/OtIDr7TYz6xRkQ6sHnwu.jpg', '2018-01-01', NULL),
(8, '2018-08-07 08:00:18', '2019-01-15 07:28:52', '2019-01-15 07:28:52', 'Irusta', 'Z', 'pelotaris-aspe/August2018/fkSVexCZ0KUBllOy7uMP.jpg', '2018-01-01', NULL),
(9, '2018-08-10 09:12:05', '2018-08-10 09:12:05', NULL, 'JAKA', 'D', 'pelotaris-aspe/August2018/z4kf4rb49CbE8TOWCBiQ.jpg', '2018-01-01', NULL),
(10, '2018-08-10 09:12:20', '2018-08-10 09:12:20', NULL, 'JAUNARENA', 'Z', 'pelotaris-aspe/August2018/siiRvwrE1USsJ6QMP0rW.jpg', '2018-01-01', NULL),
(11, '2018-08-10 09:12:35', '2018-08-10 09:12:35', NULL, 'LASA IV', 'Z', 'pelotaris-aspe/August2018/G5XYhzP2gQzVVSsKQVvw.jpg', '2018-01-01', NULL),
(12, '2018-08-10 09:12:51', '2018-08-10 09:12:51', NULL, 'MARTIJA', 'Z', 'pelotaris-aspe/August2018/HfdX50POSWjnw1VZWz0O.jpg', '2018-01-01', NULL),
(13, '2018-08-10 09:13:12', '2019-01-15 07:29:07', '2019-01-15 07:29:07', 'MARTINEZ', 'Z', 'pelotaris-aspe/August2018/3j8ORhwe0v2g3EgWLGUv.jpg', '2018-01-01', NULL),
(14, '2018-08-10 09:13:26', '2018-08-10 09:13:26', NULL, 'MENDIZABAL III', 'D', 'pelotaris-aspe/August2018/dSgkZuetbeeEYRMqwZiy.jpg', '2018-01-01', NULL),
(15, '2018-08-10 09:13:56', '2018-08-10 09:13:56', NULL, 'MERINO', 'Z', 'pelotaris-aspe/August2018/u092uCvW5tOGg0AqaJB9.jpg', '2018-01-01', NULL),
(16, '2018-08-10 09:14:12', '2018-08-10 09:14:12', NULL, 'MERINO II', 'Z', 'pelotaris-aspe/August2018/kqHMq5cJ4UotXClQJ6HS.jpg', '2018-01-01', NULL),
(17, '2018-08-10 09:14:42', '2019-01-15 09:58:18', '2019-01-15 09:58:18', 'ETXEBERRIA', 'D', 'pelotaris-aspe/August2018/1GhL0awXvlEsSEWuLIjP.jpg', '2018-01-01', NULL),
(18, '2018-08-10 09:14:59', '2018-08-10 09:14:59', NULL, 'RETEGI BI', 'D', 'pelotaris-aspe/August2018/FATvuarXB28CyEcvlLwS.jpg', '2018-01-01', NULL),
(19, '2018-08-10 09:15:13', '2018-08-10 09:15:13', NULL, 'REZUSTA', 'Z', 'pelotaris-aspe/August2018/WGkxqv9AbaWUiZcktLdm.jpg', '2018-01-01', NULL),
(20, '2018-08-10 09:15:27', '2018-08-10 09:15:27', NULL, 'RUIZ', 'Z', 'pelotaris-aspe/August2018/JWP0f8N2g3OJiq73czIe.jpg', '2018-01-01', NULL),
(21, '2018-08-10 09:16:23', '2018-08-10 09:16:23', NULL, 'TOLOSA', 'Z', 'pelotaris-aspe/August2018/wgDYjwRhmJyXjpKbP1uR.jpg', '2018-01-01', NULL),
(22, '2018-08-10 09:16:40', '2018-08-10 09:16:40', NULL, 'UGALDE', 'D', 'pelotaris-aspe/August2018/Y7bxTboIfthEzYgKG2AP.jpg', '2018-01-01', NULL),
(24, '2018-08-10 09:50:10', '2018-08-10 09:52:03', NULL, 'ZABALETA', 'Z', 'pelotaris-aspe/August2018/MRzRhy93JyaZZ9Ygrm6L.jpg', '2018-01-01', NULL),
(25, '2019-01-15 07:34:15', '2019-01-15 07:37:32', NULL, 'P.ETXEBERRIA', 'D', 'pelotaris-aspe/January2019/IGq9gRPmsQx4SCT3HY9m.GIF', '2019-01-01', NULL),
(26, '2019-01-15 07:39:29', '2019-01-15 07:39:29', NULL, 'O.Etxebarria', 'Z', NULL, '2019-01-01', NULL),
(27, '2019-01-15 09:59:10', '2019-01-15 09:59:10', NULL, 'Garmendia', 'Z', NULL, '2019-01-01', NULL),
(28, '2019-01-16 09:02:20', '2019-01-16 09:02:20', NULL, 'L.Galarza', 'Z', NULL, '2019-01-01', NULL),
(29, '2019-01-16 09:02:35', '2019-01-16 09:02:35', NULL, 'Untoria', 'Z', NULL, '2019-01-01', NULL);

-- --------------------------------------------------------

--
-- Estructura de tabla para la tabla `permissions`
--

CREATE TABLE `permissions` (
  `id` int(10) UNSIGNED NOT NULL,
  `key` varchar(255) COLLATE utf8mb4_unicode_ci NOT NULL,
  `table_name` varchar(255) COLLATE utf8mb4_unicode_ci DEFAULT NULL,
  `created_at` timestamp NULL DEFAULT NULL,
  `updated_at` timestamp NULL DEFAULT NULL
) ENGINE=InnoDB DEFAULT CHARSET=utf8mb4 COLLATE=utf8mb4_unicode_ci;

--
-- Volcado de datos para la tabla `permissions`
--

INSERT INTO `permissions` (`id`, `key`, `table_name`, `created_at`, `updated_at`) VALUES
(1, 'browse_admin', NULL, '2018-06-13 07:24:12', '2018-06-13 07:24:12'),
(2, 'browse_bread', NULL, '2018-06-13 07:24:12', '2018-06-13 07:24:12'),
(3, 'browse_database', NULL, '2018-06-13 07:24:12', '2018-06-13 07:24:12'),
(4, 'browse_media', NULL, '2018-06-13 07:24:12', '2018-06-13 07:24:12'),
(5, 'browse_compass', NULL, '2018-06-13 07:24:12', '2018-06-13 07:24:12'),
(6, 'browse_menus', 'menus', '2018-06-13 07:24:12', '2018-06-13 07:24:12'),
(7, 'read_menus', 'menus', '2018-06-13 07:24:12', '2018-06-13 07:24:12'),
(8, 'edit_menus', 'menus', '2018-06-13 07:24:12', '2018-06-13 07:24:12'),
(9, 'add_menus', 'menus', '2018-06-13 07:24:12', '2018-06-13 07:24:12'),
(10, 'delete_menus', 'menus', '2018-06-13 07:24:12', '2018-06-13 07:24:12'),
(11, 'browse_roles', 'roles', '2018-06-13 07:24:12', '2018-06-13 07:24:12'),
(12, 'read_roles', 'roles', '2018-06-13 07:24:12', '2018-06-13 07:24:12'),
(13, 'edit_roles', 'roles', '2018-06-13 07:24:13', '2018-06-13 07:24:13'),
(14, 'add_roles', 'roles', '2018-06-13 07:24:13', '2018-06-13 07:24:13'),
(15, 'delete_roles', 'roles', '2018-06-13 07:24:13', '2018-06-13 07:24:13'),
(16, 'browse_users', 'users', '2018-06-13 07:24:13', '2018-06-13 07:24:13'),
(17, 'read_users', 'users', '2018-06-13 07:24:13', '2018-06-13 07:24:13'),
(18, 'edit_users', 'users', '2018-06-13 07:24:13', '2018-06-13 07:24:13'),
(19, 'add_users', 'users', '2018-06-13 07:24:13', '2018-06-13 07:24:13'),
(20, 'delete_users', 'users', '2018-06-13 07:24:13', '2018-06-13 07:24:13'),
(21, 'browse_settings', 'settings', '2018-06-13 07:24:13', '2018-06-13 07:24:13'),
(22, 'read_settings', 'settings', '2018-06-13 07:24:13', '2018-06-13 07:24:13'),
(23, 'edit_settings', 'settings', '2018-06-13 07:24:13', '2018-06-13 07:24:13'),
(24, 'add_settings', 'settings', '2018-06-13 07:24:13', '2018-06-13 07:24:13'),
(25, 'delete_settings', 'settings', '2018-06-13 07:24:13', '2018-06-13 07:24:13'),
(26, 'browse_categories', 'categories', '2018-06-13 07:24:19', '2018-06-13 07:24:19'),
(27, 'read_categories', 'categories', '2018-06-13 07:24:19', '2018-06-13 07:24:19'),
(28, 'edit_categories', 'categories', '2018-06-13 07:24:19', '2018-06-13 07:24:19'),
(29, 'add_categories', 'categories', '2018-06-13 07:24:19', '2018-06-13 07:24:19'),
(30, 'delete_categories', 'categories', '2018-06-13 07:24:19', '2018-06-13 07:24:19'),
(31, 'browse_posts', 'posts', '2018-06-13 07:24:20', '2018-06-13 07:24:20'),
(32, 'read_posts', 'posts', '2018-06-13 07:24:20', '2018-06-13 07:24:20'),
(33, 'edit_posts', 'posts', '2018-06-13 07:24:20', '2018-06-13 07:24:20'),
(34, 'add_posts', 'posts', '2018-06-13 07:24:21', '2018-06-13 07:24:21'),
(35, 'delete_posts', 'posts', '2018-06-13 07:24:21', '2018-06-13 07:24:21'),
(36, 'browse_pages', 'pages', '2018-06-13 07:24:22', '2018-06-13 07:24:22'),
(37, 'read_pages', 'pages', '2018-06-13 07:24:22', '2018-06-13 07:24:22'),
(38, 'edit_pages', 'pages', '2018-06-13 07:24:22', '2018-06-13 07:24:22'),
(39, 'add_pages', 'pages', '2018-06-13 07:24:22', '2018-06-13 07:24:22'),
(40, 'delete_pages', 'pages', '2018-06-13 07:24:22', '2018-06-13 07:24:22'),
(41, 'browse_hooks', NULL, '2018-06-13 07:24:25', '2018-06-13 07:24:25'),
(52, 'browse_provincias', 'provincias', '2018-06-14 07:41:04', '2018-06-14 07:41:04'),
(53, 'read_provincias', 'provincias', '2018-06-14 07:41:04', '2018-06-14 07:41:04'),
(54, 'edit_provincias', 'provincias', '2018-06-14 07:41:04', '2018-06-14 07:41:04'),
(55, 'add_provincias', 'provincias', '2018-06-14 07:41:04', '2018-06-14 07:41:04'),
(56, 'delete_provincias', 'provincias', '2018-06-14 07:41:04', '2018-06-14 07:41:04'),
(57, 'browse_municipios', 'municipios', '2018-06-14 07:41:45', '2018-06-14 07:41:45'),
(58, 'read_municipios', 'municipios', '2018-06-14 07:41:45', '2018-06-14 07:41:45'),
(59, 'edit_municipios', 'municipios', '2018-06-14 07:41:45', '2018-06-14 07:41:45'),
(60, 'add_municipios', 'municipios', '2018-06-14 07:41:45', '2018-06-14 07:41:45'),
(61, 'delete_municipios', 'municipios', '2018-06-14 07:41:45', '2018-06-14 07:41:45'),
(67, 'browse_pelotaris', 'pelotaris', '2018-06-20 13:50:56', '2018-06-20 13:50:56'),
(68, 'read_pelotaris', 'pelotaris', '2018-06-20 13:50:56', '2018-06-20 13:50:56'),
(69, 'edit_pelotaris', 'pelotaris', '2018-06-20 13:50:56', '2018-06-20 13:50:56'),
(70, 'add_pelotaris', 'pelotaris', '2018-06-20 13:50:56', '2018-06-20 13:50:56'),
(71, 'delete_pelotaris', 'pelotaris', '2018-06-20 13:50:56', '2018-06-20 13:50:56'),
(72, 'browse_campeonatos', 'campeonatos', '2018-07-02 05:02:03', '2018-07-02 05:02:03'),
(73, 'read_campeonatos', 'campeonatos', '2018-07-02 05:02:03', '2018-07-02 05:02:03'),
(74, 'edit_campeonatos', 'campeonatos', '2018-07-02 05:02:03', '2018-07-02 05:02:03'),
(75, 'add_campeonatos', 'campeonatos', '2018-07-02 05:02:03', '2018-07-02 05:02:03'),
(76, 'delete_campeonatos', 'campeonatos', '2018-07-02 05:02:03', '2018-07-02 05:02:03'),
(77, 'browse_frontones', 'frontones', '2018-07-09 08:09:49', '2018-07-09 08:09:49'),
(78, 'read_frontones', 'frontones', '2018-07-09 08:09:49', '2018-07-09 08:09:49'),
(79, 'edit_frontones', 'frontones', '2018-07-09 08:09:49', '2018-07-09 08:09:49'),
(80, 'add_frontones', 'frontones', '2018-07-09 08:09:49', '2018-07-09 08:09:49'),
(81, 'delete_frontones', 'frontones', '2018-07-09 08:09:49', '2018-07-09 08:09:49'),
(82, 'browse_estado_festivals', 'estado_festivals', '2018-07-09 08:37:56', '2018-07-09 08:37:56'),
(83, 'read_estado_festivals', 'estado_festivals', '2018-07-09 08:37:56', '2018-07-09 08:37:56'),
(84, 'edit_estado_festivals', 'estado_festivals', '2018-07-09 08:37:56', '2018-07-09 08:37:56'),
(85, 'add_estado_festivals', 'estado_festivals', '2018-07-09 08:37:56', '2018-07-09 08:37:56'),
(86, 'delete_estado_festivals', 'estado_festivals', '2018-07-09 08:37:56', '2018-07-09 08:37:56'),
(87, 'browse_tipo_partidos', 'tipo_partidos', '2018-07-09 09:01:15', '2018-07-09 09:01:15'),
(88, 'read_tipo_partidos', 'tipo_partidos', '2018-07-09 09:01:15', '2018-07-09 09:01:15'),
(89, 'edit_tipo_partidos', 'tipo_partidos', '2018-07-09 09:01:15', '2018-07-09 09:01:15'),
(90, 'add_tipo_partidos', 'tipo_partidos', '2018-07-09 09:01:15', '2018-07-09 09:01:15'),
(91, 'delete_tipo_partidos', 'tipo_partidos', '2018-07-09 09:01:15', '2018-07-09 09:01:15'),
(92, 'browse_clientes', 'clientes', '2018-08-01 09:46:16', '2018-08-01 09:46:16'),
(93, 'read_clientes', 'clientes', '2018-08-01 09:46:16', '2018-08-01 09:46:16'),
(94, 'edit_clientes', 'clientes', '2018-08-01 09:46:16', '2018-08-01 09:46:16'),
(95, 'add_clientes', 'clientes', '2018-08-01 09:46:16', '2018-08-01 09:46:16'),
(96, 'delete_clientes', 'clientes', '2018-08-01 09:46:16', '2018-08-01 09:46:16'),
(102, 'browse_formas_pagos', 'formas_pagos', '2018-08-06 10:30:06', '2018-08-06 10:30:06'),
(103, 'read_formas_pagos', 'formas_pagos', '2018-08-06 10:30:06', '2018-08-06 10:30:06'),
(104, 'edit_formas_pagos', 'formas_pagos', '2018-08-06 10:30:06', '2018-08-06 10:30:06'),
(105, 'add_formas_pagos', 'formas_pagos', '2018-08-06 10:30:06', '2018-08-06 10:30:06'),
(106, 'delete_formas_pagos', 'formas_pagos', '2018-08-06 10:30:06', '2018-08-06 10:30:06'),
(107, 'browse_factura_envios', 'factura_envios', '2018-08-06 10:37:40', '2018-08-06 10:37:40'),
(108, 'read_factura_envios', 'factura_envios', '2018-08-06 10:37:40', '2018-08-06 10:37:40'),
(109, 'edit_factura_envios', 'factura_envios', '2018-08-06 10:37:40', '2018-08-06 10:37:40'),
(110, 'add_factura_envios', 'factura_envios', '2018-08-06 10:37:40', '2018-08-06 10:37:40'),
(111, 'delete_factura_envios', 'factura_envios', '2018-08-06 10:37:40', '2018-08-06 10:37:40'),
(117, 'browse_pelotaris_aspe', 'pelotaris_aspe', '2018-08-07 07:23:01', '2018-08-07 07:23:01'),
(118, 'read_pelotaris_aspe', 'pelotaris_aspe', '2018-08-07 07:23:01', '2018-08-07 07:23:01'),
(119, 'edit_pelotaris_aspe', 'pelotaris_aspe', '2018-08-07 07:23:01', '2018-08-07 07:23:01'),
(120, 'add_pelotaris_aspe', 'pelotaris_aspe', '2018-08-07 07:23:01', '2018-08-07 07:23:01'),
(121, 'delete_pelotaris_aspe', 'pelotaris_aspe', '2018-08-07 07:23:01', '2018-08-07 07:23:01'),
(122, 'browse_entr_actitud', 'entr_actitud', '2018-12-18 08:01:15', '2018-12-18 08:01:15'),
(123, 'read_entr_actitud', 'entr_actitud', '2018-12-18 08:01:15', '2018-12-18 08:01:15'),
(124, 'edit_entr_actitud', 'entr_actitud', '2018-12-18 08:01:15', '2018-12-18 08:01:15'),
(125, 'add_entr_actitud', 'entr_actitud', '2018-12-18 08:01:15', '2018-12-18 08:01:15'),
(126, 'delete_entr_actitud', 'entr_actitud', '2018-12-18 08:01:15', '2018-12-18 08:01:15'),
(127, 'browse_entr_aprovechamiento', 'entr_aprovechamiento', '2018-12-18 08:01:54', '2018-12-18 08:01:54'),
(128, 'read_entr_aprovechamiento', 'entr_aprovechamiento', '2018-12-18 08:01:54', '2018-12-18 08:01:54'),
(129, 'edit_entr_aprovechamiento', 'entr_aprovechamiento', '2018-12-18 08:01:54', '2018-12-18 08:01:54'),
(130, 'add_entr_aprovechamiento', 'entr_aprovechamiento', '2018-12-18 08:01:54', '2018-12-18 08:01:54'),
(131, 'delete_entr_aprovechamiento', 'entr_aprovechamiento', '2018-12-18 08:01:54', '2018-12-18 08:01:54'),
(132, 'browse_entr_contenido', 'entr_contenido', '2018-12-18 08:02:29', '2018-12-18 08:02:29'),
(133, 'read_entr_contenido', 'entr_contenido', '2018-12-18 08:02:29', '2018-12-18 08:02:29'),
(134, 'edit_entr_contenido', 'entr_contenido', '2018-12-18 08:02:29', '2018-12-18 08:02:29'),
(135, 'add_entr_contenido', 'entr_contenido', '2018-12-18 08:02:29', '2018-12-18 08:02:29'),
(136, 'delete_entr_contenido', 'entr_contenido', '2018-12-18 08:02:29', '2018-12-18 08:02:29'),
(137, 'browse_entr_evolucion', 'entr_evolucion', '2018-12-18 08:03:30', '2018-12-18 08:03:30'),
(138, 'read_entr_evolucion', 'entr_evolucion', '2018-12-18 08:03:30', '2018-12-18 08:03:30'),
(139, 'edit_entr_evolucion', 'entr_evolucion', '2018-12-18 08:03:30', '2018-12-18 08:03:30'),
(140, 'add_entr_evolucion', 'entr_evolucion', '2018-12-18 08:03:30', '2018-12-18 08:03:30'),
(141, 'delete_entr_evolucion', 'entr_evolucion', '2018-12-18 08:03:30', '2018-12-18 08:03:30'),
(142, 'browse_entr_frontones', 'entr_frontones', '2018-12-18 08:04:40', '2018-12-18 08:04:40'),
(143, 'read_entr_frontones', 'entr_frontones', '2018-12-18 08:04:40', '2018-12-18 08:04:40'),
(144, 'edit_entr_frontones', 'entr_frontones', '2018-12-18 08:04:40', '2018-12-18 08:04:40'),
(145, 'add_entr_frontones', 'entr_frontones', '2018-12-18 08:04:40', '2018-12-18 08:04:40'),
(146, 'delete_entr_frontones', 'entr_frontones', '2018-12-18 08:04:40', '2018-12-18 08:04:40'),
(147, 'browse_prensa_motivos', 'prensa_motivos', '2018-12-18 08:11:33', '2018-12-18 08:11:33'),
(148, 'read_prensa_motivos', 'prensa_motivos', '2018-12-18 08:11:33', '2018-12-18 08:11:33'),
(149, 'edit_prensa_motivos', 'prensa_motivos', '2018-12-18 08:11:33', '2018-12-18 08:11:33'),
(150, 'add_prensa_motivos', 'prensa_motivos', '2018-12-18 08:11:33', '2018-12-18 08:11:33'),
(151, 'delete_prensa_motivos', 'prensa_motivos', '2018-12-18 08:11:33', '2018-12-18 08:11:33');

-- --------------------------------------------------------

--
-- Estructura de tabla para la tabla `permission_role`
--

CREATE TABLE `permission_role` (
  `permission_id` int(10) UNSIGNED NOT NULL,
  `role_id` int(10) UNSIGNED NOT NULL
) ENGINE=InnoDB DEFAULT CHARSET=utf8mb4 COLLATE=utf8mb4_unicode_ci;

--
-- Volcado de datos para la tabla `permission_role`
--

INSERT INTO `permission_role` (`permission_id`, `role_id`) VALUES
(1, 1),
(1, 3),
(2, 1),
(3, 1),
(4, 1),
(5, 1),
(6, 1),
(7, 1),
(8, 1),
(9, 1),
(10, 1),
(11, 1),
(12, 1),
(13, 1),
(14, 1),
(15, 1),
(16, 1),
(17, 1),
(18, 1),
(19, 1),
(20, 1),
(21, 1),
(22, 1),
(23, 1),
(24, 1),
(25, 1),
(26, 1),
(27, 1),
(28, 1),
(29, 1),
(30, 1),
(31, 1),
(32, 1),
(33, 1),
(34, 1),
(35, 1),
(36, 1),
(37, 1),
(38, 1),
(39, 1),
(40, 1),
(41, 1),
(52, 1),
(52, 3),
(53, 1),
(53, 3),
(54, 1),
(54, 3),
(55, 1),
(55, 3),
(56, 1),
(56, 3),
(57, 1),
(57, 3),
(58, 1),
(58, 3),
(59, 1),
(59, 3),
(60, 1),
(60, 3),
(61, 1),
(61, 3),
(67, 1),
(67, 3),
(68, 1),
(68, 3),
(69, 1),
(69, 3),
(70, 1),
(70, 3),
(71, 1),
(71, 3),
(72, 1),
(72, 3),
(73, 1),
(73, 3),
(74, 1),
(74, 3),
(75, 1),
(75, 3),
(76, 1),
(76, 3),
(77, 1),
(77, 3),
(78, 1),
(78, 3),
(79, 1),
(79, 3),
(80, 1),
(80, 3),
(81, 1),
(81, 3),
(82, 1),
(82, 3),
(83, 1),
(83, 3),
(84, 1),
(84, 3),
(85, 1),
(85, 3),
(86, 1),
(86, 3),
(87, 1),
(87, 3),
(88, 1),
(88, 3),
(89, 1),
(89, 3),
(90, 1),
(90, 3),
(91, 1),
(91, 3),
(92, 1),
(92, 3),
(93, 1),
(93, 3),
(94, 1),
(94, 3),
(95, 1),
(95, 3),
(96, 1),
(96, 3),
(102, 1),
(102, 3),
(103, 1),
(103, 3),
(104, 1),
(104, 3),
(105, 1),
(105, 3),
(106, 1),
(106, 3),
(107, 1),
(107, 3),
(108, 1),
(108, 3),
(109, 1),
(109, 3),
(110, 1),
(110, 3),
(111, 1),
(111, 3),
(117, 1),
(117, 3),
(118, 1),
(118, 3),
(119, 1),
(119, 3),
(120, 1),
(120, 3),
(121, 1),
(121, 3),
(122, 1),
(123, 1),
(124, 1),
(125, 1),
(126, 1),
(127, 1),
(128, 1),
(129, 1),
(130, 1),
(131, 1),
(132, 1),
(133, 1),
(134, 1),
(135, 1),
(136, 1),
(137, 1),
(138, 1),
(139, 1),
(140, 1),
(141, 1),
(142, 1),
(143, 1),
(144, 1),
(145, 1),
(146, 1),
(147, 1),
(148, 1),
(149, 1),
(150, 1),
(151, 1);

-- --------------------------------------------------------

--
-- Estructura de tabla para la tabla `posts`
--

CREATE TABLE `posts` (
  `id` int(10) UNSIGNED NOT NULL,
  `author_id` int(11) NOT NULL,
  `category_id` int(11) DEFAULT NULL,
  `title` varchar(255) COLLATE utf8mb4_unicode_ci NOT NULL,
  `seo_title` varchar(255) COLLATE utf8mb4_unicode_ci DEFAULT NULL,
  `excerpt` text COLLATE utf8mb4_unicode_ci,
  `body` text COLLATE utf8mb4_unicode_ci NOT NULL,
  `image` varchar(255) COLLATE utf8mb4_unicode_ci DEFAULT NULL,
  `slug` varchar(255) COLLATE utf8mb4_unicode_ci NOT NULL,
  `meta_description` text COLLATE utf8mb4_unicode_ci,
  `meta_keywords` text COLLATE utf8mb4_unicode_ci,
  `status` enum('PUBLISHED','DRAFT','PENDING') COLLATE utf8mb4_unicode_ci NOT NULL DEFAULT 'DRAFT',
  `featured` tinyint(1) NOT NULL DEFAULT '0',
  `created_at` timestamp NULL DEFAULT NULL,
  `updated_at` timestamp NULL DEFAULT NULL
) ENGINE=InnoDB DEFAULT CHARSET=utf8mb4 COLLATE=utf8mb4_unicode_ci;

--
-- Volcado de datos para la tabla `posts`
--

INSERT INTO `posts` (`id`, `author_id`, `category_id`, `title`, `seo_title`, `excerpt`, `body`, `image`, `slug`, `meta_description`, `meta_keywords`, `status`, `featured`, `created_at`, `updated_at`) VALUES
(1, 0, NULL, 'Lorem Ipsum Post', NULL, 'This is the excerpt for the Lorem Ipsum Post', '<p>This is the body of the lorem ipsum post</p>', 'posts/post1.jpg', 'lorem-ipsum-post', 'This is the meta description', 'keyword1, keyword2, keyword3', 'PUBLISHED', 0, '2018-06-13 07:45:39', '2018-06-13 07:45:39'),
(2, 0, NULL, 'My Sample Post', NULL, 'This is the excerpt for the sample Post', '<p>This is the body for the sample post, which includes the body.</p>\n                <h2>We can use all kinds of format!</h2>\n                <p>And include a bunch of other stuff.</p>', 'posts/post2.jpg', 'my-sample-post', 'Meta Description for sample post', 'keyword1, keyword2, keyword3', 'PUBLISHED', 0, '2018-06-13 07:45:40', '2018-06-13 07:45:40'),
(3, 0, NULL, 'Latest Post', NULL, 'This is the excerpt for the latest post', '<p>This is the body for the latest post</p>', 'posts/post3.jpg', 'latest-post', 'This is the meta description', 'keyword1, keyword2, keyword3', 'PUBLISHED', 0, '2018-06-13 07:45:40', '2018-06-13 07:45:40'),
(4, 0, NULL, 'Yarr Post', NULL, 'Reef sails nipperkin bring a spring upon her cable coffer jury mast spike marooned Pieces of Eight poop deck pillage. Clipper driver coxswain galleon hempen halter come about pressgang gangplank boatswain swing the lead. Nipperkin yard skysail swab lanyard Blimey bilge water ho quarter Buccaneer.', '<p>Swab deadlights Buccaneer fire ship square-rigged dance the hempen jig weigh anchor cackle fruit grog furl. Crack Jennys tea cup chase guns pressgang hearties spirits hogshead Gold Road six pounders fathom measured fer yer chains. Main sheet provost come about trysail barkadeer crimp scuttle mizzenmast brig plunder.</p>\n<p>Mizzen league keelhaul galleon tender cog chase Barbary Coast doubloon crack Jennys tea cup. Blow the man down lugsail fire ship pinnace cackle fruit line warp Admiral of the Black strike colors doubloon. Tackle Jack Ketch come about crimp rum draft scuppers run a shot across the bow haul wind maroon.</p>\n<p>Interloper heave down list driver pressgang holystone scuppers tackle scallywag bilged on her anchor. Jack Tar interloper draught grapple mizzenmast hulk knave cable transom hogshead. Gaff pillage to go on account grog aft chase guns piracy yardarm knave clap of thunder.</p>', 'posts/post4.jpg', 'yarr-post', 'this be a meta descript', 'keyword1, keyword2, keyword3', 'PUBLISHED', 0, '2018-06-13 07:45:40', '2018-06-13 07:45:40');

-- --------------------------------------------------------

--
-- Estructura de tabla para la tabla `prensa_eventos`
--

CREATE TABLE `prensa_eventos` (
  `id` int(10) UNSIGNED NOT NULL,
  `created_at` timestamp NULL DEFAULT NULL,
  `updated_at` timestamp NULL DEFAULT NULL,
  `motivo_id` int(10) UNSIGNED DEFAULT NULL,
  `campeonato_id` int(10) UNSIGNED DEFAULT NULL,
  `provincia_id` int(10) UNSIGNED DEFAULT NULL,
  `municipio_id` int(10) UNSIGNED DEFAULT NULL,
  `fecha` date NOT NULL,
  `hora` char(5) COLLATE utf8mb4_unicode_ci NOT NULL,
  `desc` text COLLATE utf8mb4_unicode_ci
) ENGINE=InnoDB DEFAULT CHARSET=utf8mb4 COLLATE=utf8mb4_unicode_ci;

-- --------------------------------------------------------

--
-- Estructura de tabla para la tabla `prensa_evento_pelotaris`
--

CREATE TABLE `prensa_evento_pelotaris` (
  `id` int(10) UNSIGNED NOT NULL,
  `created_at` timestamp NULL DEFAULT NULL,
  `updated_at` timestamp NULL DEFAULT NULL,
  `prensa_evento_id` int(10) UNSIGNED NOT NULL,
  `pelotari_id` int(10) UNSIGNED NOT NULL,
  `asiste` tinyint(1) DEFAULT NULL,
  `motivo` text COLLATE utf8mb4_unicode_ci
) ENGINE=InnoDB DEFAULT CHARSET=utf8mb4 COLLATE=utf8mb4_unicode_ci;

-- --------------------------------------------------------

--
-- Estructura de tabla para la tabla `prensa_motivos`
--

CREATE TABLE `prensa_motivos` (
  `id` int(10) UNSIGNED NOT NULL,
  `created_at` timestamp NULL DEFAULT NULL,
  `updated_at` timestamp NULL DEFAULT NULL,
  `name` varchar(100) COLLATE utf8mb4_unicode_ci NOT NULL,
  `description` text COLLATE utf8mb4_unicode_ci
) ENGINE=InnoDB DEFAULT CHARSET=utf8mb4 COLLATE=utf8mb4_unicode_ci;

--
-- Volcado de datos para la tabla `prensa_motivos`
--

INSERT INTO `prensa_motivos` (`id`, `created_at`, `updated_at`, `name`, `description`) VALUES
(1, '2018-12-18 08:12:09', '2018-12-18 08:12:09', 'Elección de material', 'Elección de material'),
(2, '2018-12-18 08:12:19', '2018-12-18 08:12:19', 'Evento patrocinio', 'Evento patrocinio'),
(3, '2018-12-18 08:12:29', '2018-12-18 08:12:35', 'Presentación de campeonato', 'Presentación de campeonato'),
(4, '2018-12-18 08:12:45', '2018-12-18 08:12:45', 'Otros eventos', 'Otros eventos');

-- --------------------------------------------------------

--
-- Estructura de tabla para la tabla `provincias`
--

CREATE TABLE `provincias` (
  `id` int(10) UNSIGNED NOT NULL,
  `name` tinytext COLLATE utf8_unicode_ci,
  `created_at` timestamp NULL DEFAULT NULL,
  `updated_at` timestamp NULL DEFAULT NULL
) ENGINE=InnoDB DEFAULT CHARSET=utf8 COLLATE=utf8_unicode_ci;

--
-- Volcado de datos para la tabla `provincias`
--

INSERT INTO `provincias` (`id`, `name`, `created_at`, `updated_at`) VALUES
(1, 'Araba', '2018-06-14 07:41:57', '2018-06-14 07:41:57'),
(2, 'Bizkaia', '2018-06-14 07:46:23', '2018-06-14 07:46:23'),
(3, 'Gipuzkoa', '2018-06-14 07:46:28', '2018-06-14 07:46:28'),
(4, 'Nafarroa', '2018-06-14 07:46:35', '2018-06-14 07:46:35'),
(5, 'La Rioja', '2018-08-10 08:00:33', '2018-08-10 08:00:33'),
(6, 'Francia', '2018-11-16 09:14:04', '2018-11-16 09:14:04'),
(7, 'Burgos', '2019-01-07 09:40:00', '2019-01-07 09:40:00'),
(8, 'Barcelona', '2019-01-07 09:40:21', '2019-01-07 09:40:21'),
(9, 'Segovia', '2019-01-07 09:40:31', '2019-01-07 09:40:31'),
(10, 'Palencia', '2019-01-07 09:40:55', '2019-01-07 09:40:55'),
(11, 'Madrid', '2019-01-07 10:35:25', '2019-01-07 10:35:25'),
(12, 'Soria', '2019-02-13 08:57:03', '2019-02-13 08:57:03');

-- --------------------------------------------------------

--
-- Estructura de tabla para la tabla `roles`
--

CREATE TABLE `roles` (
  `id` int(10) UNSIGNED NOT NULL,
  `name` varchar(255) COLLATE utf8mb4_unicode_ci NOT NULL,
  `display_name` varchar(255) COLLATE utf8mb4_unicode_ci NOT NULL,
  `created_at` timestamp NULL DEFAULT NULL,
  `updated_at` timestamp NULL DEFAULT NULL
) ENGINE=InnoDB DEFAULT CHARSET=utf8mb4 COLLATE=utf8mb4_unicode_ci;

--
-- Volcado de datos para la tabla `roles`
--

INSERT INTO `roles` (`id`, `name`, `display_name`, `created_at`, `updated_at`) VALUES
(1, 'admin', 'Administrator', '2018-06-13 07:41:18', '2018-06-13 07:41:18'),
(2, 'user', 'Normal User', '2018-06-13 07:41:18', '2018-06-13 07:41:18'),
(3, 'rrhh', 'Recursos Humanos', '2018-06-15 04:08:40', '2018-06-15 04:09:16'),
(4, 'gerente', 'Gerente', '2018-06-15 04:09:33', '2018-06-15 04:09:33'),
(5, 'entrenador', 'Entrenador', '2018-06-15 04:09:54', '2018-06-15 04:09:54'),
(6, 'intendente', 'Intendente', '2018-06-15 04:10:13', '2018-06-15 04:10:13'),
(7, 'prensa', 'Jefe de Prensa', '2018-06-15 04:10:39', '2018-06-15 04:10:39'),
(8, 'medico', 'Médico', '2018-06-15 04:10:59', '2018-06-15 04:10:59');

-- --------------------------------------------------------

--
-- Estructura de tabla para la tabla `settings`
--

CREATE TABLE `settings` (
  `id` int(10) UNSIGNED NOT NULL,
  `key` varchar(255) COLLATE utf8mb4_unicode_ci NOT NULL,
  `display_name` varchar(255) COLLATE utf8mb4_unicode_ci NOT NULL,
  `value` text COLLATE utf8mb4_unicode_ci,
  `details` text COLLATE utf8mb4_unicode_ci,
  `type` varchar(255) COLLATE utf8mb4_unicode_ci NOT NULL,
  `order` int(11) NOT NULL DEFAULT '1',
  `group` varchar(255) COLLATE utf8mb4_unicode_ci DEFAULT NULL
) ENGINE=InnoDB DEFAULT CHARSET=utf8mb4 COLLATE=utf8mb4_unicode_ci;

--
-- Volcado de datos para la tabla `settings`
--

INSERT INTO `settings` (`id`, `key`, `display_name`, `value`, `details`, `type`, `order`, `group`) VALUES
(1, 'site.title', 'Site Title', 'BAIKO PilotAPP', '', 'text', 1, 'Site'),
(2, 'site.description', 'Site Description', 'Baiko Pilota', '', 'text', 2, 'Site'),
(3, 'site.logo', 'Site Logo', 'settings/January2019/DPEFKsMsjKwSAaWFGqQu.png', '', 'image', 3, 'Site'),
(4, 'site.google_analytics_tracking_id', 'Google Analytics Tracking ID', NULL, '', 'text', 4, 'Site'),
(5, 'admin.bg_image', 'Admin Background Image', 'settings/June2018/g7JLgkdnStzJgAlGv72g.jpg', '', 'image', 5, 'Admin'),
(6, 'admin.title', 'Admin Title', 'Baiko Pilota', '', 'text', 1, 'Admin'),
(7, 'admin.description', 'Admin Description', 'Ongi etorri Baiko Pilota-ra. Euskal Pilota profesionalaren enpresa.', '', 'text', 2, 'Admin'),
(8, 'admin.loader', 'Admin Loader', '', '', 'image', 3, 'Admin'),
(9, 'admin.icon_image', 'Admin Icon Image', 'settings/January2019/BtFZqEW5h3Zu1QBUra4u.jpg', '', 'image', 4, 'Admin'),
(10, 'admin.google_analytics_client_id', 'Google Analytics Client ID (used for admin dashboard)', NULL, '', 'text', 1, 'Admin');

-- --------------------------------------------------------

--
-- Estructura de tabla para la tabla `tipo_partidos`
--

CREATE TABLE `tipo_partidos` (
  `id` int(10) UNSIGNED NOT NULL,
  `created_at` timestamp NULL DEFAULT NULL,
  `updated_at` timestamp NULL DEFAULT NULL,
  `deleted_at` timestamp NULL DEFAULT NULL,
  `name` tinytext COLLATE utf8_unicode_ci,
  `desc` tinytext COLLATE utf8_unicode_ci,
  `parejas` tinyint(4) DEFAULT '0'
) ENGINE=InnoDB DEFAULT CHARSET=utf8 COLLATE=utf8_unicode_ci;

--
-- Volcado de datos para la tabla `tipo_partidos`
--

INSERT INTO `tipo_partidos` (`id`, `created_at`, `updated_at`, `deleted_at`, `name`, `desc`, `parejas`) VALUES
(1, '2018-07-09 09:01:35', '2018-07-09 09:01:35', NULL, 'Parejas', 'Partido de Parejas', 1),
(2, '2018-07-09 09:01:49', '2018-07-09 09:01:49', NULL, 'Mano a Mano', 'Partido individual', 0),
(3, '2018-07-09 09:02:07', '2018-07-09 09:02:07', NULL, 'Cuatro y Medio', 'Partido individual al Cuatro y Medio', 0),
(4, '2019-03-05 09:40:27', '2019-03-05 09:40:27', NULL, 'Festival Carnaval', 'Festival Carnaval', 1);

-- --------------------------------------------------------

--
-- Estructura de tabla para la tabla `translations`
--

CREATE TABLE `translations` (
  `id` int(10) UNSIGNED NOT NULL,
  `table_name` varchar(255) COLLATE utf8mb4_unicode_ci NOT NULL,
  `column_name` varchar(255) COLLATE utf8mb4_unicode_ci NOT NULL,
  `foreign_key` int(10) UNSIGNED NOT NULL,
  `locale` varchar(255) COLLATE utf8mb4_unicode_ci NOT NULL,
  `value` text COLLATE utf8mb4_unicode_ci NOT NULL,
  `created_at` timestamp NULL DEFAULT NULL,
  `updated_at` timestamp NULL DEFAULT NULL
) ENGINE=InnoDB DEFAULT CHARSET=utf8mb4 COLLATE=utf8mb4_unicode_ci;

--
-- Volcado de datos para la tabla `translations`
--

INSERT INTO `translations` (`id`, `table_name`, `column_name`, `foreign_key`, `locale`, `value`, `created_at`, `updated_at`) VALUES
(1, 'data_types', 'display_name_singular', 5, 'pt', 'Post', '2018-06-13 07:45:40', '2018-06-13 07:45:40'),
(2, 'data_types', 'display_name_singular', 6, 'pt', 'Página', '2018-06-13 07:45:40', '2018-06-13 07:45:40'),
(3, 'data_types', 'display_name_singular', 1, 'pt', 'Utilizador', '2018-06-13 07:45:41', '2018-06-13 07:45:41'),
(4, 'data_types', 'display_name_singular', 4, 'pt', 'Categoria', '2018-06-13 07:45:41', '2018-06-13 07:45:41'),
(5, 'data_types', 'display_name_singular', 2, 'pt', 'Menu', '2018-06-13 07:45:41', '2018-06-13 07:45:41'),
(6, 'data_types', 'display_name_singular', 3, 'pt', 'Função', '2018-06-13 07:45:41', '2018-06-13 07:45:41'),
(7, 'data_types', 'display_name_plural', 5, 'pt', 'Posts', '2018-06-13 07:45:41', '2018-06-13 07:45:41'),
(8, 'data_types', 'display_name_plural', 6, 'pt', 'Páginas', '2018-06-13 07:45:41', '2018-06-13 07:45:41'),
(9, 'data_types', 'display_name_plural', 1, 'pt', 'Utilizadores', '2018-06-13 07:45:41', '2018-06-13 07:45:41'),
(10, 'data_types', 'display_name_plural', 4, 'pt', 'Categorias', '2018-06-13 07:45:41', '2018-06-13 07:45:41'),
(11, 'data_types', 'display_name_plural', 2, 'pt', 'Menus', '2018-06-13 07:45:41', '2018-06-13 07:45:41'),
(12, 'data_types', 'display_name_plural', 3, 'pt', 'Funções', '2018-06-13 07:45:41', '2018-06-13 07:45:41'),
(13, 'categories', 'slug', 1, 'pt', 'categoria-1', '2018-06-13 07:45:41', '2018-06-13 07:45:41'),
(14, 'categories', 'name', 1, 'pt', 'Categoria 1', '2018-06-13 07:45:41', '2018-06-13 07:45:41'),
(15, 'categories', 'slug', 2, 'pt', 'categoria-2', '2018-06-13 07:45:41', '2018-06-13 07:45:41'),
(16, 'categories', 'name', 2, 'pt', 'Categoria 2', '2018-06-13 07:45:41', '2018-06-13 07:45:41'),
(17, 'pages', 'title', 1, 'pt', 'Olá Mundo', '2018-06-13 07:45:41', '2018-06-13 07:45:41'),
(18, 'pages', 'slug', 1, 'pt', 'ola-mundo', '2018-06-13 07:45:41', '2018-06-13 07:45:41'),
(19, 'pages', 'body', 1, 'pt', '<p>Olá Mundo. Scallywag grog swab Cat o\'nine tails scuttle rigging hardtack cable nipper Yellow Jack. Handsomely spirits knave lad killick landlubber or just lubber deadlights chantey pinnace crack Jennys tea cup. Provost long clothes black spot Yellow Jack bilged on her anchor league lateen sail case shot lee tackle.</p>\r\n<p>Ballast spirits fluke topmast me quarterdeck schooner landlubber or just lubber gabion belaying pin. Pinnace stern galleon starboard warp carouser to go on account dance the hempen jig jolly boat measured fer yer chains. Man-of-war fire in the hole nipperkin handsomely doubloon barkadeer Brethren of the Coast gibbet driver squiffy.</p>', '2018-06-13 07:45:41', '2018-06-13 07:45:41'),
(20, 'menu_items', 'title', 1, 'pt', 'Painel de Controle', '2018-06-13 07:45:41', '2018-06-13 07:45:41'),
(21, 'menu_items', 'title', 2, 'pt', 'Media', '2018-06-13 07:45:41', '2018-06-13 07:45:41'),
(22, 'menu_items', 'title', 13, 'pt', 'Publicações', '2018-06-13 07:45:41', '2018-06-13 07:45:41'),
(23, 'menu_items', 'title', 3, 'pt', 'Utilizadores', '2018-06-13 07:45:41', '2018-06-13 07:45:41'),
(24, 'menu_items', 'title', 12, 'pt', 'Categorias', '2018-06-13 07:45:41', '2018-06-13 07:45:41'),
(25, 'menu_items', 'title', 14, 'pt', 'Páginas', '2018-06-13 07:45:41', '2018-06-13 07:45:41'),
(26, 'menu_items', 'title', 4, 'pt', 'Funções', '2018-06-13 07:45:41', '2018-06-13 07:45:41'),
(27, 'menu_items', 'title', 5, 'pt', 'Ferramentas', '2018-06-13 07:45:41', '2018-06-13 07:45:41'),
(28, 'menu_items', 'title', 6, 'pt', 'Menus', '2018-06-13 07:45:41', '2018-06-13 07:45:41'),
(29, 'menu_items', 'title', 7, 'pt', 'Base de dados', '2018-06-13 07:45:41', '2018-06-13 07:45:41'),
(30, 'menu_items', 'title', 10, 'pt', 'Configurações', '2018-06-13 07:45:41', '2018-06-13 07:45:41');

-- --------------------------------------------------------

--
-- Estructura de tabla para la tabla `users`
--

CREATE TABLE `users` (
  `id` int(10) UNSIGNED NOT NULL,
  `role_id` int(10) UNSIGNED DEFAULT NULL,
  `name` varchar(255) COLLATE utf8mb4_unicode_ci NOT NULL,
  `email` varchar(255) COLLATE utf8mb4_unicode_ci NOT NULL,
  `avatar` varchar(255) COLLATE utf8mb4_unicode_ci DEFAULT 'users/default.png',
  `password` varchar(255) COLLATE utf8mb4_unicode_ci NOT NULL,
  `remember_token` varchar(100) COLLATE utf8mb4_unicode_ci DEFAULT NULL,
  `settings` text COLLATE utf8mb4_unicode_ci,
  `created_at` timestamp NULL DEFAULT NULL,
  `updated_at` timestamp NULL DEFAULT NULL
) ENGINE=InnoDB DEFAULT CHARSET=utf8mb4 COLLATE=utf8mb4_unicode_ci;

--
-- Volcado de datos para la tabla `users`
--

INSERT INTO `users` (`id`, `role_id`, `name`, `email`, `avatar`, `password`, `remember_token`, `settings`, `created_at`, `updated_at`) VALUES
(1, 1, 'Ricardo Otxoa', 'ricardo@burman.es', 'users/June2018/GGhE7bqvIp7rKEFrQjcv.jpg', '$2y$10$tXIGvckxgprD.Tl.ZDPZ3uobTVdKj.EAtl/PKud6aCzY0j0xBMnja', 'TJ6wShC0oIBmuKI8qi8rNYlBAzdrRkpAMKkbWPmqkKoeosWOZfjsUJjw6f6E', '{\"locale\":\"es\"}', '2018-06-13 07:45:38', '2018-06-14 07:23:19'),
(2, 8, 'Médico', 'medico@asegarce.dev', 'users/default.png', '$2y$10$t1RCArD2tNr1DSY9s2OBYeJgdDo.bE0yajVDs7fV.s8meqgP03VZy', '21IRkktCDM90LXpZoDxcjXw7TXaVKMOtdMUYRDi4PBw1MYB7wL1xB5d9S059', '{\"locale\":\"es\"}', '2018-06-15 04:17:21', '2018-06-18 05:00:20'),
(3, 3, 'Recursos Humanos', 'rrhh@asegarce.dev', 'users/September2018/UFqhTt98vWxOMRFxsBOw.jpeg', '$2y$10$wtiToKqK4fYOg8lIcmAPaeTZZVUGXajowxETtjJZ.TkGowZbSkOS2', 'M41SrrUo2OSo1Wzhcjt1E0G8XROPwe18SmfXWy6TgvTpq0TNryfjrR52SM8k', '{\"locale\":\"es\"}', '2018-06-18 04:59:30', '2018-09-14 05:11:34'),
(4, 4, 'Gerente', 'gerente@asegarce.dev', 'users/September2018/vRyiMZLhr1UtcsJqhAmTDiROhAvv9z5sO74wIgZz.jpeg', '$2y$10$dlHGevhvqrTNUMtZK1ljfuLEGd5OIXMZpc.YSBDVC.74jQocwFCJq', 'oKf5zEPq4ojfDBSL6Oi0uJuzkPcZPWK9Jq5izuWIYw7MYWUo1WqKhLTKXBSE', '{\"locale\":\"es\"}', '2018-06-18 04:59:58', '2019-02-26 14:11:13'),
(5, 6, 'Intendente', 'intendente@asegarce.dev', 'users/September2018/iqj22FRHZ5bSW7WLU2Y4vg6TczISxgAgIpGNjBjg.jpeg', '$2y$10$1pZ9XKXEx2zYoXnleTQhrOtifGetRa/8ZTBCaRCGQFAAnauUuJA0m', 'z69B8vCnO6LgKSyLRIR7JyEcWnTudYqm4KaUIa68SeIjlBSRGd9f5KT0hsnx', '{\"locale\":\"es\"}', '2018-06-18 05:00:46', '2018-09-17 09:57:28'),
(6, 5, 'Entrenador', 'entrenador@asegarce.dev', 'users/default.png', '$2y$10$cnfPOvC1ybI8atuaAcLvC.j0Xu8LZyz6PmV5AO5KolKeN33czN3xG', '9Jyv0erMHl3CuKFTr71sX4TIsAqPVOEWOUa2jMDtdMsaHsEk7bQO2IiBm7rw', '{\"locale\":\"es\"}', '2018-06-18 05:01:02', '2018-11-30 12:25:19'),
(7, 7, 'Prensa', 'prensa@asegarce.dev', 'users/default.png', '$2y$10$7gFdp6d0q1br/8zOfxoyQOt.2ZW4.tyhW2iH5wYh370l9P4DWYJd2', 'LODOKUMmM3MdEVb8vQH1S51D4cmjJ8IbpFsICbEdUMBEn1OOqAx8A6Efr8U3', '{\"locale\":\"es\"}', '2018-06-18 05:01:24', '2018-12-11 09:00:09'),
(8, 2, 'Anon User', 'user@asegarce.dev', 'users/default.png', '$2y$10$W77ZmL1DI7o1mjYPb8UWfuf5cUSIfjE24gxRZM7zRQIYgtWqVpyie', '7Lx0B2Z2esB0jji7NnaB8xyFHQml6XySGPrzkKfKmNissZKIW8vQzgNz2Dyz', '{\"locale\":\"es\"}', '2018-06-18 05:02:03', '2018-06-18 05:02:03'),
(9, 1, 'Administrador', 'admin@asegarce.dev', 'users/default.png', '$2y$10$eNhyKoAe7dsysOOohHAFweP0.mnUDwwLhJ.ryfFQyz6eP9cbVCF32', '7IZr4XV82qbLVld0be2I60ueT7SgXQobLKIDrt2FIaQkgHZyoloHo3dRs3pO', '{\"locale\":\"es\"}', '2018-10-18 08:48:59', '2019-02-15 12:06:28'),
(10, 3, 'Francisca Higueras', 'fhigueras@bainet.es', 'users/default.png', '$2y$10$E/QyAhkwGVRH4CWgQinguOtAAeBv5QNUO5FJ.fId17.IquuTbyQ9C', 'ia5yZEjswDImLK45jk1ncvl3B9sLnY9vFMfIusevs8eH4jBLh5aOd5ROpkkO', '{\"locale\":\"es\"}', '2018-11-29 06:59:42', '2018-11-29 06:59:42'),
(11, 4, 'Unai Iglesias', 'unai.iglesias@baikopilota.eus', 'users/default.png', '$2y$10$pKNoJLD1Rz2fh0Q9XtPxxOIXkiBH/TqMBav7cO9Le3IA.vyWLExUC', 'LI28SHLbRJwNwQQkO9A7NziiQs6Fcm5Ct8z4WqoC9MjACaNkzpe8DqhsZfyq', '{\"locale\":\"es\"}', '2019-01-15 07:51:51', '2019-01-15 07:51:51'),
(12, 1, 'Joserra Garai', 'joserra.garai@baiko.eus', 'users/default.png', '$2y$10$3mOdifk/7NjqRMvXTuKLteFuVTSQ4HTTKW4egicEjf44dC38UFVhi', '3kPyAHZDGlZt98Kxqfkh1NtGQN0OhMCXx7fYiS5C8YhVVs5hT64QATMbl9Om', '{\"locale\":\"es\"}', '2019-02-15 12:07:23', '2019-02-15 12:07:23'),
(13, 6, 'Pablo Berasaluze', 'pablo.berasaluze@baiko.eus', 'users/default.png', '$2y$10$tZz/GI6jAD0C6L2gSff7ZeC6vI1QVY3HoIhr5sV/GYNX2eWIVzOMC', 'xkXyNznVnUUN4FfxbeBdAEP9ecLPZUot9IVHcGHldygUeVyWMPKxWJQEWbRX', '{\"locale\":\"es\"}', '2019-02-18 07:46:58', '2019-02-18 07:46:58'),
(14, 6, 'Ruben Beloki', 'ruben.beloki@baiko.eus', 'users/default.png', '$2y$10$h6xXNas.NSBVoUrq7pSpnODeyibgh1LFIOg9Xu3CH/TJXcwGS1/NC', '456BeIlTpiOv6NuGKBIJEoqxw388S1rE4du2Ldqnrq4ilc3prmyRLym5k5kI', '{\"locale\":\"es\"}', '2019-02-18 07:47:24', '2019-02-18 07:47:24'),
(15, 6, 'Jose Angel Balanza', 'joseangel.balanza@baiko.eus', 'users/default.png', '$2y$10$MJtP5ilSTx5ERIWrNX5WZegumI2ya8yBMIeCA5zzGl4L/HyOlO1Ly', 'in40urMxO9oXgaHj1s0jUSrQYmgnTMKim7FCRe0mQCCELt388CCduJT7bPMl', '{\"locale\":\"es\"}', '2019-02-18 07:47:50', '2019-02-18 07:47:50');

-- --------------------------------------------------------

--
-- Estructura de tabla para la tabla `user_roles`
--

CREATE TABLE `user_roles` (
  `user_id` int(10) UNSIGNED NOT NULL,
  `role_id` int(10) UNSIGNED NOT NULL
) ENGINE=InnoDB DEFAULT CHARSET=utf8mb4 COLLATE=utf8mb4_unicode_ci;

--
-- Índices para tablas volcadas
--

--
-- Indices de la tabla `campeonatos`
--
ALTER TABLE `campeonatos`
  ADD PRIMARY KEY (`id`);

--
-- Indices de la tabla `categories`
--
ALTER TABLE `categories`
  ADD PRIMARY KEY (`id`),
  ADD UNIQUE KEY `categories_slug_unique` (`slug`),
  ADD KEY `categories_parent_id_foreign` (`parent_id`);

--
-- Indices de la tabla `clientes`
--
ALTER TABLE `clientes`
  ADD PRIMARY KEY (`id`);

--
-- Indices de la tabla `contratos`
--
ALTER TABLE `contratos`
  ADD PRIMARY KEY (`id`),
  ADD KEY `contratos_header_id_foreign` (`header_id`);

--
-- Indices de la tabla `contratos_comercial`
--
ALTER TABLE `contratos_comercial`
  ADD PRIMARY KEY (`id`),
  ADD KEY `contratos_comercial_header_id_foreign` (`header_id`),
  ADD KEY `contratos_comercial_pelotari_id_foreign` (`pelotari_id`);

--
-- Indices de la tabla `contratos_header`
--
ALTER TABLE `contratos_header`
  ADD PRIMARY KEY (`id`),
  ADD KEY `contratos_header_pelotari_id_foreign` (`pelotari_id`);

--
-- Indices de la tabla `contrato_campeonatos`
--
ALTER TABLE `contrato_campeonatos`
  ADD PRIMARY KEY (`id`);

--
-- Indices de la tabla `data_rows`
--
ALTER TABLE `data_rows`
  ADD PRIMARY KEY (`id`),
  ADD KEY `data_rows_data_type_id_foreign` (`data_type_id`);

--
-- Indices de la tabla `data_types`
--
ALTER TABLE `data_types`
  ADD PRIMARY KEY (`id`),
  ADD UNIQUE KEY `data_types_name_unique` (`name`),
  ADD UNIQUE KEY `data_types_slug_unique` (`slug`);

--
-- Indices de la tabla `entrenamientos`
--
ALTER TABLE `entrenamientos`
  ADD PRIMARY KEY (`id`),
  ADD KEY `entrenamientos_pelotari_id_foreign` (`pelotari_id`),
  ADD KEY `entrenamientos_provincia_id_foreign` (`provincia_id`),
  ADD KEY `entrenamientos_municipio_id_foreign` (`municipio_id`),
  ADD KEY `entrenamientos_contenido_id_foreign` (`contenido_id`),
  ADD KEY `entrenamientos_actitud_id_foreign` (`actitud_id`),
  ADD KEY `entrenamientos_aprovechamiento_id_foreign` (`aprovechamiento_id`),
  ADD KEY `entrenamientos_evolucion_id_foreign` (`evolucion_id`),
  ADD KEY `entrenamientos_fronton_id_foreign` (`fronton_id`);

--
-- Indices de la tabla `entr_actitud`
--
ALTER TABLE `entr_actitud`
  ADD PRIMARY KEY (`id`);

--
-- Indices de la tabla `entr_aprovechamiento`
--
ALTER TABLE `entr_aprovechamiento`
  ADD PRIMARY KEY (`id`);

--
-- Indices de la tabla `entr_contenido`
--
ALTER TABLE `entr_contenido`
  ADD PRIMARY KEY (`id`);

--
-- Indices de la tabla `entr_evolucion`
--
ALTER TABLE `entr_evolucion`
  ADD PRIMARY KEY (`id`);

--
-- Indices de la tabla `entr_frontones`
--
ALTER TABLE `entr_frontones`
  ADD PRIMARY KEY (`id`);

--
-- Indices de la tabla `estado_festivals`
--
ALTER TABLE `estado_festivals`
  ADD PRIMARY KEY (`id`);

--
-- Indices de la tabla `factura_envios`
--
ALTER TABLE `factura_envios`
  ADD PRIMARY KEY (`id`);

--
-- Indices de la tabla `festivales`
--
ALTER TABLE `festivales`
  ADD PRIMARY KEY (`id`);

--
-- Indices de la tabla `festival_contactos`
--
ALTER TABLE `festival_contactos`
  ADD PRIMARY KEY (`id`),
  ADD KEY `festival_contactos_festival_id_foreign` (`festival_id`);

--
-- Indices de la tabla `festival_costes`
--
ALTER TABLE `festival_costes`
  ADD PRIMARY KEY (`id`);

--
-- Indices de la tabla `festival_costes_entradas`
--
ALTER TABLE `festival_costes_entradas`
  ADD PRIMARY KEY (`id`),
  ADD KEY `festival_costes_entradas_festival_id_foreign` (`festival_id`);

--
-- Indices de la tabla `festival_facturacion`
--
ALTER TABLE `festival_facturacion`
  ADD PRIMARY KEY (`id`);

--
-- Indices de la tabla `festival_partidos`
--
ALTER TABLE `festival_partidos`
  ADD PRIMARY KEY (`id`);

--
-- Indices de la tabla `festival_partido_marcadores`
--
ALTER TABLE `festival_partido_marcadores`
  ADD PRIMARY KEY (`id`);

--
-- Indices de la tabla `festival_partido_pelotaris`
--
ALTER TABLE `festival_partido_pelotaris`
  ADD PRIMARY KEY (`id`);

--
-- Indices de la tabla `festival_partido_tanteo`
--
ALTER TABLE `festival_partido_tanteo`
  ADD PRIMARY KEY (`id`);

--
-- Indices de la tabla `formas_pagos`
--
ALTER TABLE `formas_pagos`
  ADD PRIMARY KEY (`id`);

--
-- Indices de la tabla `frontones`
--
ALTER TABLE `frontones`
  ADD PRIMARY KEY (`id`);

--
-- Indices de la tabla `menus`
--
ALTER TABLE `menus`
  ADD PRIMARY KEY (`id`),
  ADD UNIQUE KEY `menus_name_unique` (`name`);

--
-- Indices de la tabla `menu_items`
--
ALTER TABLE `menu_items`
  ADD PRIMARY KEY (`id`),
  ADD KEY `menu_items_menu_id_foreign` (`menu_id`);

--
-- Indices de la tabla `migrations`
--
ALTER TABLE `migrations`
  ADD PRIMARY KEY (`id`);

--
-- Indices de la tabla `municipios`
--
ALTER TABLE `municipios`
  ADD PRIMARY KEY (`id`);

--
-- Indices de la tabla `pages`
--
ALTER TABLE `pages`
  ADD PRIMARY KEY (`id`),
  ADD UNIQUE KEY `pages_slug_unique` (`slug`);

--
-- Indices de la tabla `password_resets`
--
ALTER TABLE `password_resets`
  ADD KEY `password_resets_email_index` (`email`);

--
-- Indices de la tabla `pelotaris`
--
ALTER TABLE `pelotaris`
  ADD PRIMARY KEY (`id`);

--
-- Indices de la tabla `pelotaris_aspe`
--
ALTER TABLE `pelotaris_aspe`
  ADD PRIMARY KEY (`id`);

--
-- Indices de la tabla `permissions`
--
ALTER TABLE `permissions`
  ADD PRIMARY KEY (`id`),
  ADD KEY `permissions_key_index` (`key`);

--
-- Indices de la tabla `permission_role`
--
ALTER TABLE `permission_role`
  ADD PRIMARY KEY (`permission_id`,`role_id`),
  ADD KEY `permission_role_permission_id_index` (`permission_id`),
  ADD KEY `permission_role_role_id_index` (`role_id`);

--
-- Indices de la tabla `posts`
--
ALTER TABLE `posts`
  ADD PRIMARY KEY (`id`),
  ADD UNIQUE KEY `posts_slug_unique` (`slug`);

--
-- Indices de la tabla `prensa_eventos`
--
ALTER TABLE `prensa_eventos`
  ADD PRIMARY KEY (`id`),
  ADD KEY `prensa_eventos_motivo_id_foreign` (`motivo_id`),
  ADD KEY `prensa_eventos_campeonato_id_foreign` (`campeonato_id`),
  ADD KEY `prensa_eventos_provincia_id_foreign` (`provincia_id`),
  ADD KEY `prensa_eventos_municipio_id_foreign` (`municipio_id`);

--
-- Indices de la tabla `prensa_evento_pelotaris`
--
ALTER TABLE `prensa_evento_pelotaris`
  ADD PRIMARY KEY (`id`),
  ADD KEY `prensa_evento_pelotaris_prensa_evento_id_foreign` (`prensa_evento_id`),
  ADD KEY `prensa_evento_pelotaris_pelotari_id_foreign` (`pelotari_id`);

--
-- Indices de la tabla `prensa_motivos`
--
ALTER TABLE `prensa_motivos`
  ADD PRIMARY KEY (`id`);

--
-- Indices de la tabla `provincias`
--
ALTER TABLE `provincias`
  ADD PRIMARY KEY (`id`);

--
-- Indices de la tabla `roles`
--
ALTER TABLE `roles`
  ADD PRIMARY KEY (`id`),
  ADD UNIQUE KEY `roles_name_unique` (`name`);

--
-- Indices de la tabla `settings`
--
ALTER TABLE `settings`
  ADD PRIMARY KEY (`id`),
  ADD UNIQUE KEY `settings_key_unique` (`key`);

--
-- Indices de la tabla `tipo_partidos`
--
ALTER TABLE `tipo_partidos`
  ADD PRIMARY KEY (`id`);

--
-- Indices de la tabla `translations`
--
ALTER TABLE `translations`
  ADD PRIMARY KEY (`id`),
  ADD UNIQUE KEY `translations_table_name_column_name_foreign_key_locale_unique` (`table_name`,`column_name`,`foreign_key`,`locale`);

--
-- Indices de la tabla `users`
--
ALTER TABLE `users`
  ADD PRIMARY KEY (`id`),
  ADD UNIQUE KEY `users_email_unique` (`email`),
  ADD KEY `users_role_id_foreign` (`role_id`);

--
-- Indices de la tabla `user_roles`
--
ALTER TABLE `user_roles`
  ADD PRIMARY KEY (`user_id`,`role_id`),
  ADD KEY `user_roles_user_id_index` (`user_id`),
  ADD KEY `user_roles_role_id_index` (`role_id`);

--
-- AUTO_INCREMENT de las tablas volcadas
--

--
-- AUTO_INCREMENT de la tabla `campeonatos`
--
ALTER TABLE `campeonatos`
  MODIFY `id` int(10) UNSIGNED NOT NULL AUTO_INCREMENT, AUTO_INCREMENT=14;

--
-- AUTO_INCREMENT de la tabla `categories`
--
ALTER TABLE `categories`
  MODIFY `id` int(10) UNSIGNED NOT NULL AUTO_INCREMENT, AUTO_INCREMENT=3;

--
-- AUTO_INCREMENT de la tabla `clientes`
--
ALTER TABLE `clientes`
  MODIFY `id` int(10) UNSIGNED NOT NULL AUTO_INCREMENT, AUTO_INCREMENT=8;

--
-- AUTO_INCREMENT de la tabla `contratos`
--
ALTER TABLE `contratos`
  MODIFY `id` int(10) UNSIGNED NOT NULL AUTO_INCREMENT, AUTO_INCREMENT=145;

--
-- AUTO_INCREMENT de la tabla `contratos_comercial`
--
ALTER TABLE `contratos_comercial`
  MODIFY `id` int(10) UNSIGNED NOT NULL AUTO_INCREMENT, AUTO_INCREMENT=32;

--
-- AUTO_INCREMENT de la tabla `contratos_header`
--
ALTER TABLE `contratos_header`
  MODIFY `id` int(10) UNSIGNED NOT NULL AUTO_INCREMENT, AUTO_INCREMENT=72;

--
-- AUTO_INCREMENT de la tabla `contrato_campeonatos`
--
ALTER TABLE `contrato_campeonatos`
  MODIFY `id` int(10) UNSIGNED NOT NULL AUTO_INCREMENT, AUTO_INCREMENT=146;

--
-- AUTO_INCREMENT de la tabla `data_rows`
--
ALTER TABLE `data_rows`
  MODIFY `id` int(10) UNSIGNED NOT NULL AUTO_INCREMENT, AUTO_INCREMENT=217;

--
-- AUTO_INCREMENT de la tabla `data_types`
--
ALTER TABLE `data_types`
  MODIFY `id` int(10) UNSIGNED NOT NULL AUTO_INCREMENT, AUTO_INCREMENT=34;

--
-- AUTO_INCREMENT de la tabla `entrenamientos`
--
ALTER TABLE `entrenamientos`
  MODIFY `id` int(10) UNSIGNED NOT NULL AUTO_INCREMENT;

--
-- AUTO_INCREMENT de la tabla `entr_actitud`
--
ALTER TABLE `entr_actitud`
  MODIFY `id` int(10) UNSIGNED NOT NULL AUTO_INCREMENT, AUTO_INCREMENT=4;

--
-- AUTO_INCREMENT de la tabla `entr_aprovechamiento`
--
ALTER TABLE `entr_aprovechamiento`
  MODIFY `id` int(10) UNSIGNED NOT NULL AUTO_INCREMENT, AUTO_INCREMENT=4;

--
-- AUTO_INCREMENT de la tabla `entr_contenido`
--
ALTER TABLE `entr_contenido`
  MODIFY `id` int(10) UNSIGNED NOT NULL AUTO_INCREMENT, AUTO_INCREMENT=6;

--
-- AUTO_INCREMENT de la tabla `entr_evolucion`
--
ALTER TABLE `entr_evolucion`
  MODIFY `id` int(10) UNSIGNED NOT NULL AUTO_INCREMENT, AUTO_INCREMENT=4;

--
-- AUTO_INCREMENT de la tabla `entr_frontones`
--
ALTER TABLE `entr_frontones`
  MODIFY `id` int(10) UNSIGNED NOT NULL AUTO_INCREMENT, AUTO_INCREMENT=5;

--
-- AUTO_INCREMENT de la tabla `estado_festivals`
--
ALTER TABLE `estado_festivals`
  MODIFY `id` int(10) UNSIGNED NOT NULL AUTO_INCREMENT, AUTO_INCREMENT=4;

--
-- AUTO_INCREMENT de la tabla `factura_envios`
--
ALTER TABLE `factura_envios`
  MODIFY `id` int(10) UNSIGNED NOT NULL AUTO_INCREMENT, AUTO_INCREMENT=3;

--
-- AUTO_INCREMENT de la tabla `festivales`
--
ALTER TABLE `festivales`
  MODIFY `id` int(10) UNSIGNED NOT NULL AUTO_INCREMENT, AUTO_INCREMENT=111;

--
-- AUTO_INCREMENT de la tabla `festival_contactos`
--
ALTER TABLE `festival_contactos`
  MODIFY `id` int(10) UNSIGNED NOT NULL AUTO_INCREMENT, AUTO_INCREMENT=201;

--
-- AUTO_INCREMENT de la tabla `festival_costes`
--
ALTER TABLE `festival_costes`
  MODIFY `id` int(10) UNSIGNED NOT NULL AUTO_INCREMENT, AUTO_INCREMENT=313;

--
-- AUTO_INCREMENT de la tabla `festival_costes_entradas`
--
ALTER TABLE `festival_costes_entradas`
  MODIFY `id` int(10) UNSIGNED NOT NULL AUTO_INCREMENT, AUTO_INCREMENT=2;

--
-- AUTO_INCREMENT de la tabla `festival_facturacion`
--
ALTER TABLE `festival_facturacion`
  MODIFY `id` int(10) UNSIGNED NOT NULL AUTO_INCREMENT, AUTO_INCREMENT=315;

--
-- AUTO_INCREMENT de la tabla `festival_partidos`
--
ALTER TABLE `festival_partidos`
  MODIFY `id` int(10) UNSIGNED NOT NULL AUTO_INCREMENT, AUTO_INCREMENT=266;

--
-- AUTO_INCREMENT de la tabla `festival_partido_marcadores`
--
ALTER TABLE `festival_partido_marcadores`
  MODIFY `id` int(10) UNSIGNED NOT NULL AUTO_INCREMENT;

--
-- AUTO_INCREMENT de la tabla `festival_partido_pelotaris`
--
ALTER TABLE `festival_partido_pelotaris`
  MODIFY `id` int(10) UNSIGNED NOT NULL AUTO_INCREMENT, AUTO_INCREMENT=1207;

--
-- AUTO_INCREMENT de la tabla `festival_partido_tanteo`
--
ALTER TABLE `festival_partido_tanteo`
  MODIFY `id` int(10) UNSIGNED NOT NULL AUTO_INCREMENT, AUTO_INCREMENT=5281;

--
-- AUTO_INCREMENT de la tabla `formas_pagos`
--
ALTER TABLE `formas_pagos`
  MODIFY `id` int(10) UNSIGNED NOT NULL AUTO_INCREMENT, AUTO_INCREMENT=5;

--
-- AUTO_INCREMENT de la tabla `frontones`
--
ALTER TABLE `frontones`
  MODIFY `id` int(10) UNSIGNED NOT NULL AUTO_INCREMENT, AUTO_INCREMENT=123;

--
-- AUTO_INCREMENT de la tabla `menus`
--
ALTER TABLE `menus`
  MODIFY `id` int(10) UNSIGNED NOT NULL AUTO_INCREMENT, AUTO_INCREMENT=2;

--
-- AUTO_INCREMENT de la tabla `menu_items`
--
ALTER TABLE `menu_items`
  MODIFY `id` int(10) UNSIGNED NOT NULL AUTO_INCREMENT, AUTO_INCREMENT=40;

--
-- AUTO_INCREMENT de la tabla `migrations`
--
ALTER TABLE `migrations`
  MODIFY `id` int(10) UNSIGNED NOT NULL AUTO_INCREMENT, AUTO_INCREMENT=61;

--
-- AUTO_INCREMENT de la tabla `municipios`
--
ALTER TABLE `municipios`
  MODIFY `id` int(10) UNSIGNED NOT NULL AUTO_INCREMENT, AUTO_INCREMENT=147;

--
-- AUTO_INCREMENT de la tabla `pages`
--
ALTER TABLE `pages`
  MODIFY `id` int(10) UNSIGNED NOT NULL AUTO_INCREMENT, AUTO_INCREMENT=2;

--
-- AUTO_INCREMENT de la tabla `pelotaris`
--
ALTER TABLE `pelotaris`
  MODIFY `id` int(10) UNSIGNED NOT NULL AUTO_INCREMENT, AUTO_INCREMENT=79;

--
-- AUTO_INCREMENT de la tabla `pelotaris_aspe`
--
ALTER TABLE `pelotaris_aspe`
  MODIFY `id` int(10) UNSIGNED NOT NULL AUTO_INCREMENT, AUTO_INCREMENT=30;

--
-- AUTO_INCREMENT de la tabla `permissions`
--
ALTER TABLE `permissions`
  MODIFY `id` int(10) UNSIGNED NOT NULL AUTO_INCREMENT, AUTO_INCREMENT=152;

--
-- AUTO_INCREMENT de la tabla `posts`
--
ALTER TABLE `posts`
  MODIFY `id` int(10) UNSIGNED NOT NULL AUTO_INCREMENT, AUTO_INCREMENT=5;

--
-- AUTO_INCREMENT de la tabla `prensa_eventos`
--
ALTER TABLE `prensa_eventos`
  MODIFY `id` int(10) UNSIGNED NOT NULL AUTO_INCREMENT, AUTO_INCREMENT=2;

--
-- AUTO_INCREMENT de la tabla `prensa_evento_pelotaris`
--
ALTER TABLE `prensa_evento_pelotaris`
  MODIFY `id` int(10) UNSIGNED NOT NULL AUTO_INCREMENT;

--
-- AUTO_INCREMENT de la tabla `prensa_motivos`
--
ALTER TABLE `prensa_motivos`
  MODIFY `id` int(10) UNSIGNED NOT NULL AUTO_INCREMENT, AUTO_INCREMENT=5;

--
-- AUTO_INCREMENT de la tabla `provincias`
--
ALTER TABLE `provincias`
  MODIFY `id` int(10) UNSIGNED NOT NULL AUTO_INCREMENT, AUTO_INCREMENT=13;

--
-- AUTO_INCREMENT de la tabla `roles`
--
ALTER TABLE `roles`
  MODIFY `id` int(10) UNSIGNED NOT NULL AUTO_INCREMENT, AUTO_INCREMENT=9;

--
-- AUTO_INCREMENT de la tabla `settings`
--
ALTER TABLE `settings`
  MODIFY `id` int(10) UNSIGNED NOT NULL AUTO_INCREMENT, AUTO_INCREMENT=11;

--
-- AUTO_INCREMENT de la tabla `tipo_partidos`
--
ALTER TABLE `tipo_partidos`
  MODIFY `id` int(10) UNSIGNED NOT NULL AUTO_INCREMENT, AUTO_INCREMENT=6;

--
-- AUTO_INCREMENT de la tabla `translations`
--
ALTER TABLE `translations`
  MODIFY `id` int(10) UNSIGNED NOT NULL AUTO_INCREMENT, AUTO_INCREMENT=31;

--
-- AUTO_INCREMENT de la tabla `users`
--
ALTER TABLE `users`
  MODIFY `id` int(10) UNSIGNED NOT NULL AUTO_INCREMENT, AUTO_INCREMENT=16;

--
-- Restricciones para tablas volcadas
--

--
-- Filtros para la tabla `categories`
--
ALTER TABLE `categories`
  ADD CONSTRAINT `categories_parent_id_foreign` FOREIGN KEY (`parent_id`) REFERENCES `categories` (`id`) ON DELETE SET NULL ON UPDATE CASCADE;

--
-- Filtros para la tabla `contratos`
--
ALTER TABLE `contratos`
  ADD CONSTRAINT `contratos_header_id_foreign` FOREIGN KEY (`header_id`) REFERENCES `contratos_header` (`id`) ON DELETE CASCADE ON UPDATE CASCADE;

--
-- Filtros para la tabla `contratos_comercial`
--
ALTER TABLE `contratos_comercial`
  ADD CONSTRAINT `contratos_comercial_header_id_foreign` FOREIGN KEY (`header_id`) REFERENCES `contratos_header` (`id`) ON DELETE CASCADE ON UPDATE CASCADE,
  ADD CONSTRAINT `contratos_comercial_pelotari_id_foreign` FOREIGN KEY (`pelotari_id`) REFERENCES `pelotaris` (`id`) ON DELETE CASCADE ON UPDATE CASCADE;

--
-- Filtros para la tabla `contratos_header`
--
ALTER TABLE `contratos_header`
  ADD CONSTRAINT `contratos_header_pelotari_id_foreign` FOREIGN KEY (`pelotari_id`) REFERENCES `pelotaris` (`id`) ON DELETE SET NULL ON UPDATE CASCADE;

--
-- Filtros para la tabla `data_rows`
--
ALTER TABLE `data_rows`
  ADD CONSTRAINT `data_rows_data_type_id_foreign` FOREIGN KEY (`data_type_id`) REFERENCES `data_types` (`id`) ON DELETE CASCADE ON UPDATE CASCADE;

--
-- Filtros para la tabla `entrenamientos`
--
ALTER TABLE `entrenamientos`
  ADD CONSTRAINT `entrenamientos_actitud_id_foreign` FOREIGN KEY (`actitud_id`) REFERENCES `entr_actitud` (`id`) ON DELETE SET NULL ON UPDATE CASCADE,
  ADD CONSTRAINT `entrenamientos_aprovechamiento_id_foreign` FOREIGN KEY (`aprovechamiento_id`) REFERENCES `entr_aprovechamiento` (`id`) ON DELETE SET NULL ON UPDATE CASCADE,
  ADD CONSTRAINT `entrenamientos_contenido_id_foreign` FOREIGN KEY (`contenido_id`) REFERENCES `entr_contenido` (`id`) ON DELETE SET NULL ON UPDATE CASCADE,
  ADD CONSTRAINT `entrenamientos_evolucion_id_foreign` FOREIGN KEY (`evolucion_id`) REFERENCES `entr_evolucion` (`id`) ON DELETE SET NULL ON UPDATE CASCADE,
  ADD CONSTRAINT `entrenamientos_fronton_id_foreign` FOREIGN KEY (`fronton_id`) REFERENCES `entr_frontones` (`id`) ON DELETE SET NULL ON UPDATE CASCADE,
  ADD CONSTRAINT `entrenamientos_municipio_id_foreign` FOREIGN KEY (`municipio_id`) REFERENCES `municipios` (`id`) ON DELETE SET NULL ON UPDATE CASCADE,
  ADD CONSTRAINT `entrenamientos_pelotari_id_foreign` FOREIGN KEY (`pelotari_id`) REFERENCES `pelotaris` (`id`) ON DELETE SET NULL ON UPDATE CASCADE,
  ADD CONSTRAINT `entrenamientos_provincia_id_foreign` FOREIGN KEY (`provincia_id`) REFERENCES `provincias` (`id`) ON DELETE SET NULL ON UPDATE CASCADE;

--
-- Filtros para la tabla `festival_contactos`
--
ALTER TABLE `festival_contactos`
  ADD CONSTRAINT `festival_contactos_festival_id_foreign` FOREIGN KEY (`festival_id`) REFERENCES `festivales` (`id`) ON DELETE CASCADE ON UPDATE CASCADE;

--
-- Filtros para la tabla `festival_costes_entradas`
--
ALTER TABLE `festival_costes_entradas`
  ADD CONSTRAINT `festival_costes_entradas_festival_id_foreign` FOREIGN KEY (`festival_id`) REFERENCES `festivales` (`id`) ON DELETE CASCADE ON UPDATE CASCADE;

--
-- Filtros para la tabla `menu_items`
--
ALTER TABLE `menu_items`
  ADD CONSTRAINT `menu_items_menu_id_foreign` FOREIGN KEY (`menu_id`) REFERENCES `menus` (`id`) ON DELETE CASCADE;

--
-- Filtros para la tabla `permission_role`
--
ALTER TABLE `permission_role`
  ADD CONSTRAINT `permission_role_permission_id_foreign` FOREIGN KEY (`permission_id`) REFERENCES `permissions` (`id`) ON DELETE CASCADE,
  ADD CONSTRAINT `permission_role_role_id_foreign` FOREIGN KEY (`role_id`) REFERENCES `roles` (`id`) ON DELETE CASCADE;

--
-- Filtros para la tabla `prensa_eventos`
--
ALTER TABLE `prensa_eventos`
  ADD CONSTRAINT `prensa_eventos_campeonato_id_foreign` FOREIGN KEY (`campeonato_id`) REFERENCES `campeonatos` (`id`) ON DELETE CASCADE ON UPDATE CASCADE,
  ADD CONSTRAINT `prensa_eventos_motivo_id_foreign` FOREIGN KEY (`motivo_id`) REFERENCES `prensa_motivos` (`id`) ON DELETE CASCADE ON UPDATE CASCADE,
  ADD CONSTRAINT `prensa_eventos_municipio_id_foreign` FOREIGN KEY (`municipio_id`) REFERENCES `municipios` (`id`) ON DELETE CASCADE ON UPDATE CASCADE,
  ADD CONSTRAINT `prensa_eventos_provincia_id_foreign` FOREIGN KEY (`provincia_id`) REFERENCES `provincias` (`id`) ON DELETE CASCADE ON UPDATE CASCADE;

--
-- Filtros para la tabla `prensa_evento_pelotaris`
--
ALTER TABLE `prensa_evento_pelotaris`
  ADD CONSTRAINT `prensa_evento_pelotaris_pelotari_id_foreign` FOREIGN KEY (`pelotari_id`) REFERENCES `pelotaris` (`id`) ON DELETE CASCADE ON UPDATE CASCADE,
  ADD CONSTRAINT `prensa_evento_pelotaris_prensa_evento_id_foreign` FOREIGN KEY (`prensa_evento_id`) REFERENCES `prensa_eventos` (`id`) ON DELETE CASCADE ON UPDATE CASCADE;

--
-- Filtros para la tabla `users`
--
ALTER TABLE `users`
  ADD CONSTRAINT `users_role_id_foreign` FOREIGN KEY (`role_id`) REFERENCES `roles` (`id`);

--
-- Filtros para la tabla `user_roles`
--
ALTER TABLE `user_roles`
  ADD CONSTRAINT `user_roles_role_id_foreign` FOREIGN KEY (`role_id`) REFERENCES `roles` (`id`) ON DELETE CASCADE,
  ADD CONSTRAINT `user_roles_user_id_foreign` FOREIGN KEY (`user_id`) REFERENCES `users` (`id`) ON DELETE CASCADE;
COMMIT;

/*!40101 SET CHARACTER_SET_CLIENT=@OLD_CHARACTER_SET_CLIENT */;
/*!40101 SET CHARACTER_SET_RESULTS=@OLD_CHARACTER_SET_RESULTS */;
/*!40101 SET COLLATION_CONNECTION=@OLD_COLLATION_CONNECTION */;
